frame,video_t,tele_t,status,servo_pwm,action_reason,pid_select,valid_couter,path_reason,command_applied,far_valid,source,final_pwm,candidate_pwm,width_source,bend_code,near_x,ref_y,near_a,far_a
0,0.0,27.517,ok,1427.0,1,0.0,712.0,0,1,1,0,1427,1427,2,0,6.8597259521484375,700.0,-0.027252040803432465,0.15840180218219757
1,0.033,27.551,ok,1428.0,1,0.0,713.0,0,1,1,0,1428,1428,2,0,7.83355712890625,700.0,-0.015208987519145012,0.15539011359214783
2,0.067,27.584,ok,1428.0,1,0.0,713.0,0,1,1,0,1428,1428,2,0,7.83355712890625,700.0,-0.015208987519145012,0.15539011359214783
3,0.1,27.617,ok,1428.0,1,0.0,713.0,0,1,1,0,1428,1428,2,0,7.83355712890625,700.0,-0.015208987519145012,0.15539011359214783
4,0.133,27.651,ok,1428.0,1,0.0,713.0,0,1,1,0,1428,1428,2,0,6.262687683105469,700.0,-0.029908008873462677,0.1614355742931366
5,0.167,27.684,ok,1428.0,1,0.0,713.0,0,1,1,0,1428,1428,2,0,6.262687683105469,700.0,-0.029908008873462677,0.1614355742931366
6,0.2,27.717,ok,1428.0,1,0.0,711.0,0,1,1,0,1428,1428,2,0,6.452079772949219,700.0,-0.029777944087982178,0.15992221236228943
7,0.233,27.751,ok,1428.0,1,0.0,711.0,0,1,1,0,1428,1428,2,0,6.452079772949219,700.0,-0.029777944087982178,0.15992221236228943
8,0.267,27.784,ok,1428.0,1,0.0,711.0,0,1,1,0,1428,1428,2,0,6.452079772949219,700.0,-0.029777944087982178,0.15992221236228943
9,0.3,27.817,ok,1427.0,1,0.0,710.0,0,1,1,0,1427,1427,2,0,8.336647033691406,700.0,-0.010750244371592999,0.15894919633865356
10,0.333,27.851,ok,1427.0,1,0.0,710.0,0,1,1,0,1427,1427,2,0,8.336647033691406,700.0,-0.010750244371592999,0.15894919633865356
11,0.367,27.884,ok,1428.0,1,0.0,712.0,0,1,1,0,1428,1428,2,0,7.76678466796875,700.0,-0.012813590466976166,0.1600779891014099
12,0.4,27.917,ok,1428.0,1,0.0,712.0,0,1,1,0,1428,1428,2,0,7.76678466796875,700.0,-0.012813590466976166,0.1600779891014099
13,0.433,27.951,ok,1428.0,1,0.0,712.0,0,1,1,0,1428,1428,2,0,7.76678466796875,700.0,-0.012813590466976166,0.1600779891014099
14,0.467,27.984,ok,1427.0,1,0.0,712.0,0,1,1,0,1427,1427,2,0,6.943550109863281,700.0,-0.027441401034593582,0.1579272449016571
15,0.5,28.017,ok,1427.0,1,0.0,712.0,0,1,1,0,1427,1427,2,0,6.943550109863281,700.0,-0.027441401034593582,0.1579272449016571
16,0.533,28.051,ok,1428.0,1,0.0,714.0,0,1,1,0,1428,1428,2,0,6.813789367675781,700.0,-0.031025998294353485,0.15949037671089172
17,0.567,28.084,ok,1428.0,1,0.0,714.0,0,1,1,0,1428,1428,2,0,6.813789367675781,700.0,-0.031025998294353485,0.15949037671089172
18,0.6,28.117,ok,1428.0,1,0.0,714.0,0,1,1,0,1428,1428,2,0,6.813789367675781,700.0,-0.031025998294353485,0.15949037671089172
19,0.633,28.151,ok,1428.0,1,0.0,711.0,0,1,1,0,1428,1428,2,0,6.6627197265625,700.0,-0.027756355702877045,0.15937528014183044
20,0.667,28.184,ok,1428.0,1,0.0,711.0,0,1,1,0,1428,1428,2,0,6.6627197265625,700.0,-0.027756355702877045,0.15937528014183044
21,0.7,28.217,ok,1429.0,1,0.0,712.0,0,1,1,0,1429,1429,2,0,5.985076904296875,700.0,-0.03253930062055588,0.16662496328353882
22,0.733,28.251,ok,1429.0,1,0.0,712.0,0,1,1,0,1429,1429,2,0,5.985076904296875,700.0,-0.03253930062055588,0.16662496328353882
23,0.767,28.284,ok,1429.0,1,0.0,712.0,0,1,1,0,1429,1429,2,0,5.985076904296875,700.0,-0.03253930062055588,0.16662496328353882
24,0.8,28.317,ok,1428.0,1,0.0,714.0,0,1,1,0,1428,1428,2,0,6.279876708984375,700.0,-0.03128774091601372,0.1598251760005951
25,0.833,28.351,ok,1428.0,1,0.0,714.0,0,1,1,0,1428,1428,2,0,6.279876708984375,700.0,-0.03128774091601372,0.1598251760005951
26,0.867,28.384,ok,1427.0,1,0.0,711.0,0,1,1,0,1427,1427,2,0,6.191291809082031,700.0,-0.028467299416661263,0.16158080101013184
27,0.9,28.417,ok,1427.0,1,0.0,711.0,0,1,1,0,1427,1427,2,0,6.191291809082031,700.0,-0.028467299416661263,0.16158080101013184
28,0.933,28.451,ok,1427.0,1,0.0,711.0,0,1,1,0,1427,1427,2,0,6.191291809082031,700.0,-0.028467299416661263,0.16158080101013184
29,0.967,28.484,ok,1429.0,1,0.0,712.0,0,1,1,0,1429,1429,2,0,7.21002197265625,700.0,-0.01689387485384941,0.16300514340400696
30,1.0,28.517,ok,1429.0,1,0.0,712.0,0,1,1,0,1429,1429,2,0,7.21002197265625,700.0,-0.01689387485384941,0.16300514340400696
31,1.033,28.551,ok,1427.0,1,0.0,712.0,0,1,1,0,1427,1427,2,0,8.213584899902344,700.0,-0.014948021620512009,0.16435186564922333
32,1.067,28.584,ok,1427.0,1,0.0,712.0,0,1,1,0,1427,1427,2,0,8.213584899902344,700.0,-0.014948021620512009,0.16435186564922333
33,1.1,28.617,ok,1427.0,1,0.0,712.0,0,1,1,0,1427,1427,2,0,8.213584899902344,700.0,-0.014948021620512009,0.16435186564922333
34,1.133,28.651,ok,1429.0,1,0.0,710.0,0,1,1,0,1429,1429,2,0,7.356422424316406,700.0,-0.016571801155805588,0.16549748182296753
35,1.167,28.684,ok,1429.0,1,0.0,710.0,0,1,1,0,1429,1429,2,0,7.356422424316406,700.0,-0.016571801155805588,0.16549748182296753
36,1.2,28.717,ok,1428.0,1,0.0,710.0,0,1,1,0,1428,1428,2,0,6.185356140136719,700.0,-0.030590251088142395,0.16272716224193573
37,1.233,28.751,ok,1428.0,1,0.0,710.0,0,1,1,0,1428,1428,2,0,6.185356140136719,700.0,-0.030590251088142395,0.16272716224193573
38,1.267,28.784,ok,1428.0,1,0.0,710.0,0,1,1,0,1428,1428,2,0,6.185356140136719,700.0,-0.030590251088142395,0.16272716224193573
39,1.3,28.817,ok,1428.0,1,0.0,712.0,0,1,1,0,1428,1428,2,0,8.483901977539062,700.0,-0.005634265951812267,0.16457650065422058
40,1.333,28.851,ok,1428.0,1,0.0,712.0,0,1,1,0,1428,1428,2,0,8.483901977539062,700.0,-0.005634265951812267,0.16457650065422058
41,1.367,28.884,ok,1428.0,1,0.0,712.0,0,1,1,0,1428,1428,2,0,7.7440338134765625,700.0,-0.019063686951994896,0.16290020942687988
42,1.4,28.917,ok,1428.0,1,0.0,712.0,0,1,1,0,1428,1428,2,0,7.7440338134765625,700.0,-0.019063686951994896,0.16290020942687988
43,1.433,28.951,ok,1428.0,1,0.0,712.0,0,1,1,0,1428,1428,2,0,7.7440338134765625,700.0,-0.019063686951994896,0.16290020942687988
44,1.467,28.984,ok,1427.0,1,0.0,714.0,0,1,1,0,1427,1427,2,0,7.493865966796875,700.0,-0.0196093562990427,0.15733930468559265
45,1.5,29.017,ok,1427.0,1,0.0,714.0,0,1,1,0,1427,1427,2,0,7.493865966796875,700.0,-0.0196093562990427,0.15733930468559265
46,1.533,29.051,ok,1428.0,1,0.0,712.0,0,1,1,0,1428,1428,2,0,8.381271362304688,700.0,-0.012992648407816887,0.16454535722732544
47,1.567,29.084,ok,1428.0,1,0.0,712.0,0,1,1,0,1428,1428,2,0,8.381271362304688,700.0,-0.012992648407816887,0.16454535722732544
48,1.6,29.117,ok,1428.0,1,0.0,712.0,0,1,1,0,1428,1428,2,0,8.381271362304688,700.0,-0.012992648407816887,0.16454535722732544
49,1.633,29.151,ok,1428.0,1,0.0,712.0,0,1,1,0,1428,1428,2,0,8.190818786621094,700.0,-0.012830066494643688,0.1589174121618271
50,1.667,29.184,ok,1428.0,1,0.0,712.0,0,1,1,0,1428,1428,2,0,8.190818786621094,700.0,-0.012830066494643688,0.1589174121618271
51,1.7,29.217,ok,1428.0,1,0.0,713.0,0,1,1,0,1428,1428,2,0,7.651054382324219,700.0,-0.01358931977301836,0.16053719818592072
52,1.733,29.251,ok,1428.0,1,0.0,713.0,0,1,1,0,1428,1428,2,0,7.651054382324219,700.0,-0.01358931977301836,0.16053719818592072
53,1.767,29.284,ok,1428.0,1,0.0,713.0,0,1,1,0,1428,1428,2,0,7.651054382324219,700.0,-0.01358931977301836,0.16053719818592072
54,1.8,29.317,ok,1428.0,1,0.0,713.0,0,1,1,0,1428,1428,2,0,7.540596008300781,700.0,-0.016101989895105362,0.16256652772426605
55,1.833,29.351,ok,1428.0,1,0.0,713.0,0,1,1,0,1428,1428,2,0,7.540596008300781,700.0,-0.016101989895105362,0.16256652772426605
56,1.867,29.384,ok,1428.0,1,0.0,713.0,0,1,1,0,1428,1428,2,0,7.986045837402344,700.0,-0.01602960377931595,0.15833932161331177
57,1.9,29.417,ok,1428.0,1,0.0,713.0,0,1,1,0,1428,1428,2,0,7.986045837402344,700.0,-0.01602960377931595,0.15833932161331177
58,1.933,29.451,ok,1428.0,1,0.0,713.0,0,1,1,0,1428,1428,2,0,7.986045837402344,700.0,-0.01602960377931595,0.15833932161331177
59,1.967,29.484,ok,1427.0,1,0.0,710.0,0,1,1,0,1427,1427,2,0,8.075920104980469,700.0,-0.011951553635299206,0.1636529564857483
60,2.0,29.517,ok,1427.0,1,0.0,710.0,0,1,1,0,1427,1427,2,0,8.075920104980469,700.0,-0.011951553635299206,0.1636529564857483
61,2.033,29.551,ok,1429.0,1,0.0,711.0,0,1,1,0,1429,1429,2,0,6.033805847167969,700.0,-0.03250676766037941,0.16409695148468018
62,2.067,29.584,ok,1429.0,1,0.0,711.0,0,1,1,0,1429,1429,2,0,6.033805847167969,700.0,-0.03250676766037941,0.16409695148468018
63,2.1,29.617,ok,1429.0,1,0.0,711.0,0,1,1,0,1429,1429,2,0,6.033805847167969,700.0,-0.03250676766037941,0.16409695148468018
64,2.133,29.651,ok,1427.0,1,0.0,714.0,0,1,1,0,1427,1427,2,0,8.197074890136719,700.0,-0.0070116836577653885,0.1595740020275116
65,2.167,29.684,ok,1427.0,1,0.0,714.0,0,1,1,0,1427,1427,2,0,8.197074890136719,700.0,-0.0070116836577653885,0.1595740020275116
66,2.2,29.717,ok,1429.0,1,0.0,714.0,0,1,1,0,1429,1429,2,0,7.272010803222656,700.0,-0.017970547080039978,0.16053873300552368
67,2.233,29.751,ok,1429.0,1,0.0,714.0,0,1,1,0,1429,1429,2,0,7.272010803222656,700.0,-0.017970547080039978,0.16053873300552368
68,2.267,29.784,ok,1429.0,1,0.0,714.0,0,1,1,0,1429,1429,2,0,7.272010803222656,700.0,-0.017970547080039978,0.16053873300552368
69,2.3,29.817,ok,1428.0,1,0.0,713.0,0,1,1,0,1428,1428,2,0,7.717857360839844,700.0,-0.018074078485369682,0.15548844635486603
70,2.333,29.851,ok,1428.0,1,0.0,713.0,0,1,1,0,1428,1428,2,0,7.717857360839844,700.0,-0.018074078485369682,0.15548844635486603
71,2.367,29.884,ok,1428.0,1,0.0,713.0,0,1,1,0,1428,1428,2,0,7.921638488769531,700.0,-0.01304278988391161,0.16072489321231842
72,2.4,29.917,ok,1428.0,1,0.0,713.0,0,1,1,0,1428,1428,2,0,7.921638488769531,700.0,-0.01304278988391161,0.16072489321231842
73,2.433,29.951,ok,1428.0,1,0.0,713.0,0,1,1,0,1428,1428,2,0,7.921638488769531,700.0,-0.01304278988391161,0.16072489321231842
74,2.467,29.984,ok,1427.0,1,0.0,716.0,0,1,1,0,1427,1427,2,0,7.761177062988281,700.0,-0.016196876764297485,0.15653976798057556
75,2.5,30.017,ok,1427.0,1,0.0,716.0,0,1,1,0,1427,1427,2,0,7.761177062988281,700.0,-0.016196876764297485,0.15653976798057556
76,2.533,30.051,ok,1428.0,1,0.0,708.0,0,1,1,0,1428,1428,2,0,7.885368347167969,700.0,-0.016268940642476082,0.16083234548568726
77,2.567,30.084,ok,1428.0,1,0.0,708.0,0,1,1,0,1428,1428,2,0,7.885368347167969,700.0,-0.016268940642476082,0.16083234548568726
78,2.6,30.117,ok,1428.0,1,0.0,708.0,0,1,1,0,1428,1428,2,0,7.885368347167969,700.0,-0.016268940642476082,0.16083234548568726
79,2.633,30.151,ok,1428.0,1,0.0,710.0,0,1,1,0,1428,1428,2,0,6.8312530517578125,700.0,-0.02907116711139679,0.1560225486755371
80,2.667,30.184,ok,1428.0,1,0.0,710.0,0,1,1,0,1428,1428,2,0,6.8312530517578125,700.0,-0.02907116711139679,0.1560225486755371
81,2.7,30.217,ok,1428.0,1,0.0,712.0,0,1,1,0,1428,1428,2,0,7.715362548828125,700.0,-0.015092797577381134,0.15770657360553741
82,2.733,30.251,ok,1428.0,1,0.0,712.0,0,1,1,0,1428,1428,2,0,7.715362548828125,700.0,-0.015092797577381134,0.15770657360553741
83,2.767,30.284,ok,1428.0,1,0.0,712.0,0,1,1,0,1428,1428,2,0,7.715362548828125,700.0,-0.015092797577381134,0.15770657360553741
84,2.8,30.317,ok,1428.0,1,0.0,712.0,0,1,1,0,1428,1428,2,0,7.581764221191406,700.0,-0.01469823531806469,0.16164878010749817
85,2.833,30.351,ok,1428.0,1,0.0,712.0,0,1,1,0,1428,1428,2,0,7.581764221191406,700.0,-0.01469823531806469,0.16164878010749817
86,2.867,30.384,ok,1429.0,1,0.0,708.0,0,1,1,0,1429,1429,2,0,7.620231628417969,700.0,-0.017273573204874992,0.16794659197330475
87,2.9,30.417,ok,1429.0,1,0.0,708.0,0,1,1,0,1429,1429,2,0,7.620231628417969,700.0,-0.017273573204874992,0.16794659197330475
88,2.933,30.451,ok,1429.0,1,0.0,708.0,0,1,1,0,1429,1429,2,0,7.620231628417969,700.0,-0.017273573204874992,0.16794659197330475
89,2.967,30.484,ok,1428.0,1,0.0,713.0,0,1,1,0,1428,1428,2,0,6.1924896240234375,700.0,-0.029901226982474327,0.16187745332717896
90,3.0,30.517,ok,1428.0,1,0.0,713.0,0,1,1,0,1428,1428,2,0,6.1924896240234375,700.0,-0.029901226982474327,0.16187745332717896
91,3.033,30.551,ok,1428.0,1,0.0,711.0,0,1,1,0,1428,1428,2,0,6.5594482421875,700.0,-0.03014545328915119,0.1588585376739502
92,3.067,30.584,ok,1428.0,1,0.0,711.0,0,1,1,0,1428,1428,2,0,6.5594482421875,700.0,-0.03014545328915119,0.1588585376739502
93,3.1,30.617,ok,1428.0,1,0.0,711.0,0,1,1,0,1428,1428,2,0,6.5594482421875,700.0,-0.03014545328915119,0.1588585376739502
94,3.133,30.651,ok,1427.0,1,0.0,713.0,0,1,1,0,1427,1427,2,0,6.5255126953125,700.0,-0.028254300355911255,0.16234001517295837
95,3.167,30.684,ok,1427.0,1,0.0,713.0,0,1,1,0,1427,1427,2,0,6.5255126953125,700.0,-0.028254300355911255,0.16234001517295837
96,3.2,30.717,ok,1429.0,1,0.0,710.0,0,1,1,0,1429,1429,2,0,7.711952209472656,700.0,-0.017480796203017235,0.1628004014492035
97,3.233,30.751,ok,1429.0,1,0.0,710.0,0,1,1,0,1429,1429,2,0,7.711952209472656,700.0,-0.017480796203017235,0.1628004014492035
98,3.267,30.784,ok,1429.0,1,0.0,710.0,0,1,1,0,1429,1429,2,0,7.711952209472656,700.0,-0.017480796203017235,0.1628004014492035
99,3.3,30.817,ok,1427.0,1,0.0,711.0,0,1,1,0,1427,1427,2,0,6.281013488769531,700.0,-0.028643909841775894,0.1629374921321869
100,3.333,30.851,ok,1427.0,1,0.0,711.0,0,1,1,0,1427,1427,2,0,6.281013488769531,700.0,-0.028643909841775894,0.1629374921321869
101,3.367,30.884,ok,1428.0,1,0.0,712.0,0,1,1,0,1428,1428,2,0,9.078330993652344,700.0,-0.0017221196321770549,0.16123412549495697
102,3.4,30.917,ok,1428.0,1,0.0,712.0,0,1,1,0,1428,1428,2,0,9.078330993652344,700.0,-0.0017221196321770549,0.16123412549495697
103,3.433,30.951,ok,1428.0,1,0.0,712.0,0,1,1,0,1428,1428,2,0,9.078330993652344,700.0,-0.0017221196321770549,0.16123412549495697
104,3.467,30.984,ok,1428.0,1,0.0,712.0,0,1,1,0,1428,1428,2,0,6.43902587890625,700.0,-0.029548771679401398,0.16178357601165771
105,3.5,31.017,ok,1428.0,1,0.0,712.0,0,1,1,0,1428,1428,2,0,6.43902587890625,700.0,-0.029548771679401398,0.16178357601165771
106,3.533,31.051,ok,1428.0,1,0.0,711.0,0,1,1,0,1428,1428,2,0,6.685203552246094,700.0,-0.028696147724986076,0.16270355880260468
107,3.567,31.084,ok,1428.0,1,0.0,711.0,0,1,1,0,1428,1428,2,0,6.685203552246094,700.0,-0.028696147724986076,0.16270355880260468
108,3.6,31.117,ok,1428.0,1,0.0,711.0,0,1,1,0,1428,1428,2,0,6.685203552246094,700.0,-0.028696147724986076,0.16270355880260468
109,3.633,31.151,ok,1429.0,1,0.0,713.0,0,1,1,0,1429,1429,2,0,6.188026428222656,700.0,-0.030177991837263107,0.16618883609771729
110,3.667,31.184,ok,1429.0,1,0.0,713.0,0,1,1,0,1429,1429,2,0,6.188026428222656,700.0,-0.030177991837263107,0.16618883609771729
111,3.7,31.217,ok,1427.0,1,0.0,711.0,0,1,1,0,1427,1427,2,0,6.545051574707031,700.0,-0.028636127710342407,0.1606263369321823
112,3.733,31.251,ok,1427.0,1,0.0,711.0,0,1,1,0,1427,1427,2,0,6.545051574707031,700.0,-0.028636127710342407,0.1606263369321823
113,3.767,31.284,ok,1427.0,1,0.0,711.0,0,1,1,0,1427,1427,2,0,6.545051574707031,700.0,-0.028636127710342407,0.1606263369321823
114,3.8,31.317,ok,1428.0,1,0.0,713.0,0,1,1,0,1428,1428,2,0,7.997932434082031,700.0,-0.012429135851562023,0.16504725813865662
115,3.833,31.351,ok,1428.0,1,0.0,713.0,0,1,1,0,1428,1428,2,0,7.997932434082031,700.0,-0.012429135851562023,0.16504725813865662
116,3.867,31.384,ok,1428.0,1,0.0,710.0,0,1,1,0,1428,1428,2,0,7.7912750244140625,700.0,-0.014169263653457165,0.1664203703403473
117,3.9,31.417,ok,1428.0,1,0.0,710.0,0,1,1,0,1428,1428,2,0,7.7912750244140625,700.0,-0.014169263653457165,0.1664203703403473
118,3.933,31.451,ok,1428.0,1,0.0,710.0,0,1,1,0,1428,1428,2,0,7.7912750244140625,700.0,-0.014169263653457165,0.1664203703403473
119,3.967,31.484,ok,1429.0,1,0.0,714.0,0,1,1,0,1429,1429,2,0,6.194038391113281,700.0,-0.029889587312936783,0.163305401802063
120,4.0,31.517,ok,1429.0,1,0.0,714.0,0,1,1,0,1429,1429,2,0,6.194038391113281,700.0,-0.029889587312936783,0.163305401802063
121,4.033,31.551,ok,1428.0,1,0.0,711.0,0,1,1,0,1428,1428,2,0,6.744102478027344,700.0,-0.030041957274079323,0.16385206580162048
122,4.067,31.584,ok,1428.0,1,0.0,711.0,0,1,1,0,1428,1428,2,0,6.744102478027344,700.0,-0.030041957274079323,0.16385206580162048
123,4.1,31.617,ok,1428.0,1,0.0,711.0,0,1,1,0,1428,1428,2,0,6.744102478027344,700.0,-0.030041957274079323,0.16385206580162048
124,4.133,31.651,ok,1428.0,1,0.0,711.0,0,1,1,0,1428,1428,2,0,6.744102478027344,700.0,-0.030041957274079323,0.16385206580162048
125,4.167,31.684,ok,1428.0,1,0.0,711.0,0,1,1,0,1428,1428,2,0,6.744102478027344,700.0,-0.030041957274079323,0.16385206580162048
126,4.2,31.717,ok,1428.0,1,0.0,711.0,0,1,1,0,1428,1428,2,0,6.744102478027344,700.0,-0.030041957274079323,0.16385206580162048
127,4.233,31.751,out_of_range,,,,,,,,,,,,,,,,
128,4.267,31.784,out_of_range,,,,,,,,,,,,,,,,
129,4.3,31.817,out_of_range,,,,,,,,,,,,,,,,
130,4.333,31.851,out_of_range,,,,,,,,,,,,,,,,
131,4.367,31.884,out_of_range,,,,,,,,,,,,,,,,
132,4.4,31.917,out_of_range,,,,,,,,,,,,,,,,
133,4.433,31.951,out_of_range,,,,,,,,,,,,,,,,
134,4.467,31.984,out_of_range,,,,,,,,,,,,,,,,
