session,tx_seq,host_t,schema,packets,bad_length,bad_tail,bad_angle,bad_speed,invalid_slots,high_reflect,discontinuities,scans,rejected,scan_overflow,ready_drop,epoch,rx_blocks,rx_peak,rx_late,copy_max_cycles,scan_seq,front_age_us,front_bins,left_bins,right_bins,clearance_mm,motor_permitted,effective_target_milli
2566431872,1,0.6719999999995707,1,75552,0,0,0,0,0,5,1,3147,0,0,0,1,23450,512,0,1404,3147,134564,77,121,121,1235,1,10000
2566431872,20,1.2029999999995198,1,75694,0,0,0,0,0,5,1,3153,0,0,0,1,23494,512,0,1404,3153,130045,79,121,121,1250,1,10000
2566431872,40,1.6089999999994689,1,75839,0,0,0,0,0,5,1,3159,0,0,0,1,23539,512,0,1404,3159,138036,77,121,121,1238,1,10000
2566431872,88,2.155999999999949,1,75984,0,0,0,0,0,5,1,3165,0,0,0,1,23584,512,0,1404,3165,134542,78,121,121,1238,1,10000
2566431872,109,2.6719999999995707,1,76125,0,0,0,0,0,5,1,3171,0,0,0,1,23628,512,0,1404,3171,130992,78,121,121,1235,1,10000
2566431872,128,3.20299999999952,1,76270,0,0,0,0,0,5,1,3177,0,0,0,1,23673,512,0,1404,3177,127446,77,121,121,1247,1,10000
2566431872,148,3.75,1,76416,0,0,0,0,0,5,1,3183,0,0,0,1,23718,512,0,1404,3183,135207,77,121,121,1236,1,10000
2566431872,167,4.296999999999571,1,76557,0,0,0,0,0,5,1,3189,0,0,0,1,23762,512,0,1404,3189,131725,77,121,121,1235,1,10000
2566431872,188,4.858999999999469,1,76702,0,0,0,0,0,5,1,3195,0,0,0,1,23807,512,0,1404,3195,128196,75,121,121,1236,1,10000
2566431872,207,4.858999999999469,1,76847,0,0,0,0,0,5,1,3201,0,0,0,1,23852,512,0,1404,3201,135831,77,121,121,1235,1,10000
2566431872,227,5.405999999999949,1,76992,0,0,0,0,0,5,1,3207,0,0,0,1,23897,512,0,1404,3207,132567,77,121,121,1250,1,10000
2566431872,246,6.015999999999622,1,77134,0,0,0,0,0,5,1,3213,0,0,0,1,23941,512,0,1404,3213,128789,76,121,121,1196,1,10000
2566431872,267,6.561999999999898,1,77279,0,0,0,0,0,5,1,3219,0,0,0,1,23986,512,0,1404,3219,136349,79,121,121,1247,1,10000
2566431872,286,7.140999999999622,1,77424,0,0,0,0,0,5,1,3225,0,0,0,1,24031,512,0,1404,3225,132748,77,121,121,1227,1,10000
2566431872,306,7.686999999999898,1,77566,0,0,0,0,0,5,1,3231,0,0,0,1,24075,512,0,1404,3231,129312,78,121,121,1196,1,10000
2566431872,325,8.265999999999622,1,77711,0,0,0,0,0,5,1,3237,0,0,0,1,24120,512,0,1404,3237,137126,79,121,121,1249,1,10000
2566431872,346,8.79699999999957,1,77856,0,0,0,0,0,5,1,3243,0,0,0,1,24165,512,0,1404,3243,133566,78,121,121,1246,1,10000
2566431872,365,8.79699999999957,1,77998,0,0,0,0,0,5,1,3249,0,0,0,1,24209,512,0,1404,3249,129972,79,121,121,1229,1,10000
2566431872,385,9.358999999999469,1,78143,0,0,0,0,0,5,1,3255,0,0,0,1,24254,512,0,1404,3255,138004,78,121,121,1250,1,10000
2566431872,404,9.905999999999949,1,78288,0,0,0,0,0,5,1,3261,0,0,0,1,24299,512,0,1404,3261,134395,79,121,121,1225,1,10000
2566431872,425,10.483999999999469,1,78429,0,0,0,0,0,5,1,3267,0,0,0,1,24343,512,0,1404,3267,130926,78,121,121,1235,1,10000
2566431872,444,11.265999999999622,1,78574,0,0,0,0,0,5,1,3273,0,0,0,1,24388,512,0,1404,3273,127382,78,121,121,1237,1,10000
2566431872,464,11.844000000000051,1,78719,0,0,0,0,0,5,1,3279,0,0,0,1,24433,512,0,1404,3279,134808,78,121,121,1237,1,10000
2566431872,483,11.844000000000051,1,78861,0,0,0,0,0,5,1,3285,0,0,0,1,24477,512,0,1404,3285,131390,78,121,121,1197,1,10000
2566431872,504,12.390999999999622,1,79006,0,0,0,0,0,5,1,3291,0,0,0,1,24522,512,0,1404,3291,128016,77,121,121,1225,1,10000
2566431872,523,12.95299999999952,1,79151,0,0,0,0,0,5,1,3297,0,0,0,1,24567,512,0,1404,3297,135493,79,121,121,1197,1,10000
2566431872,543,13.5,1,79296,0,0,0,0,0,5,1,3303,0,0,0,1,24612,512,0,1404,3303,132583,81,121,121,1226,1,10000
2566431872,562,14.07799999999952,1,79438,0,0,0,0,0,5,1,3309,0,0,0,1,24656,512,0,1404,3309,128578,79,121,121,1247,1,10000
2566431872,583,14.640999999999622,1,79583,0,0,0,0,0,5,1,3315,0,0,0,1,24701,512,0,1404,3315,136178,78,121,121,1226,1,10000
2566431872,602,15.20299999999952,1,79728,0,0,0,0,0,5,1,3321,0,0,0,1,24746,512,0,1404,3321,132586,78,121,121,1235,1,10000
2566431872,622,15.765999999999622,1,79870,0,0,0,0,0,5,1,3327,0,0,0,1,24790,512,0,1404,3327,129296,77,121,121,1197,1,10000
2566431872,641,16.29699999999957,1,80015,0,0,0,0,0,5,1,3333,0,0,0,1,24835,512,0,1404,3333,136899,78,121,121,1237,1,10000
2566431872,662,16.29699999999957,1,80160,0,0,0,0,0,5,1,3339,0,0,0,1,24880,512,0,1404,3339,133318,80,121,121,1226,1,10000
2566431872,681,16.875,1,80302,0,0,0,0,0,5,1,3345,0,0,0,1,24924,512,0,1404,3345,129840,79,121,121,1237,1,10000
2566431872,701,17.42199999999957,1,80447,0,0,0,0,0,5,1,3351,0,0,0,1,24969,512,0,1404,3351,137842,78,121,121,1206,1,10000
2566431872,720,17.98399999999947,1,80591,0,0,0,0,0,5,1,3357,0,0,0,1,25014,512,0,1404,3357,134308,79,121,121,1252,1,10000
2566431872,741,18.54699999999957,1,80733,0,0,0,0,0,5,1,3363,0,0,0,1,25058,512,0,1404,3363,130677,78,121,121,1224,1,10000
2566431872,760,19.10899999999947,1,80878,0,0,0,0,0,5,1,3369,0,0,0,1,25103,512,0,1404,3369,127120,77,121,121,1226,1,10000
2566431872,780,19.67199999999957,1,81023,0,0,0,0,0,5,1,3375,0,0,0,1,25148,512,0,1404,3375,134764,77,121,121,1236,1,10000
2566431872,799,20.25,1,81165,0,0,0,0,0,5,1,3381,0,0,0,1,25192,512,0,1404,3381,131296,77,121,121,1230,1,10000
2566431872,820,20.79699999999957,1,81310,0,0,0,0,0,5,1,3387,0,0,0,1,25237,512,0,1404,3387,127784,76,121,121,1430,1,10000
2566431872,839,20.79699999999957,1,81455,0,0,0,0,0,5,1,3393,0,0,0,1,25282,512,0,1404,3393,135236,77,121,121,1208,1,10000
2566431872,859,21.561999999999898,1,81597,0,0,0,0,0,5,1,3399,0,0,0,1,25326,512,0,1404,3399,131877,79,121,121,1238,1,10000
2566431872,878,22.09400000000005,1,81741,0,0,0,0,0,5,1,3405,0,0,0,1,25371,512,0,1404,3405,128191,78,121,121,1226,1,10000
2566431872,899,22.65599999999995,1,81887,0,0,0,0,0,5,1,3411,0,0,0,1,25416,512,0,1404,3411,136129,79,121,121,1199,1,10000
2566431872,918,23.23399999999947,1,82031,0,0,0,0,0,5,1,3417,0,0,0,1,25461,512,0,1404,3417,132616,79,121,121,1226,1,10000
2566431872,938,23.76599999999962,1,82173,0,0,0,0,0,5,1,3423,0,0,0,1,25505,512,0,1404,3423,129232,80,121,121,1247,1,10000
2566431872,957,24.23399999999947,1,82318,0,0,0,0,0,5,1,3429,0,0,0,1,25550,512,0,1404,3429,125549,78,121,121,1226,1,10000
2566431872,978,24.75,1,82463,0,0,0,0,0,5,1,3435,0,0,0,1,25595,512,0,1404,3435,133257,77,121,121,1253,1,10000
2566431872,997,25.32799999999952,1,82605,0,0,0,0,0,5,1,3441,0,0,0,1,25639,512,0,1404,3441,129717,76,121,121,1237,1,10000
2566431872,1017,25.32799999999952,1,82750,0,0,0,0,0,5,1,3447,0,0,0,1,25684,512,0,1404,3447,126281,77,121,121,1208,1,10000
2566431872,1036,25.85899999999947,1,82895,0,0,0,0,0,5,1,3453,0,0,0,1,25729,512,0,1404,3453,133782,78,121,121,1250,1,10000
2566431872,1057,26.42199999999957,1,83037,0,0,0,0,0,5,1,3459,0,0,0,1,25773,512,0,1404,3459,130284,76,121,121,1235,1,10000
2566431872,1076,27.0,1,83182,0,0,0,0,0,5,1,3465,0,0,0,1,25818,512,0,1404,3465,126685,77,121,121,1224,1,10000
2566431872,1096,27.561999999999898,1,83327,0,0,0,0,0,5,1,3471,0,0,0,1,25863,512,0,1404,3471,134428,78,121,121,1226,1,10000
2566431872,1115,28.125,1,83468,0,0,0,0,0,5,1,3477,0,0,0,1,25907,512,0,1404,3477,130798,77,121,121,1238,1,10000
2566431872,1136,28.686999999999898,1,83614,0,0,0,0,0,5,1,3483,0,0,0,1,25952,512,0,1404,3483,127447,78,121,121,1236,1,10000
2566431872,1155,29.26599999999962,1,83758,0,0,0,0,0,5,1,3489,0,0,0,1,25997,512,0,1404,3489,135298,77,121,121,1236,1,10000
2566431872,1175,29.79699999999957,1,83900,0,0,0,0,0,5,1,3495,0,0,0,1,26041,512,0,1404,3495,131880,77,121,121,1198,1,10000
2566431872,1194,29.79699999999957,1,84045,0,0,0,0,0,5,1,3501,0,0,0,1,26086,512,0,1404,3501,128331,78,121,121,1249,1,10000
2566431872,1215,30.35899999999947,1,84190,0,0,0,0,0,5,1,3507,0,0,0,1,26131,512,0,1404,3507,136014,79,121,121,1227,1,10000
2566431872,1234,30.90599999999995,1,84335,0,0,0,0,0,5,1,3513,0,0,0,1,26176,512,0,1404,3513,132512,75,121,121,1194,1,10000
2566431872,1254,31.48399999999947,1,84477,0,0,0,0,0,5,1,3519,0,0,0,1,26220,512,0,1404,3519,129003,78,121,121,1228,1,10000
2566431872,1273,31.98399999999947,1,84622,0,0,0,0,0,5,1,3525,0,0,0,1,26265,512,0,1404,3525,125392,77,121,121,1226,1,10000
