t,err,servo_pwm,pid_select,Midline.k,Midline.b,Forward.k,Forward.b,Forward_2.k,Forward_3.k,RIGHT_duandian,LEFT_duandian,paodao_distance,valid_couter,RIGHT_cnt,LEFT_cnt,Forward_cnt,Forward_cnt_2,Forward_cnt_3,Speed_now,Speed_mubiao,danbian_flag,state_left_cnt,state_right_cnt,state_left_cnt_2,state_right_cnt_2,zhongxian_chuizhi,version,session,tx_seq,control_seq,input_end_ms,control_end_ms,control_dt_us,valid_mask,updated_mask,clipped_mask,action_reason,motor_state,lidar_id,algorithm_id,param_revision,raw_count,radar_dps,segment,host_t
0.0,nan,1170.0,nan,0.805,4120.0,nan,nan,nan,nan,91.0,0.0,735.0,670.0,91.0,82.0,0.0,0.0,0.0,10.7,10.0,0.0,0.0,0.0,0.0,0.0,nan,2,328705300,2,913,79063,79083,89338,2113928730,2113928730,0,2,2,3,3,0,1674,4320,1,0.8599999999996726
0.078,nan,1170.0,nan,-0.306,3231.0,nan,nan,nan,nan,66.0,0.0,704.0,662.0,90.0,75.0,0.0,0.0,0.0,10.1,10.0,0.0,0.0,0.0,0.0,0.0,nan,2,328705300,5,914,79142,79161,78171,2113928730,2113928730,0,2,2,3,3,0,1664,4341,1,0.8599999999996726
0.167,-133.1,1392.0,1.0,-0.742,2860.0,nan,nan,nan,nan,158.0,0.0,655.0,662.0,87.0,72.0,0.0,0.0,0.0,10.1,10.0,0.0,0.0,0.0,0.0,0.0,nan,2,328705300,8,915,79232,79250,89612,2113928735,2113928735,0,1,2,3,3,0,1661,4326,1,0.8599999999996726
0.246,nan,1392.0,nan,0.129,76.0,nan,nan,nan,nan,0.0,0.0,638.0,641.0,81.0,65.0,0.0,0.0,0.0,10.3,10.0,0.0,0.0,0.0,0.0,0.0,nan,2,328705300,11,916,79310,79329,78237,2113928730,2147483162,0,2,2,3,3,0,1669,4302,1,0.8599999999996726
0.323,nan,1392.0,nan,0.46,3126.0,nan,nan,nan,nan,97.0,0.0,632.0,620.0,81.0,51.0,0.0,0.0,0.0,10.8,10.0,0.0,0.0,0.0,0.0,0.0,nan,2,328705300,14,917,79388,79406,77104,2113928730,2113928730,0,2,2,3,3,0,1675,4316,1,0.8599999999996726
0.41,-179.9,1373.0,1.0,-0.255,2844.0,nan,nan,nan,nan,262.0,0.0,632.0,578.0,85.0,47.0,0.0,0.0,0.0,10.8,10.0,0.0,0.0,0.0,0.0,0.0,nan,2,328705300,17,918,79477,79493,87746,2113928735,2113926687,0,1,2,3,3,0,1663,4340,1,0.8599999999996726
0.488,-186.9,1369.0,1.0,-0.246,2759.0,nan,nan,nan,nan,225.0,0.0,632.0,554.0,83.0,48.0,0.0,0.0,0.0,10.7,10.0,0.0,0.0,0.0,0.0,0.0,nan,2,328705300,21,919,79556,79571,77827,2113928735,2113926687,0,1,2,3,3,0,1664,4339,1,0.8599999999996726
0.578,-177.2,1377.0,1.0,-0.254,2673.0,nan,nan,nan,nan,334.0,0.0,632.0,543.0,80.0,52.0,0.0,0.0,0.0,10.3,10.0,0.0,0.0,0.0,0.0,0.0,nan,2,328705300,24,920,79645,79661,89435,2113928735,2113926687,0,1,2,3,3,0,1664,4326,1,1.4529999999995198
0.656,-201.2,1358.0,1.0,-0.219,2603.0,nan,nan,nan,nan,142.0,0.0,632.0,536.0,78.0,55.0,0.0,0.0,0.0,10.5,10.0,0.0,0.0,0.0,0.0,0.0,nan,2,328705300,27,921,79723,79739,77871,2113928735,2113926687,0,1,2,3,3,1,1664,4334,2,1.4529999999995198
0.745,-155.2,1395.0,1.0,-0.157,2553.0,nan,nan,nan,nan,249.0,0.0,632.0,540.0,79.0,58.0,0.0,0.0,0.0,9.1,10.0,0.0,0.0,0.0,0.0,0.0,nan,2,328705300,31,922,79813,79828,89654,2113928735,2113926687,0,1,2,3,3,1,1660,4371,2,1.4529999999995198
0.821,-206.7,1347.0,1.0,-0.168,2422.0,nan,nan,nan,nan,238.0,0.0,632.0,539.0,82.0,57.0,0.0,14.0,0.0,8.1,10.0,0.0,0.0,0.0,0.0,0.0,nan,2,328705300,34,923,79892,79904,76080,2113928735,2113926687,0,1,2,3,3,1,1689,4251,2,1.4529999999995198
0.914,-151.7,1398.0,1.0,-0.085,2465.0,nan,nan,nan,nan,312.0,0.0,632.0,541.0,79.0,63.0,0.0,0.0,0.0,8.2,10.0,0.0,0.0,0.0,0.0,0.0,nan,2,328705300,37,924,79981,79997,92279,2113928735,2113926687,0,1,2,3,3,1,1681,4305,2,1.4529999999995198
0.992,-148.6,1387.0,1.0,-0.438,2233.0,nan,nan,nan,nan,102.0,0.0,632.0,544.0,81.0,65.0,0.0,0.0,0.0,8.8,10.0,0.0,0.0,0.0,0.0,0.0,nan,2,328705300,42,925,80060,80075,78685,2113928735,2113926687,0,1,2,3,3,1,1675,4311,2,1.4529999999995198
1.082,nan,1387.0,nan,nan,nan,nan,nan,nan,nan,0.0,0.0,632.0,534.0,80.0,68.0,0.0,0.0,0.0,8.4,10.0,0.0,0.0,0.0,0.0,0.0,nan,2,328705300,45,926,80149,80165,89569,2113928706,2147481114,0,5,2,3,3,1,1667,4337,2,1.4529999999995198
1.16,nan,1387.0,nan,nan,nan,nan,nan,nan,nan,0.0,0.0,632.0,533.0,77.0,71.0,0.0,0.0,0.0,9.6,10.0,0.0,0.0,0.0,0.0,0.0,nan,2,328705300,48,927,80227,80243,78420,2113928706,2147481114,0,5,2,3,3,1,1664,4340,2,1.9219999999995707
1.238,nan,1387.0,nan,-0.632,1951.0,nan,nan,nan,nan,172.0,0.0,632.0,539.0,74.0,72.0,0.0,0.0,0.0,9.4,10.0,0.0,0.0,0.0,0.0,0.0,nan,2,328705300,71,928,80306,80321,78001,2113928730,2113926682,0,2,2,3,3,1,1660,4341,2,1.9219999999995707
1.328,nan,1387.0,nan,nan,nan,nan,nan,nan,nan,569.0,0.0,632.0,533.0,75.0,73.0,0.0,0.0,0.0,9.7,10.0,0.0,0.0,0.0,0.0,0.0,nan,2,328705300,82,929,80395,80411,89609,2113928706,2147481114,0,5,2,3,3,1,1662,4330,2,1.9219999999995707
1.406,nan,1387.0,nan,nan,nan,nan,nan,nan,nan,583.0,0.0,632.0,539.0,76.0,75.0,0.0,0.0,0.0,10.0,10.0,0.0,0.0,0.0,0.0,0.0,nan,2,328705300,88,930,80473,80489,78588,2113928706,2147481114,0,5,2,3,3,1,1666,4329,2,1.9219999999995707
1.496,274.4,1445.0,1.0,0.229,2237.0,nan,nan,nan,nan,103.0,0.0,632.0,540.0,78.0,76.0,0.0,0.0,0.0,10.2,10.0,0.0,0.0,0.0,0.0,0.0,nan,2,328705300,92,931,80563,80579,89107,2113928735,2113926687,0,1,2,3,3,1,1665,4329,2,1.9219999999995707
1.574,nan,1445.0,nan,nan,nan,nan,nan,nan,nan,0.0,0.0,632.0,539.0,76.0,78.0,0.0,0.0,0.0,9.9,10.0,0.0,0.0,0.0,0.0,0.0,nan,2,328705300,94,932,80641,80657,78767,2113928706,2147481114,0,5,2,3,3,1,1669,4319,2,1.9219999999995707
1.665,342.3,1445.0,1.0,0.999,2593.0,nan,nan,nan,nan,109.0,0.0,632.0,600.0,84.0,79.0,0.0,0.0,0.0,10.1,10.0,0.0,0.0,0.0,0.0,0.0,nan,2,328705300,98,933,80731,80748,90783,2113928735,2113926687,0,1,2,3,3,1,1668,4325,2,2.469000000000051
1.744,448.9,1445.0,1.0,0.971,2613.0,nan,nan,nan,nan,106.0,0.0,632.0,648.0,87.0,88.0,0.0,0.0,4.0,10.6,10.0,0.0,0.0,0.0,0.0,0.0,nan,2,328705300,101,934,80809,80827,79101,2113928735,2113926687,0,1,2,3,3,1,1667,4319,2,2.469000000000051
1.832,411.2,1445.0,1.0,1.323,2829.0,nan,nan,nan,nan,519.0,0.0,632.0,623.0,84.0,83.0,0.0,0.0,5.0,10.6,10.0,0.0,0.0,0.0,0.0,0.0,nan,2,328705300,104,935,80898,80915,87993,2113928735,2113926687,0,1,2,3,3,1,1669,4321,2,2.469000000000051
1.91,429.2,1445.0,1.0,1.359,2908.0,nan,nan,nan,nan,98.0,0.0,632.0,592.0,83.0,85.0,0.0,0.0,5.0,10.8,10.0,0.0,0.0,0.0,0.0,0.0,nan,2,328705300,107,936,80977,80993,77791,2113928735,2113926687,0,1,2,3,3,1,1668,4311,2,2.469000000000051
1.999,434.2,1445.0,1.0,1.344,2933.0,nan,nan,nan,nan,420.0,0.0,632.0,595.0,80.0,86.0,0.0,0.0,6.0,12.9,10.0,0.0,0.0,0.0,0.0,0.0,nan,2,328705300,112,937,81067,81082,89537,2113928735,2113926687,0,1,2,3,3,1,1671,4327,2,2.469000000000051
2.078,402.2,1445.0,1.0,1.436,2953.0,nan,nan,nan,nan,537.0,0.0,632.0,597.0,86.0,86.0,0.0,0.0,6.0,12.1,10.0,0.0,0.0,0.0,0.0,0.0,nan,2,328705300,115,938,81145,81161,78246,2113928735,2113926687,0,1,2,3,3,1,1676,4295,2,2.469000000000051
2.156,304.7,1445.0,1.0,1.804,3543.0,nan,nan,nan,nan,539.0,0.0,632.0,579.0,83.0,80.0,0.0,0.0,7.0,11.3,10.0,0.0,0.0,0.0,0.0,0.0,nan,2,328705300,118,939,81224,81239,77911,2113928735,2113926687,0,1,2,3,3,1,1675,4307,2,3.094000000000051
2.245,304.4,1445.0,1.0,1.305,3376.0,nan,nan,nan,nan,77.0,0.0,632.0,582.0,87.0,77.0,0.0,0.0,6.0,10.9,10.0,0.0,0.0,0.0,0.0,0.0,nan,2,328705300,121,940,81313,81328,89533,2113928735,2113926687,0,1,2,3,3,1,1674,4311,2,3.094000000000051
2.324,324.6,1445.0,1.0,0.611,2976.0,nan,nan,nan,nan,79.0,0.0,632.0,584.0,90.0,79.0,0.0,0.0,6.0,10.5,10.0,0.0,0.0,0.0,0.0,0.0,nan,2,328705300,124,941,81391,81407,78444,2113928735,2113926687,0,1,2,3,3,1,1669,4326,2,3.094000000000051
2.413,324.6,1445.0,1.0,0.132,2519.0,nan,nan,nan,nan,517.0,0.0,632.0,581.0,88.0,77.0,0.0,0.0,6.0,10.5,10.0,0.0,0.0,0.0,0.0,0.0,nan,2,328705300,127,942,81481,81496,89582,2113928735,2113926687,0,1,2,3,3,1,1667,4324,2,3.094000000000051
2.491,313.3,1445.0,1.0,0.162,2594.0,nan,nan,nan,nan,98.0,0.0,632.0,577.0,89.0,79.0,0.0,0.0,6.0,10.4,10.0,0.0,0.0,0.0,0.0,0.0,nan,2,328705300,131,943,81559,81574,78026,2113928735,2113926687,0,1,2,3,3,1,1667,4320,2,3.094000000000051
2.582,nan,1445.0,nan,nan,nan,nan,nan,nan,nan,644.0,0.0,632.0,585.0,89.0,79.0,0.0,0.0,6.0,10.2,10.0,0.0,0.0,0.0,0.0,0.0,nan,2,328705300,134,944,81649,81665,90701,2113928706,2147481114,0,5,2,3,3,1,1670,4317,2,3.094000000000051
2.659,341.8,1445.0,1.0,1.776,3076.0,nan,nan,nan,nan,527.0,0.0,632.0,574.0,86.0,83.0,0.0,0.0,6.0,10.0,10.0,0.0,0.0,0.0,0.0,0.0,nan,2,328705300,137,945,81727,81742,77124,2113928735,2113926687,0,1,2,3,3,1,1666,4330,2,3.094000000000051
2.748,320.8,1445.0,1.0,1.547,2991.0,nan,nan,nan,nan,524.0,0.0,632.0,546.0,85.0,78.0,0.0,0.0,7.0,10.3,10.0,0.0,0.0,0.0,0.0,0.0,nan,2,328705300,140,946,81816,81831,88767,2113928735,2113926687,0,1,2,3,3,1,1664,4334,2,3.094000000000051
2.826,399.9,1445.0,1.0,1.702,3108.0,nan,nan,nan,nan,158.0,0.0,632.0,556.0,86.0,85.0,0.0,0.0,7.0,10.1,10.0,0.0,0.0,0.0,0.0,0.0,nan,2,328705300,143,947,81895,81909,78661,2113928735,2113926687,0,1,2,3,3,1,1666,4316,2,3.4849999999996726
2.916,334.0,1445.0,1.0,1.673,3139.0,nan,nan,nan,nan,202.0,0.0,632.0,574.0,84.0,82.0,0.0,0.0,5.0,10.1,10.0,0.0,0.0,0.0,0.0,0.0,nan,2,328705300,146,948,81984,81999,89962,2113928735,2113926687,0,1,2,3,3,1,1672,4317,2,3.4849999999996726
2.996,326.0,1445.0,1.0,-0.283,2534.0,nan,nan,nan,nan,222.0,0.0,632.0,588.0,87.0,83.0,0.0,0.0,2.0,10.0,10.0,0.0,0.0,0.0,0.0,0.0,nan,2,328705300,151,949,82062,82079,79572,2113928735,2113926687,0,1,2,3,3,1,1666,4335,2,3.4849999999996726
3.06,nan,1445.0,nan,nan,nan,nan,nan,nan,nan,nan,nan,nan,564.0,nan,nan,nan,nan,nan,9.8,10.0,nan,nan,nan,nan,nan,nan,2,328705300,154,950,82141,82143,63852,2081165314,2081165314,0,5,2,3,3,1,1663,4342,2,3.4849999999996726
3.166,nan,1445.0,nan,nan,nan,-0.621,1516.0,nan,nan,556.0,0.0,632.0,550.0,67.0,81.0,20.0,5.0,18.0,10.2,10.0,0.0,0.0,0.0,0.0,0.0,nan,2,328705300,157,951,82230,82249,106384,2113928802,2147481210,0,5,2,3,3,1,1662,4342,2,4.063000000000102
3.239,nan,1445.0,nan,nan,nan,nan,nan,nan,nan,0.0,0.0,632.0,572.0,74.0,87.0,0.0,0.0,18.0,9.8,10.0,0.0,0.0,0.0,0.0,0.0,nan,2,328705300,160,952,82309,82322,72688,2113928706,2147481114,0,5,2,3,3,1,1666,4316,2,4.063000000000102
3.33,nan,1445.0,nan,nan,nan,nan,nan,nan,nan,0.0,0.0,632.0,567.0,72.0,76.0,0.0,0.0,10.0,10.0,10.0,0.0,0.0,0.0,0.0,0.0,nan,2,328705300,163,953,82398,82413,91336,2113928706,2147481114,0,5,2,3,3,1,1676,4295,2,4.063000000000102
3.409,nan,1445.0,nan,nan,nan,nan,nan,nan,nan,0.0,0.0,632.0,561.0,61.0,75.0,0.0,0.0,5.0,10.0,10.0,0.0,0.0,0.0,0.0,0.0,nan,2,328705300,166,954,82477,82492,78894,2113928706,2147481114,0,5,2,3,3,1,1679,4300,2,4.063000000000102
3.5,nan,1445.0,nan,nan,nan,nan,nan,nan,nan,0.0,0.0,632.0,561.0,50.0,76.0,0.0,0.0,0.0,10.2,10.0,0.0,0.0,0.0,0.0,0.0,nan,2,328705300,171,955,82566,82583,90732,2113928706,2147481114,0,5,2,3,3,1,1673,4320,2,4.063000000000102
3.579,nan,1445.0,nan,nan,nan,nan,nan,nan,nan,0.0,0.0,632.0,582.0,43.0,81.0,0.0,0.0,0.0,10.0,10.0,0.0,0.0,0.0,0.0,0.0,nan,2,328705300,174,956,82644,82662,78717,2113928706,2147481114,0,5,2,3,3,1,1667,4325,2,4.063000000000102
3.679,nan,1445.0,nan,nan,nan,nan,nan,nan,nan,0.0,0.0,632.0,545.0,21.0,70.0,0.0,0.0,0.0,8.4,10.0,0.0,0.0,0.0,0.0,0.0,nan,2,328705300,177,957,82734,82762,100274,2113928706,2147481114,0,5,2,3,3,1,1668,4315,2,4.063000000000102
3.756,nan,1445.0,nan,nan,nan,nan,nan,nan,nan,0.0,0.0,632.0,522.0,12.0,60.0,0.0,0.0,0.0,6.8,10.0,0.0,0.0,0.0,0.0,0.0,nan,2,328705300,180,958,82813,82839,77465,2113928706,2147481114,0,5,2,3,3,1,1674,4306,2,4.655999999999949
3.82,nan,1445.0,nan,nan,nan,nan,nan,nan,nan,nan,nan,nan,499.0,nan,nan,nan,nan,nan,5.2,10.0,nan,nan,nan,nan,nan,nan,2,328705300,183,959,82902,82903,64015,2081165314,2081165314,0,5,2,3,3,1,1674,4320,2,4.655999999999949
3.899,nan,1445.0,nan,nan,nan,nan,nan,nan,nan,nan,nan,nan,525.0,nan,nan,nan,nan,nan,3.6,10.0,nan,nan,nan,nan,nan,nan,2,328705300,186,960,82980,82982,78449,2081165314,2081165314,0,5,2,3,3,1,1666,4334,2,4.655999999999949
3.988,nan,1445.0,nan,nan,nan,nan,nan,nan,nan,nan,nan,nan,553.0,nan,nan,nan,nan,nan,2.0,10.0,nan,nan,nan,nan,nan,nan,2,328705300,191,961,83070,83071,89672,2081165314,2081165314,0,5,2,3,3,1,1660,4351,2,4.655999999999949
4.066,nan,1445.0,nan,nan,nan,nan,nan,nan,nan,nan,nan,nan,545.0,nan,nan,nan,nan,nan,0.4,10.0,nan,nan,nan,nan,nan,nan,2,328705300,194,962,83148,83149,77922,2081165314,2081165314,0,5,2,3,3,1,1657,4341,2,4.655999999999949
4.145,nan,1445.0,nan,nan,nan,nan,nan,nan,nan,nan,nan,nan,530.0,nan,nan,nan,nan,nan,0.0,10.0,nan,nan,nan,nan,nan,nan,2,328705300,197,963,83226,83228,78489,2081165314,2081165314,0,5,2,3,3,1,1663,4330,2,4.655999999999949
4.234,nan,1445.0,nan,nan,nan,nan,nan,nan,nan,nan,nan,nan,493.0,nan,nan,nan,nan,nan,0.0,10.0,nan,nan,nan,nan,nan,nan,2,328705300,200,964,83316,83317,89381,2081165314,2081165314,0,5,2,3,3,1,1659,4355,2,4.655999999999949
4.313,nan,1445.0,nan,nan,nan,nan,nan,nan,nan,nan,nan,nan,456.0,nan,nan,nan,nan,nan,0.0,10.0,nan,nan,nan,nan,nan,nan,2,328705300,203,965,83394,83396,78369,2081165314,2081165314,0,5,2,3,3,1,1656,4352,2,5.265999999999622
4.402,nan,1445.0,nan,nan,nan,nan,nan,nan,nan,nan,nan,nan,471.0,nan,nan,nan,nan,nan,0.0,10.0,nan,nan,nan,nan,nan,nan,2,328705300,206,966,83483,83485,89090,2081165314,2081165314,0,5,2,3,3,1,1658,4346,2,5.265999999999622
4.48,nan,1445.0,nan,nan,nan,nan,nan,nan,nan,nan,nan,nan,477.0,nan,nan,nan,nan,nan,0.0,10.0,nan,nan,nan,nan,nan,nan,2,328705300,210,967,83562,83563,78362,2081165314,2081165314,0,5,2,3,3,1,1662,4336,2,5.265999999999622
4.559,nan,1445.0,nan,nan,nan,nan,nan,nan,nan,nan,nan,nan,489.0,nan,nan,nan,nan,nan,0.0,10.0,nan,nan,nan,nan,nan,nan,2,328705300,213,968,83640,83642,78524,2081165314,2081165314,0,5,2,3,3,1,1660,4350,2,5.265999999999622
4.648,nan,1445.0,nan,nan,nan,nan,nan,nan,nan,nan,nan,nan,507.0,nan,nan,nan,nan,nan,0.0,10.0,nan,nan,nan,nan,nan,nan,2,328705300,216,969,83730,83731,89651,2081165314,2081165314,0,5,2,3,3,1,1658,4307,2,5.265999999999622
4.727,nan,1445.0,nan,nan,nan,nan,nan,nan,nan,nan,nan,nan,523.0,nan,nan,nan,nan,nan,0.0,10.0,nan,nan,nan,nan,nan,nan,2,328705300,219,970,83808,83810,78337,2081165314,2081165314,0,5,2,3,3,1,1682,4280,2,5.265999999999622
4.816,nan,1445.0,nan,nan,nan,nan,nan,nan,nan,nan,nan,nan,524.0,nan,nan,nan,nan,nan,0.0,10.0,nan,nan,nan,nan,nan,nan,2,328705300,222,971,83897,83899,89414,2081165314,2081165314,0,5,2,3,3,1,1687,4275,2,5.265999999999622
4.895,nan,1445.0,nan,nan,nan,nan,nan,nan,nan,nan,nan,nan,534.0,nan,nan,nan,nan,nan,0.0,10.0,nan,nan,nan,nan,nan,nan,2,328705300,225,972,83976,83978,78584,2081165314,2081165314,0,5,2,3,3,1,1678,4324,2,5.265999999999622
4.984,nan,1445.0,nan,nan,nan,nan,nan,nan,nan,nan,nan,nan,527.0,nan,nan,nan,nan,nan,0.0,10.0,nan,nan,nan,nan,nan,nan,2,328705300,230,973,84065,84067,89359,2081165314,2081165314,0,5,2,3,3,1,1658,4360,2,5.813000000000102
5.062,nan,1445.0,nan,nan,nan,nan,nan,nan,nan,nan,nan,nan,535.0,nan,nan,nan,nan,nan,0.0,10.0,nan,nan,nan,nan,nan,nan,2,328705300,233,974,84144,84145,78134,2081165314,2081165314,0,5,2,3,3,1,1660,4320,2,5.813000000000102
5.152,nan,1445.0,nan,nan,nan,nan,nan,nan,nan,nan,nan,nan,534.0,nan,nan,nan,nan,nan,0.0,10.0,nan,nan,nan,nan,nan,nan,2,328705300,236,975,84233,84235,89877,2081165314,2081165314,0,5,2,3,3,1,1681,4272,2,5.813000000000102
5.23,nan,1445.0,nan,nan,nan,nan,nan,nan,nan,nan,nan,nan,519.0,nan,nan,nan,nan,nan,0.0,10.0,nan,nan,nan,nan,nan,nan,2,328705300,239,976,84312,84313,78094,2081165314,2081165314,0,5,2,3,3,1,1678,4330,2,5.813000000000102
5.319,nan,1445.0,nan,nan,nan,nan,nan,nan,nan,nan,nan,nan,528.0,nan,nan,nan,nan,nan,0.0,10.0,nan,nan,nan,nan,nan,nan,2,328705300,242,977,84401,84402,89366,2081165314,2081165314,0,5,2,3,3,1,1657,4364,2,5.813000000000102
5.398,nan,1445.0,nan,nan,nan,nan,nan,nan,nan,nan,nan,nan,528.0,nan,nan,nan,nan,nan,0.0,10.0,nan,nan,nan,nan,nan,nan,2,328705300,245,978,84479,84481,78382,2081165314,2081165314,0,5,2,3,3,1,1653,4346,2,5.813000000000102
5.476,nan,1445.0,nan,nan,nan,nan,nan,nan,nan,nan,nan,nan,510.0,nan,nan,nan,nan,nan,0.0,10.0,nan,nan,nan,nan,nan,nan,2,328705300,249,979,84558,84559,78531,2081165314,2081165314,0,5,2,3,3,1,1661,4331,2,5.813000000000102
5.565,nan,1445.0,nan,nan,nan,nan,nan,nan,nan,nan,nan,nan,486.0,nan,nan,nan,nan,nan,0.0,10.0,nan,nan,nan,nan,nan,nan,2,328705300,253,980,84647,84648,89098,2081165314,2081165314,0,5,2,3,3,1,1667,4315,2,6.469000000000051
5.644,nan,1445.0,nan,nan,nan,nan,nan,nan,nan,nan,nan,nan,485.0,nan,nan,nan,nan,nan,0.0,10.0,nan,nan,nan,nan,nan,nan,2,328705300,256,981,84725,84727,78515,2081165314,2081165314,0,5,2,3,3,1,1669,4321,2,6.469000000000051
5.734,nan,1445.0,nan,nan,nan,nan,nan,nan,nan,nan,nan,nan,479.0,nan,nan,nan,nan,nan,0.0,10.0,nan,nan,nan,nan,nan,nan,2,328705300,259,982,84815,84817,89545,2081165314,2081165314,0,5,2,3,3,1,1665,4334,2,6.469000000000051
5.812,nan,1445.0,nan,nan,nan,nan,nan,nan,nan,nan,nan,nan,525.0,nan,nan,nan,nan,nan,0.0,10.0,nan,nan,nan,nan,nan,nan,2,328705300,262,983,84893,84895,78199,2081165314,2081165314,0,5,2,3,3,1,1664,4326,2,6.469000000000051
5.902,nan,1445.0,nan,nan,nan,nan,nan,nan,nan,nan,nan,nan,552.0,nan,nan,nan,nan,nan,0.0,10.0,nan,nan,nan,nan,nan,nan,2,328705300,265,984,84983,84985,89852,2081165314,2081165314,0,5,2,3,3,1,1673,4290,2,6.469000000000051
5.98,nan,1445.0,nan,nan,nan,nan,nan,nan,nan,nan,nan,nan,559.0,nan,nan,nan,nan,nan,0.0,10.0,nan,nan,nan,nan,nan,nan,2,328705300,270,985,85061,85063,78314,2081165314,2081165314,0,5,2,3,3,1,1684,4290,2,6.469000000000051
6.069,nan,1445.0,nan,nan,nan,nan,nan,nan,nan,nan,nan,nan,562.0,nan,nan,nan,nan,nan,0.0,10.0,nan,nan,nan,nan,nan,nan,2,328705300,273,986,85151,85152,89621,2081165314,2081165314,0,5,2,3,3,1,1675,4321,2,6.469000000000051
6.148,nan,1445.0,nan,nan,nan,nan,nan,nan,nan,nan,nan,nan,549.0,nan,nan,nan,nan,nan,0.0,10.0,nan,nan,nan,nan,nan,nan,2,328705300,276,987,85229,85231,78423,2081165314,2081165314,0,5,2,3,3,1,1664,4349,2,7.046999999999571
6.237,nan,1445.0,nan,nan,nan,nan,nan,nan,nan,nan,nan,nan,550.0,nan,nan,nan,nan,nan,0.0,10.0,nan,nan,nan,nan,nan,nan,2,328705300,279,988,85318,85320,89202,2081165314,2081165314,0,5,2,3,3,1,1664,4320,2,7.046999999999571
6.316,nan,1445.0,nan,nan,nan,nan,nan,nan,nan,nan,nan,nan,613.0,nan,nan,nan,nan,nan,0.0,10.0,nan,nan,nan,nan,nan,nan,2,328705300,282,989,85397,85399,78707,2081165314,2081165314,0,5,2,3,3,1,1672,4315,2,7.046999999999571
6.406,nan,1445.0,nan,nan,nan,nan,nan,nan,nan,nan,nan,nan,624.0,nan,nan,nan,nan,nan,0.0,10.0,nan,nan,nan,nan,nan,nan,2,328705300,285,990,85487,85489,89796,2081165314,2081165314,0,5,2,3,3,1,1672,4322,2,7.046999999999571
6.484,nan,1445.0,nan,nan,nan,nan,nan,nan,nan,nan,nan,nan,612.0,nan,nan,nan,nan,nan,0.0,10.0,nan,nan,nan,nan,nan,nan,2,328705300,289,991,85565,85567,77912,2081165314,2081165314,0,5,2,3,3,1,1668,4322,2,7.046999999999571
6.562,nan,1445.0,nan,nan,nan,nan,nan,nan,nan,nan,nan,nan,624.0,nan,nan,nan,nan,nan,0.0,10.0,nan,nan,nan,nan,nan,nan,2,328705300,292,992,85643,85645,78653,2081165314,2081165314,0,5,2,3,3,1,1670,4319,2,7.046999999999571
6.668,nan,1445.0,nan,nan,nan,nan,nan,nan,nan,0.0,0.0,632.0,633.0,8.0,55.0,0.0,0.0,0.0,0.0,10.0,0.0,0.0,0.0,0.0,0.0,nan,2,328705300,295,993,85733,85751,105646,2113928706,2147481114,0,5,2,3,3,1,1673,4310,2,7.046999999999571
6.73,nan,1445.0,nan,nan,nan,nan,nan,nan,nan,nan,nan,nan,634.0,nan,nan,nan,nan,nan,0.0,10.0,nan,nan,nan,nan,nan,nan,2,328705300,298,994,85811,85813,62209,2081165314,2081165314,0,5,2,3,3,1,1672,4321,2,7.469000000000051
6.845,nan,1445.0,nan,nan,nan,nan,nan,nan,nan,0.0,0.0,632.0,538.0,10.0,58.0,0.0,0.0,0.0,0.0,10.0,0.0,0.0,0.0,0.0,0.0,nan,2,328705300,301,995,85901,85928,115119,2113928706,2147481114,0,5,2,3,3,1,1667,4330,2,7.469000000000051
6.897,nan,1445.0,nan,nan,nan,nan,nan,nan,nan,nan,nan,nan,533.0,nan,nan,nan,nan,nan,0.0,10.0,nan,nan,nan,nan,nan,nan,2,328705300,304,996,85979,85980,52205,2081165314,2081165314,0,5,2,3,3,1,1666,4324,2,7.469000000000051
6.987,nan,1445.0,nan,nan,nan,nan,nan,nan,nan,nan,nan,nan,630.0,nan,nan,nan,nan,nan,0.0,10.0,nan,nan,nan,nan,nan,nan,2,328705300,309,997,86068,86070,89841,2081165314,2081165314,0,5,2,3,3,1,1666,4340,2,7.469000000000051
7.066,nan,1445.0,nan,nan,nan,nan,nan,nan,nan,nan,nan,nan,635.0,nan,nan,nan,nan,nan,0.0,10.0,nan,nan,nan,nan,nan,nan,2,328705300,312,998,86147,86149,78590,2081165314,2081165314,0,5,2,3,3,1,1664,4326,2,7.469000000000051
7.155,nan,1445.0,nan,nan,nan,nan,nan,nan,nan,nan,nan,nan,549.0,nan,nan,nan,nan,nan,0.0,10.0,nan,nan,nan,nan,nan,nan,2,328705300,315,999,86236,86238,89087,2081165314,2081165314,0,5,2,3,3,1,1673,4297,2,8.07799999999952
7.234,nan,1445.0,nan,nan,nan,nan,nan,nan,nan,nan,nan,nan,569.0,nan,nan,nan,nan,nan,0.0,10.0,nan,nan,nan,nan,nan,nan,2,328705300,318,1000,86315,86317,78770,2081165314,2081165314,0,5,2,3,3,1,1681,4280,2,8.07799999999952
7.323,nan,1445.0,nan,nan,nan,nan,nan,nan,nan,nan,nan,nan,573.0,nan,nan,nan,nan,nan,0.0,10.0,nan,nan,nan,nan,nan,nan,2,328705300,322,1001,86404,86406,89401,2081165314,2081165314,0,5,2,3,3,1,1686,4296,2,8.07799999999952
7.402,nan,1445.0,nan,nan,nan,nan,nan,nan,nan,nan,nan,nan,580.0,nan,nan,nan,nan,nan,0.0,10.0,nan,nan,nan,nan,nan,nan,2,328705300,325,1002,86483,86485,78517,2081165314,2081165314,0,5,2,3,3,1,1672,4332,2,8.07799999999952
7.491,nan,1445.0,nan,nan,nan,nan,nan,nan,nan,nan,nan,nan,567.0,nan,nan,nan,nan,nan,0.0,10.0,nan,nan,nan,nan,nan,nan,2,328705300,329,1003,86572,86574,89439,2081165314,2081165314,0,5,2,3,3,1,1658,4368,2,8.07799999999952
7.597,nan,1445.0,nan,nan,nan,nan,nan,nan,nan,0.0,0.0,632.0,583.0,3.0,35.0,0.0,0.0,0.0,0.0,10.0,0.0,0.0,0.0,0.0,0.0,nan,2,328705300,332,1004,86650,86680,105843,2113928706,2147481114,0,5,2,3,3,1,1654,4341,2,8.07799999999952
7.676,nan,1445.0,nan,nan,nan,nan,nan,nan,nan,0.0,0.0,632.0,595.0,2.0,41.0,0.0,0.0,0.0,0.0,10.0,0.0,0.0,0.0,0.0,0.0,nan,2,328705300,335,1005,86729,86759,79204,2113928706,2147481114,0,5,2,3,3,1,1670,4301,2,8.07799999999952
7.765,nan,1445.0,nan,nan,nan,nan,nan,nan,nan,0.0,0.0,632.0,590.0,3.0,37.0,0.0,0.0,0.0,0.0,10.0,0.0,0.0,0.0,0.0,0.0,nan,2,328705300,338,1006,86818,86848,89092,2113928706,2147481114,0,5,2,3,3,1,1681,4279,2,8.469000000000051
7.843,nan,1445.0,nan,nan,nan,nan,nan,nan,nan,0.0,0.0,632.0,583.0,4.0,32.0,0.0,0.0,0.0,0.0,10.0,0.0,0.0,0.0,0.0,0.0,nan,2,328705300,341,1007,86897,86926,78228,2113928706,2147481114,0,5,2,3,3,1,1679,4307,2,8.469000000000051
7.934,nan,1445.0,nan,nan,nan,nan,nan,nan,nan,0.0,0.0,632.0,593.0,5.0,31.0,0.0,0.0,0.0,0.0,10.0,0.0,0.0,0.0,0.0,0.0,nan,2,328705300,344,1008,86987,87017,90130,2113928706,2147481114,0,5,2,3,3,1,1670,4329,2,8.469000000000051
8.013,nan,1445.0,nan,nan,nan,nan,nan,nan,nan,0.0,0.0,632.0,625.0,5.0,45.0,0.0,0.0,0.0,0.0,10.0,0.0,0.0,0.0,0.0,0.0,nan,2,328705300,349,1009,87065,87096,79874,2113928706,2147481114,0,5,2,3,3,1,1664,4334,2,8.469000000000051
8.104,nan,1445.0,nan,nan,nan,nan,nan,nan,nan,0.0,0.0,632.0,651.0,6.0,54.0,0.0,0.0,0.0,0.0,10.0,0.0,0.0,0.0,0.0,0.0,nan,2,328705300,352,1010,87154,87187,90729,2113928706,2147481114,0,5,2,3,3,1,1666,4326,2,9.04699999999957
8.168,nan,1445.0,nan,nan,nan,nan,nan,nan,nan,0.0,0.0,632.0,656.0,3.0,58.0,0.0,0.0,0.0,0.0,10.0,0.0,0.0,0.0,0.0,0.0,nan,2,328705300,355,1011,87232,87251,64145,2113928706,2147481114,0,5,2,3,3,1,1669,4324,2,9.04699999999957
8.271,nan,1445.0,nan,nan,nan,nan,nan,nan,nan,0.0,0.0,632.0,641.0,1.0,52.0,0.0,0.0,0.0,0.0,10.0,0.0,0.0,0.0,0.0,0.0,nan,2,328705300,358,1012,87322,87354,103040,2113928706,2147481114,0,5,2,3,3,1,1665,4331,2,9.04699999999957
8.35,nan,1445.0,nan,nan,nan,nan,nan,nan,nan,0.0,952.0,632.0,639.0,0.0,54.0,0.0,0.0,0.0,0.0,10.0,0.0,0.0,0.0,0.0,0.0,nan,2,328705300,361,1013,87400,87433,78320,2113928706,2147481114,0,5,2,3,3,1,1661,4347,2,9.04699999999957
8.428,nan,1445.0,nan,nan,nan,nan,nan,nan,nan,0.0,0.0,632.0,634.0,0.0,53.0,0.0,0.0,0.0,0.0,10.0,0.0,0.0,0.0,0.0,0.0,nan,2,328705300,364,1014,87479,87511,78287,2113928706,2147481114,0,5,2,3,3,1,1662,4326,2,9.04699999999957
8.518,nan,1445.0,nan,nan,nan,nan,nan,nan,nan,0.0,0.0,632.0,646.0,0.0,58.0,0.0,0.0,0.0,0.0,10.0,0.0,0.0,0.0,0.0,0.0,nan,2,328705300,368,1015,87568,87601,89867,2113928706,2147481114,0,5,2,3,3,1,1668,4316,2,9.04699999999957
8.597,nan,1445.0,nan,nan,nan,nan,nan,nan,nan,0.0,0.0,632.0,652.0,0.0,61.0,0.0,0.0,0.0,0.0,10.0,0.0,0.0,0.0,0.0,0.0,nan,2,328705300,371,1016,87646,87680,78748,2113928706,2147481114,0,5,2,3,3,1,1671,4317,2,9.04699999999957
8.686,nan,1445.0,nan,nan,nan,nan,nan,nan,nan,0.0,0.0,632.0,654.0,0.0,62.0,0.0,0.0,0.0,0.0,10.0,0.0,0.0,0.0,0.0,0.0,nan,2,328705300,374,1017,87736,87769,89907,2113928706,2147481114,0,5,2,3,3,1,1672,4309,2,9.04699999999957
8.765,nan,1445.0,nan,nan,nan,nan,nan,nan,nan,0.0,0.0,632.0,653.0,0.0,60.0,0.0,0.0,0.0,0.0,10.0,0.0,0.0,0.0,0.0,0.0,nan,2,328705300,377,1018,87814,87848,78112,2113928706,2147481114,0,5,2,3,3,1,1676,4304,2,9.5
8.854,nan,1445.0,nan,nan,nan,nan,nan,nan,nan,0.0,0.0,632.0,645.0,0.0,62.0,0.0,0.0,0.0,0.0,10.0,0.0,0.0,0.0,0.0,0.0,nan,2,328705300,380,1019,87904,87937,89361,2113928706,2147481114,0,5,2,3,3,1,1675,4310,2,9.5
8.932,nan,1445.0,nan,nan,nan,nan,nan,nan,nan,0.0,0.0,632.0,647.0,0.0,57.0,0.0,0.0,0.0,0.0,10.0,0.0,0.0,0.0,0.0,0.0,nan,2,328705300,383,1020,87982,88015,78189,2113928706,2147481114,0,5,2,3,3,1,1672,4316,2,9.5
9.021,nan,1445.0,nan,nan,nan,nan,nan,nan,nan,0.0,0.0,632.0,635.0,0.0,54.0,0.0,0.0,0.0,0.0,10.0,0.0,0.0,0.0,0.0,0.0,nan,2,328705300,388,1021,88072,88104,89006,2113928706,2147481114,0,5,2,3,3,1,1668,4334,2,9.5
9.099,nan,1445.0,nan,nan,nan,nan,nan,nan,nan,0.0,0.0,632.0,635.0,0.0,53.0,0.0,0.0,0.0,0.0,10.0,0.0,0.0,0.0,0.0,0.0,nan,2,328705300,391,1022,88150,88182,78400,2113928706,2147481114,0,5,2,3,3,1,1662,4349,2,9.5
9.189,nan,1445.0,nan,nan,nan,nan,nan,nan,nan,0.0,0.0,632.0,637.0,0.0,53.0,0.0,0.0,0.0,0.0,10.0,0.0,0.0,0.0,0.0,0.0,nan,2,328705300,394,1023,88239,88272,89118,2113928706,2147481114,0,5,2,3,3,1,1658,4346,2,10.063000000000102
9.268,nan,1445.0,nan,nan,nan,nan,nan,nan,nan,0.0,0.0,632.0,649.0,2.0,57.0,0.0,0.0,0.0,0.0,10.0,0.0,0.0,0.0,0.0,0.0,nan,2,328705300,397,1024,88318,88351,79080,2113928706,2147481114,0,5,2,3,3,1,1662,4330,2,10.063000000000102
9.346,nan,1445.0,nan,nan,nan,nan,nan,nan,nan,0.0,0.0,632.0,637.0,2.0,49.0,0.0,0.0,0.0,0.0,10.0,0.0,0.0,0.0,0.0,0.0,nan,2,328705300,400,1025,88396,88429,78064,2113928706,2147481114,0,5,2,3,3,1,1671,4302,2,10.063000000000102
9.434,nan,1445.0,nan,nan,nan,nan,nan,nan,nan,0.0,0.0,632.0,622.0,1.0,40.0,0.0,0.0,0.0,0.0,10.0,0.0,0.0,0.0,0.0,0.0,nan,2,328705300,404,1026,88486,88517,88581,2113928706,2147481114,0,5,2,3,3,1,1674,4321,2,10.063000000000102
9.511,nan,1445.0,nan,nan,nan,nan,nan,nan,nan,0.0,0.0,632.0,598.0,1.0,31.0,0.0,0.0,0.0,0.0,10.0,0.0,0.0,0.0,0.0,0.0,nan,2,328705300,408,1027,88564,88594,77146,2113928706,2147481114,0,5,2,3,3,1,1666,4327,2,10.063000000000102
9.6,nan,1445.0,nan,nan,nan,nan,nan,nan,nan,0.0,0.0,632.0,574.0,2.0,27.0,0.0,0.0,0.0,0.0,10.0,0.0,0.0,0.0,0.0,0.0,nan,2,328705300,411,1028,88654,88683,88332,2113928706,2147481114,0,5,2,3,3,1,1667,4330,2,10.063000000000102
9.664,nan,1445.0,nan,nan,nan,nan,nan,nan,nan,0.0,0.0,632.0,538.0,3.0,23.0,0.0,0.0,0.0,0.0,10.0,0.0,0.0,0.0,0.0,0.0,nan,2,328705300,414,1029,88732,88747,64440,2113928706,2147481114,0,5,2,3,3,1,1665,4322,2,10.063000000000102
9.74,nan,1445.0,nan,nan,nan,nan,nan,nan,nan,nan,nan,nan,507.0,nan,nan,nan,nan,nan,0.0,10.0,nan,nan,nan,nan,nan,nan,2,328705300,417,1030,88821,88823,75723,2081165314,2081165314,0,5,2,3,3,1,1666,4324,2,10.640999999999622
9.831,nan,1445.0,nan,nan,nan,nan,nan,nan,nan,0.0,0.0,632.0,509.0,6.0,25.0,0.0,0.0,0.0,0.0,10.0,0.0,0.0,0.0,0.0,0.0,nan,2,328705300,420,1031,88899,88914,91066,2113928706,2147481114,0,5,2,3,3,1,1667,4327,2,10.640999999999622
9.92,nan,1445.0,nan,nan,nan,nan,nan,nan,nan,0.0,0.0,632.0,495.0,8.0,28.0,0.0,0.0,0.0,0.0,10.0,0.0,0.0,0.0,0.0,0.0,nan,2,328705300,423,1032,88989,89003,89221,2113928706,2147481114,0,5,2,3,3,1,1669,4307,2,10.640999999999622
9.986,nan,1445.0,nan,nan,nan,nan,nan,nan,nan,nan,nan,nan,467.0,nan,nan,nan,nan,nan,0.0,10.0,nan,nan,nan,nan,nan,nan,2,328705300,428,1033,89068,89069,65781,2081165314,2081165314,0,5,2,3,3,1,1670,4332,2,10.640999999999622
10.075,nan,1445.0,nan,nan,nan,nan,nan,nan,nan,nan,nan,nan,442.0,nan,nan,nan,nan,nan,0.0,10.0,nan,nan,nan,nan,nan,nan,2,328705300,431,1034,89157,89158,89418,2081165314,2081165314,0,5,2,3,3,1,1660,4355,2,10.640999999999622
10.153,nan,1445.0,nan,nan,nan,nan,nan,nan,nan,nan,nan,nan,426.0,nan,nan,nan,nan,nan,0.0,10.0,nan,nan,nan,nan,nan,nan,2,328705300,434,1035,89235,89236,77909,2081165314,2081165314,0,5,2,3,3,1,1657,4347,2,10.640999999999622
10.232,nan,1445.0,nan,nan,nan,nan,nan,nan,nan,nan,nan,nan,445.0,nan,nan,nan,nan,nan,0.0,10.0,nan,nan,nan,nan,nan,nan,2,328705300,437,1036,89314,89315,78619,2081165314,2081165314,0,5,2,3,3,1,1665,4317,2,10.640999999999622
10.321,nan,1445.0,nan,nan,nan,nan,nan,nan,nan,nan,nan,nan,463.0,nan,nan,nan,nan,nan,0.0,10.0,nan,nan,nan,nan,nan,nan,2,328705300,440,1037,89403,89404,89398,2081165314,2081165314,0,5,2,3,3,1,1675,4309,2,11.280999999999949
10.4,nan,1445.0,nan,nan,nan,nan,nan,nan,nan,nan,nan,nan,461.0,nan,nan,nan,nan,nan,0.0,10.0,nan,nan,nan,nan,nan,nan,2,328705300,443,1038,89481,89483,78464,2081165314,2081165314,0,5,2,3,3,1,1667,4331,2,11.280999999999949
10.513,nan,1445.0,nan,nan,nan,nan,nan,nan,nan,0.0,0.0,632.0,502.0,11.0,24.0,0.0,0.0,0.0,0.0,10.0,0.0,0.0,0.0,0.0,0.0,nan,2,328705300,447,1039,89571,89596,113584,2113928706,2147481114,0,5,2,3,3,1,1663,4349,2,11.280999999999949
10.582,nan,1445.0,nan,nan,nan,nan,nan,nan,nan,0.0,0.0,632.0,555.0,14.0,37.0,0.0,0.0,0.0,0.0,10.0,0.0,0.0,0.0,0.0,0.0,nan,2,328705300,450,1040,89649,89665,68779,2113928706,2147481114,0,5,2,3,3,1,1665,4299,2,11.280999999999949
10.672,nan,1445.0,nan,nan,nan,nan,nan,nan,nan,0.0,0.0,632.0,557.0,17.0,30.0,0.0,0.0,0.0,0.0,10.0,0.0,0.0,0.0,0.0,0.0,nan,2,328705300,453,1041,89739,89755,89732,2113928706,2147481114,0,5,2,3,3,1,1679,4285,2,11.280999999999949
10.75,nan,1445.0,nan,nan,nan,nan,nan,nan,nan,0.0,0.0,632.0,565.0,18.0,27.0,0.0,0.0,0.0,0.0,10.0,0.0,0.0,0.0,0.0,0.0,nan,2,328705300,456,1042,89817,89833,78362,2113928706,2147481114,0,5,2,3,3,1,1682,4293,2,11.280999999999949
10.84,nan,1445.0,nan,nan,nan,nan,nan,nan,nan,0.0,0.0,632.0,559.0,21.0,25.0,0.0,0.0,0.0,0.0,10.0,0.0,0.0,0.0,0.0,0.0,nan,2,328705300,459,1043,89907,89923,89464,2113928706,2147481114,0,5,2,3,3,1,1673,4305,2,11.280999999999949
10.917,nan,1445.0,nan,nan,nan,nan,nan,nan,nan,0.0,0.0,632.0,521.0,24.0,21.0,0.0,0.0,0.0,0.0,10.0,0.0,0.0,0.0,0.0,0.0,nan,2,328705300,462,1044,89985,90000,77553,2113928706,2147481114,0,5,2,3,3,1,1672,4317,2,11.280999999999949
11.007,nan,1445.0,nan,nan,nan,nan,nan,nan,nan,0.0,0.0,632.0,530.0,25.0,22.0,0.0,0.0,0.0,0.0,10.0,0.0,0.0,0.0,0.0,0.0,nan,2,328705300,467,1045,90075,90090,89392,2113928706,2147481114,0,5,2,3,3,1,1669,4312,2,11.82799999999952
11.086,nan,1445.0,nan,nan,nan,nan,nan,nan,nan,0.0,0.0,632.0,549.0,27.0,24.0,0.0,0.0,0.0,0.0,10.0,0.0,0.0,0.0,0.0,0.0,nan,2,328705300,470,1046,90153,90169,79132,2113928706,2147481114,0,5,2,3,3,1,1671,4311,2,11.82799999999952
11.176,nan,1445.0,nan,nan,nan,nan,nan,nan,nan,0.0,0.0,632.0,561.0,28.0,28.0,0.0,0.0,0.0,0.0,10.0,0.0,0.0,0.0,0.0,0.0,nan,2,328705300,474,1047,90243,90259,90345,2113928706,2147481114,0,5,2,3,3,1,1670,4319,2,11.82799999999952
11.254,nan,1445.0,nan,nan,nan,nan,nan,nan,nan,0.0,0.0,632.0,560.0,27.0,33.0,0.0,0.0,0.0,0.0,10.0,0.0,0.0,0.0,0.0,0.0,nan,2,328705300,476,1048,90321,90337,77808,2113928706,2147481114,0,5,2,3,3,1,1668,4324,2,11.82799999999952
11.332,nan,1445.0,nan,nan,nan,nan,nan,nan,nan,0.0,0.0,632.0,551.0,25.0,37.0,0.0,0.0,0.0,0.0,10.0,0.0,0.0,0.0,0.0,0.0,nan,2,328705300,479,1049,90399,90415,78153,2113928706,2147481114,0,5,2,3,3,1,1664,4342,2,11.82799999999952
11.422,nan,1445.0,nan,nan,nan,nan,nan,nan,nan,0.0,0.0,632.0,565.0,25.0,40.0,0.0,0.0,0.0,0.0,10.0,0.0,0.0,0.0,0.0,0.0,nan,2,328705300,483,1050,90489,90505,90245,2113928706,2147481114,0,5,2,3,3,1,1659,4346,2,11.82799999999952
11.5,nan,1445.0,nan,nan,nan,nan,nan,nan,nan,0.0,0.0,632.0,565.0,26.0,39.0,0.0,0.0,0.0,0.0,10.0,0.0,0.0,0.0,0.0,0.0,nan,2,328705300,487,1051,90567,90583,78017,2113928706,2147481114,0,5,2,3,3,1,1662,4326,2,12.42199999999957
11.59,nan,1445.0,nan,nan,nan,nan,nan,nan,nan,0.0,0.0,632.0,563.0,26.0,38.0,0.0,0.0,0.0,0.0,10.0,0.0,0.0,0.0,0.0,0.0,nan,2,328705300,490,1052,90656,90673,89356,2113928706,2147481114,0,5,2,3,3,1,1667,4325,2,12.42199999999957
11.669,nan,1445.0,nan,nan,nan,nan,nan,nan,nan,0.0,0.0,632.0,575.0,28.0,37.0,0.0,0.0,0.0,0.0,10.0,0.0,0.0,0.0,0.0,0.0,nan,2,328705300,493,1053,90735,90752,78903,2113928706,2147481114,0,5,2,3,3,1,1667,4325,2,12.42199999999957
11.758,nan,1445.0,nan,nan,nan,nan,nan,nan,nan,0.0,0.0,632.0,573.0,33.0,35.0,0.0,0.0,0.0,0.0,10.0,0.0,0.0,0.0,0.0,0.0,nan,2,328705300,496,1054,90824,90841,89024,2113928706,2147481114,0,5,2,3,3,1,1663,4332,2,12.42199999999957
11.821,nan,1445.0,nan,nan,nan,nan,nan,nan,nan,nan,nan,nan,530.0,nan,nan,nan,nan,nan,0.0,10.0,nan,nan,nan,nan,nan,nan,2,328705300,499,1055,90903,90904,63628,2081165314,2081165314,0,5,2,3,3,1,1668,4301,2,12.42199999999957
11.911,nan,1445.0,nan,nan,nan,nan,nan,nan,nan,nan,nan,nan,553.0,nan,nan,nan,nan,nan,0.0,10.0,nan,nan,nan,nan,nan,nan,2,328705300,502,1056,90993,90994,89958,2081165314,2081165314,0,5,2,3,3,1,1679,4273,2,12.42199999999957
11.989,nan,1445.0,nan,nan,nan,nan,nan,nan,nan,nan,nan,nan,554.0,nan,nan,nan,nan,nan,0.0,10.0,nan,nan,nan,nan,nan,nan,2,328705300,507,1057,91071,91072,78177,2081165314,2081165314,0,5,2,3,3,1,1687,4283,2,12.42199999999957
12.079,nan,1445.0,nan,nan,nan,nan,nan,nan,nan,nan,nan,nan,538.0,nan,nan,nan,nan,nan,0.0,10.0,nan,nan,nan,nan,nan,nan,2,328705300,510,1058,91160,91162,89595,2081165314,2081165314,0,5,2,3,3,1,1672,4337,2,12.42199999999957
12.157,nan,1445.0,nan,nan,nan,nan,nan,nan,nan,nan,nan,nan,517.0,nan,nan,nan,nan,nan,0.0,10.0,nan,nan,nan,nan,nan,nan,2,328705300,513,1059,91238,91240,77792,2081165314,2081165314,0,5,2,3,3,1,1652,4374,2,13.030999999999949
12.235,nan,1445.0,nan,nan,nan,nan,nan,nan,nan,nan,nan,nan,529.0,nan,nan,nan,nan,nan,0.0,10.0,nan,nan,nan,nan,nan,nan,2,328705300,516,1060,91317,91318,78351,2081165314,2081165314,0,5,2,3,3,1,1654,4339,2,13.030999999999949
12.325,nan,1445.0,nan,nan,nan,nan,nan,nan,nan,nan,nan,nan,508.0,nan,nan,nan,nan,nan,0.0,10.0,nan,nan,nan,nan,nan,nan,2,328705300,519,1061,91406,91408,89724,2081165314,2081165314,0,5,2,3,3,1,1669,4302,2,13.030999999999949
12.403,nan,1445.0,nan,nan,nan,nan,nan,nan,nan,nan,nan,nan,531.0,nan,nan,nan,nan,nan,0.0,10.0,nan,nan,nan,nan,nan,nan,2,328705300,522,1062,91485,91486,78233,2081165314,2081165314,0,5,2,3,3,1,1677,4306,2,13.030999999999949
12.507,nan,1445.0,nan,nan,nan,nan,nan,nan,nan,0.0,0.0,632.0,554.0,30.0,26.0,0.0,0.0,0.0,0.0,10.0,0.0,0.0,0.0,0.0,0.0,nan,2,328705300,526,1063,91574,91590,103935,2113928706,2147481114,0,5,2,3,3,1,1670,4326,2,13.030999999999949
12.584,nan,1445.0,nan,nan,nan,nan,nan,nan,nan,0.0,0.0,632.0,512.0,25.0,20.0,0.0,0.0,0.0,0.0,10.0,0.0,0.0,0.0,0.0,0.0,nan,2,328705300,529,1064,91653,91667,77352,2113928706,2147481114,0,5,2,3,3,1,1664,4331,2,13.030999999999949
12.674,nan,1445.0,nan,nan,nan,nan,nan,nan,nan,0.0,0.0,632.0,522.0,22.0,26.0,0.0,0.0,0.0,0.0,10.0,0.0,0.0,0.0,0.0,0.0,nan,2,328705300,532,1065,91742,91757,89387,2113928706,2147481114,0,5,2,3,3,1,1664,4339,2,13.030999999999949
12.764,nan,1445.0,nan,nan,nan,nan,nan,nan,nan,0.0,0.0,632.0,519.0,18.0,28.0,0.0,0.0,0.0,0.0,10.0,0.0,0.0,0.0,0.0,0.0,nan,2,328705300,535,1066,91820,91847,89738,2113928706,2147481114,0,5,2,3,3,1,1662,4341,2,13.609999999999673
12.842,nan,1445.0,nan,nan,nan,nan,nan,nan,nan,0.0,0.0,632.0,516.0,16.0,30.0,0.0,0.0,0.0,0.0,10.0,0.0,0.0,0.0,0.0,0.0,nan,2,328705300,538,1067,91899,91925,78341,2113928706,2147481114,0,5,2,3,3,1,1662,4341,2,13.609999999999673
12.932,nan,1445.0,nan,nan,nan,nan,nan,nan,nan,0.0,0.0,632.0,533.0,15.0,42.0,0.0,0.0,0.0,0.0,10.0,0.0,0.0,0.0,0.0,0.0,nan,2,328705300,541,1068,91988,92015,89971,2113928706,2147481114,0,5,2,3,3,1,1660,4341,2,13.609999999999673
13.011,nan,1445.0,nan,nan,nan,nan,nan,nan,nan,0.0,0.0,632.0,552.0,15.0,52.0,0.0,0.0,0.0,0.0,10.0,0.0,0.0,0.0,0.0,0.0,nan,2,328705300,546,1069,92066,92094,79503,2113928706,2147481114,0,5,2,3,3,1,1662,4339,2,13.609999999999673
13.102,nan,1445.0,nan,nan,nan,nan,nan,nan,nan,0.0,0.0,632.0,577.0,16.0,50.0,0.0,0.0,0.0,0.0,10.0,0.0,0.0,0.0,0.0,0.0,nan,2,328705300,549,1070,92156,92185,90786,2113928706,2147481114,0,5,2,3,3,1,1663,4329,2,13.609999999999673
13.181,nan,1445.0,nan,nan,nan,nan,nan,nan,nan,0.0,0.0,632.0,595.0,16.0,48.0,0.0,0.0,0.0,0.0,10.0,0.0,0.0,0.0,0.0,0.0,nan,2,328705300,552,1071,92234,92264,78951,2113928706,2147481114,0,5,2,3,3,1,1665,4331,2,13.609999999999673
13.271,nan,1445.0,nan,nan,nan,nan,nan,nan,nan,0.0,0.0,632.0,591.0,17.0,45.0,0.0,0.0,0.0,0.0,10.0,0.0,0.0,0.0,0.0,0.0,nan,2,328705300,556,1072,92324,92354,89706,2113928706,2147481114,0,5,2,3,3,1,1665,4325,2,13.609999999999673
13.349,nan,1445.0,nan,nan,nan,nan,nan,nan,nan,0.0,0.0,632.0,594.0,19.0,43.0,0.0,0.0,0.0,0.0,10.0,0.0,0.0,0.0,0.0,0.0,nan,2,328705300,558,1073,92402,92432,78456,2113928706,2147481114,0,5,2,3,3,1,1671,4285,2,14.219000000000051
13.425,nan,1445.0,nan,nan,nan,nan,nan,nan,nan,0.0,0.0,632.0,578.0,22.0,43.0,0.0,0.0,0.0,0.0,10.0,0.0,0.0,0.0,0.0,0.0,nan,2,328705300,562,1074,92492,92508,76148,2113928706,2147481114,0,5,2,3,3,1,1685,4280,2,14.219000000000051
13.489,nan,1445.0,nan,nan,nan,nan,nan,nan,nan,nan,nan,nan,465.0,nan,nan,nan,nan,nan,0.0,10.0,nan,nan,nan,nan,nan,nan,2,328705300,566,1075,92570,92572,63248,2081165314,2081165314,0,5,2,3,3,1,1681,4293,2,14.219000000000051
13.578,nan,1445.0,nan,nan,nan,nan,nan,nan,nan,nan,nan,nan,484.0,nan,nan,nan,nan,nan,0.0,10.0,nan,nan,nan,nan,nan,nan,2,328705300,569,1076,92659,92661,89168,2081165314,2081165314,0,5,2,3,3,1,1672,4331,2,14.219000000000051
13.668,nan,1445.0,nan,nan,nan,nan,nan,nan,nan,0.0,0.0,632.0,453.0,14.0,12.0,0.0,0.0,0.0,0.0,10.0,0.0,0.0,0.0,0.0,0.0,nan,2,328705300,572,1077,92738,92751,90010,2113928706,2147481114,0,5,2,3,3,1,1664,4337,2,14.219000000000051
13.747,nan,1445.0,nan,nan,nan,nan,nan,nan,nan,0.0,0.0,632.0,478.0,10.0,13.0,0.0,0.0,0.0,0.0,10.0,0.0,0.0,0.0,0.0,0.0,nan,2,328705300,575,1078,92816,92830,79239,2113928706,2147481114,0,5,2,3,3,1,1662,4330,2,14.219000000000051
13.838,nan,1445.0,nan,nan,nan,nan,nan,nan,nan,0.0,0.0,632.0,542.0,5.0,20.0,0.0,0.0,0.0,0.0,10.0,0.0,0.0,0.0,0.0,0.0,nan,2,328705300,578,1079,92906,92921,90818,2113928706,2147481114,0,5,2,3,3,1,1667,4335,2,14.219000000000051
13.928,nan,1445.0,nan,nan,nan,nan,nan,nan,nan,0.0,0.0,632.0,529.0,0.0,21.0,0.0,0.0,0.0,0.0,10.0,0.0,0.0,0.0,0.0,0.0,nan,2,328705300,581,1080,92984,93011,89678,2113928706,2147481114,0,5,2,3,3,1,1665,4319,2,14.780999999999949
14.017,nan,1445.0,nan,nan,nan,nan,nan,nan,nan,0.0,0.0,632.0,528.0,0.0,24.0,0.0,0.0,0.0,0.0,10.0,0.0,0.0,0.0,0.0,0.0,nan,2,328705300,586,1081,93074,93100,89689,2113928706,2147481114,0,5,2,3,3,1,1671,4320,2,14.780999999999949
14.097,nan,1445.0,nan,nan,nan,nan,nan,nan,nan,0.0,0.0,632.0,565.0,0.0,21.0,0.0,0.0,0.0,0.0,10.0,0.0,0.0,0.0,0.0,0.0,nan,2,328705300,589,1082,93152,93180,79842,2113928706,2147481114,0,5,2,3,3,1,1666,4334,2,14.780999999999949
14.186,nan,1445.0,nan,nan,nan,nan,nan,nan,nan,0.0,0.0,632.0,551.0,0.0,17.0,0.0,0.0,0.0,0.0,10.0,0.0,0.0,0.0,0.0,0.0,nan,2,328705300,592,1083,93241,93269,88905,2113928706,2147481114,0,5,2,3,3,1,1666,4321,2,14.780999999999949
14.238,nan,1445.0,nan,nan,nan,nan,nan,nan,nan,nan,nan,nan,541.0,nan,nan,nan,nan,nan,0.0,10.0,nan,nan,nan,nan,nan,nan,2,328705300,595,1084,93320,93321,52468,2081165314,2081165314,0,5,2,3,3,1,1670,4316,2,14.780999999999949
14.328,nan,1445.0,nan,nan,nan,nan,nan,nan,nan,nan,nan,nan,554.0,nan,nan,nan,nan,nan,0.0,10.0,nan,nan,nan,nan,nan,nan,2,328705300,598,1085,93409,93411,89203,2081165314,2081165314,0,5,2,3,3,1,1669,4336,2,14.780999999999949
14.406,nan,1445.0,nan,nan,nan,nan,nan,nan,nan,nan,nan,nan,588.0,nan,nan,nan,nan,nan,0.0,10.0,nan,nan,nan,nan,nan,nan,2,328705300,601,1086,93487,93489,78513,2081165314,2081165314,0,5,2,3,3,1,1661,4334,2,14.780999999999949
14.496,nan,1445.0,nan,nan,nan,nan,nan,nan,nan,nan,nan,nan,567.0,nan,nan,nan,nan,nan,0.0,10.0,nan,nan,nan,nan,nan,nan,2,328705300,605,1087,93577,93579,89666,2081165314,2081165314,0,5,2,3,3,1,1667,4332,2,15.155999999999949
14.574,nan,1445.0,nan,nan,nan,nan,nan,nan,nan,nan,nan,nan,575.0,nan,nan,nan,nan,nan,0.0,10.0,nan,nan,nan,nan,nan,nan,2,328705300,608,1088,93655,93657,77965,2081165314,2081165314,0,5,2,3,3,1,1664,4326,2,15.155999999999949
14.652,nan,1445.0,nan,nan,nan,nan,nan,nan,nan,nan,nan,nan,593.0,nan,nan,nan,nan,nan,0.0,10.0,nan,nan,nan,nan,nan,nan,2,328705300,611,1089,93734,93735,78591,2081165314,2081165314,0,5,2,3,3,1,1666,4319,2,15.155999999999949
14.742,nan,1445.0,nan,nan,nan,nan,nan,nan,nan,nan,nan,nan,598.0,nan,nan,nan,nan,nan,0.0,10.0,nan,nan,nan,nan,nan,nan,2,328705300,614,1090,93823,93825,89616,2081165314,2081165314,0,5,2,3,3,1,1666,4341,2,15.155999999999949
14.849,nan,1445.0,nan,nan,nan,nan,nan,nan,nan,0.0,0.0,632.0,603.0,44.0,1.0,0.0,0.0,0.0,0.0,10.0,0.0,0.0,0.0,0.0,0.0,nan,2,328705300,617,1091,93901,93932,106701,2113928706,2147481114,0,5,2,3,3,1,1661,4327,2,15.359999999999673
14.937,nan,1445.0,nan,nan,nan,nan,nan,nan,nan,0.0,0.0,632.0,569.0,43.0,0.0,0.0,0.0,0.0,0.0,10.0,0.0,0.0,0.0,0.0,0.0,nan,2,328705300,620,1092,93991,94020,88005,2113928706,2147481114,0,5,2,3,3,1,1673,4306,2,15.359999999999673
15.021,nan,1445.0,nan,nan,nan,nan,nan,nan,nan,0.0,0.0,632.0,691.0,58.0,0.0,0.0,0.0,0.0,0.0,10.0,0.0,0.0,0.0,0.0,0.0,nan,2,328705300,625,1093,94069,94104,84549,2113928706,2147481114,0,5,2,3,3,1,1675,4297,2,15.875
15.111,nan,1445.0,nan,nan,nan,nan,nan,nan,nan,430.0,0.0,632.0,705.0,72.0,0.0,0.0,0.0,0.0,0.0,10.0,0.0,0.0,0.0,0.0,0.0,nan,2,328705300,628,1094,94159,94194,89522,2113928706,2113926682,0,5,2,3,3,1,1673,4319,2,15.875
15.19,nan,1445.0,nan,nan,nan,nan,nan,nan,nan,644.0,0.0,632.0,713.0,76.0,0.0,0.0,0.0,0.0,0.0,10.0,0.0,0.0,0.0,0.0,0.0,nan,2,328705300,631,1095,94237,94273,79588,2113928706,2147481114,0,5,2,3,3,1,1663,4346,2,15.875
15.28,nan,1445.0,nan,nan,nan,nan,nan,nan,nan,673.0,0.0,632.0,712.0,74.0,0.0,0.0,0.0,0.0,0.0,10.0,0.0,0.0,0.0,0.0,0.0,nan,2,328705300,635,1096,94327,94363,89780,2113928706,2147481114,0,5,2,3,3,1,1660,4340,2,15.875
15.358,nan,1445.0,nan,nan,nan,nan,nan,nan,nan,919.0,0.0,632.0,713.0,76.0,5.0,0.0,0.0,0.0,0.0,10.0,0.0,0.0,0.0,0.0,0.0,nan,2,328705300,638,1097,94405,94441,78069,2113928706,2147481114,0,5,2,3,3,1,1664,4307,2,15.875
15.422,nan,1445.0,nan,nan,nan,nan,nan,nan,nan,0.0,0.0,632.0,712.0,80.0,10.0,0.0,0.0,0.0,0.0,10.0,0.0,0.0,0.0,0.0,0.0,nan,2,328705300,641,1098,94484,94505,63240,2113928706,2147481114,0,5,2,3,3,1,1678,4286,2,15.875
15.525,-93.4,1408.0,1.0,0.018,3526.0,nan,nan,nan,nan,330.0,0.0,632.0,707.0,72.0,19.0,0.0,0.0,0.0,0.0,10.0,0.0,0.0,0.0,0.0,0.0,nan,2,328705300,645,1099,94573,94608,103811,2113928735,2113926687,0,1,2,3,3,1,1683,4274,2,15.875
15.615,nan,1408.0,nan,nan,nan,nan,nan,nan,nan,0.0,0.0,632.0,688.0,65.0,29.0,0.0,0.0,0.0,0.0,10.0,0.0,0.0,0.0,0.0,0.0,nan,2,328705300,648,1100,94663,94698,89670,2113928706,2147481114,0,5,2,3,3,1,1684,4293,2,16.46900000000005
15.693,nan,1408.0,nan,nan,nan,nan,nan,nan,nan,0.0,0.0,632.0,696.0,63.0,39.0,0.0,0.0,0.0,0.0,10.0,0.0,0.0,0.0,0.0,0.0,nan,2,328705300,651,1101,94741,94776,78424,2113928706,2147481114,0,5,2,3,3,1,1676,4301,2,16.46900000000005
15.738,nan,1408.0,nan,nan,nan,nan,nan,nan,nan,nan,nan,nan,536.0,nan,nan,nan,nan,nan,0.0,10.0,nan,nan,nan,nan,nan,nan,2,328705300,654,1102,94819,94821,44666,2081165314,2081165314,0,5,2,3,3,1,1668,4347,2,16.46900000000005
15.858,nan,1408.0,nan,nan,nan,nan,nan,nan,nan,0.0,0.0,632.0,634.0,13.0,46.0,0.0,0.0,0.0,0.0,10.0,0.0,0.0,0.0,0.0,0.0,nan,2,328705300,657,1103,94909,94941,120045,2113928706,2147481114,0,5,2,3,3,1,1655,4363,2,16.46900000000005
15.934,nan,1408.0,nan,nan,nan,nan,nan,nan,nan,0.0,0.0,632.0,599.0,14.0,43.0,0.0,0.0,0.0,0.0,10.0,0.0,0.0,0.0,0.0,0.0,nan,2,328705300,660,1104,94987,95017,76203,2113928706,2147481114,0,5,2,3,3,1,1654,4364,2,16.46900000000005
16.026,nan,1408.0,nan,nan,nan,nan,nan,nan,nan,0.0,0.0,632.0,652.0,14.0,43.0,0.0,0.0,0.0,0.0,10.0,0.0,0.0,0.0,0.0,0.0,nan,2,328705300,665,1105,95076,95109,92026,2113928706,2147481114,0,5,2,3,3,1,1650,4359,2,16.46900000000005
16.105,nan,1408.0,nan,nan,nan,nan,nan,nan,nan,0.0,0.0,632.0,645.0,17.0,41.0,0.0,0.0,0.0,0.0,10.0,0.0,0.0,0.0,0.0,0.0,nan,2,328705300,668,1106,95155,95188,78169,2113928706,2147481114,0,5,2,3,3,1,1662,4312,2,16.46900000000005
16.194,nan,1408.0,nan,nan,nan,nan,nan,nan,nan,0.0,0.0,632.0,643.0,19.0,39.0,0.0,0.0,0.0,0.0,10.0,0.0,0.0,0.0,0.0,0.0,nan,2,328705300,671,1107,95245,95277,89752,2113928706,2147481114,0,5,2,3,3,1,1680,4288,2,17.09400000000005
16.271,nan,1408.0,nan,nan,nan,nan,nan,nan,nan,0.0,0.0,632.0,627.0,25.0,33.0,0.0,0.0,0.0,0.0,10.0,0.0,0.0,0.0,0.0,0.0,nan,2,328705300,674,1108,95323,95354,77133,2113928706,2147481114,0,5,2,3,3,1,1676,4317,2,17.09400000000005
16.32,nan,1408.0,nan,nan,nan,nan,nan,nan,nan,nan,nan,nan,548.0,nan,nan,nan,nan,nan,0.0,10.0,nan,nan,nan,nan,nan,nan,2,328705300,677,1109,95401,95403,48346,2081165314,2081165314,0,5,2,3,3,1,1663,4359,2,17.09400000000005
16.409,nan,1408.0,nan,nan,nan,nan,nan,nan,nan,nan,nan,nan,587.0,nan,nan,nan,nan,nan,0.0,10.0,nan,nan,nan,nan,nan,nan,2,328705300,680,1110,95491,95492,89559,2081165314,2081165314,0,5,2,3,3,1,1655,4340,2,17.09400000000005
16.518,500.0,1445.0,1.0,-13.059,-30000.0,nan,nan,nan,nan,345.0,0.0,632.0,646.0,43.0,18.0,0.0,0.0,0.0,0.0,10.0,0.0,0.0,0.0,0.0,0.0,nan,2,328705300,684,1111,95569,95601,108384,2113928735,2113926687,16,1,2,3,3,1,1663,4327,2,17.09400000000005
16.577,nan,1445.0,nan,nan,nan,nan,nan,nan,nan,nan,nan,nan,608.0,nan,nan,nan,nan,nan,0.0,10.0,nan,nan,nan,nan,nan,nan,2,328705300,687,1112,95658,95660,59276,2081165314,2081165314,0,5,2,3,3,1,1664,4340,2,17.09400000000005
16.666,-153.3,1384.0,1.0,-0.715,1837.0,nan,nan,nan,nan,481.0,709.0,632.0,624.0,56.0,88.0,0.0,13.0,8.0,0.0,10.0,0.0,0.0,0.0,0.0,0.0,nan,2,328705300,690,1113,95737,95749,88785,2113928735,2113926687,0,1,2,3,3,1,1663,4334,2,17.09400000000005
16.755,194.6,1596.0,2.0,1.584,1081.0,-1.087,1566.0,1.448,-0.301,0.0,353.0,632.0,634.0,60.0,91.0,31.0,18.0,19.0,0.0,10.0,1.0,0.0,0.0,0.0,0.0,nan,2,328705300,693,1114,95826,95838,89719,2113929215,2113927167,0,1,2,3,3,1,1664,4327,2,17.09400000000005
16.832,231.5,1547.0,2.0,1.634,716.0,-1.293,1299.0,1.533,0.376,932.0,416.0,632.0,645.0,69.0,90.0,36.0,21.0,21.0,0.0,10.0,1.0,0.0,0.0,0.0,0.0,nan,2,328705300,696,1115,95904,95915,76276,2113929215,2113927167,0,1,2,3,3,1,1666,4324,2,17.67199999999957
16.921,238.0,1540.0,2.0,-2.158,1141.0,-1.394,1141.0,-3.118,0.363,574.0,468.0,632.0,640.0,66.0,91.0,39.0,21.0,21.0,0.0,10.0,1.0,0.0,0.0,0.0,0.0,nan,2,328705300,699,1116,95994,96004,89438,2113929215,2113927167,0,1,2,3,3,1,1669,4320,2,17.67199999999957
16.999,213.6,1522.0,2.0,-6.702,1753.0,-1.28,1091.0,-4.876,0.44,0.0,280.0,632.0,648.0,60.0,90.0,39.0,21.0,21.0,0.0,10.0,1.0,0.0,0.0,0.0,0.0,nan,2,328705300,704,1117,96072,96082,78234,2113929215,2113927167,0,1,2,3,3,1,1673,4302,2,17.67199999999957
17.089,36.5,1445.0,1.0,0.765,1474.0,-1.249,1125.0,-6.362,0.753,399.0,644.0,632.0,638.0,60.0,90.0,39.0,21.0,21.0,0.0,10.0,1.0,0.0,0.0,0.0,0.0,nan,2,328705300,707,1118,96162,96172,89751,2113929215,2113927167,0,1,2,3,3,1,1686,4269,2,17.67199999999957
17.167,204.3,1445.0,1.0,0.888,1765.0,-1.96,1161.0,-5.061,0.923,393.0,0.0,632.0,642.0,67.0,89.0,38.0,21.0,21.0,0.0,10.0,1.0,0.0,0.0,0.0,0.0,nan,2,328705300,710,1119,96240,96250,78196,2113929215,2113927167,0,1,2,3,3,1,1685,4293,2,17.67199999999957
17.266,88.9,1476.0,0.0,-4.354,343.0,-5.293,1469.0,-4.683,-1.597,0.0,766.0,632.0,672.0,82.0,90.0,26.0,21.0,8.0,0.0,10.0,1.0,0.0,0.0,0.0,0.0,nan,2,328705300,714,1120,96330,96349,99015,2113929215,2147481599,0,1,2,3,3,1,1676,4319,2,17.67199999999957
17.345,74.3,1463.0,0.0,-4.634,323.0,-4.554,1398.0,-4.831,-1.389,0.0,891.0,632.0,693.0,91.0,91.0,29.0,21.0,10.0,0.0,10.0,1.0,0.0,0.0,0.0,0.0,nan,2,328705300,717,1121,96408,96428,78291,2113929215,2147481599,0,1,2,3,3,1,1667,4331,2,18.28099999999995
17.424,82.0,1477.0,0.0,-4.902,322.0,-4.496,1446.0,-5.385,-1.29,0.0,873.0,632.0,711.0,91.0,91.0,29.0,21.0,10.0,0.0,10.0,1.0,0.0,0.0,0.0,0.0,nan,2,328705300,720,1122,96487,96507,78855,2113929215,2147481599,0,1,2,3,3,1,1666,4327,2,18.28099999999995
17.513,84.6,1475.0,0.0,-4.822,276.0,-4.697,1416.0,-5.225,-1.362,0.0,865.0,632.0,710.0,91.0,91.0,29.0,21.0,10.0,0.0,10.0,1.0,0.0,0.0,0.0,0.0,nan,2,328705300,724,1123,96576,96596,89495,2113929215,2147481599,0,1,2,3,3,1,1671,4312,2,18.28099999999995
17.59,97.3,1485.0,0.0,-4.68,218.0,-4.125,1174.0,-3.737,-1.71,0.0,851.0,632.0,709.0,90.0,91.0,31.0,21.0,13.0,0.0,10.0,1.0,0.0,0.0,0.0,0.0,nan,2,328705300,727,1124,96654,96673,76521,2113929215,2147481599,0,1,2,3,3,1,1669,4326,2,18.28099999999995
17.677,96.7,1478.0,0.0,-4.272,187.0,-3.489,1050.0,-3.554,-0.892,0.0,725.0,632.0,709.0,91.0,90.0,35.0,21.0,17.0,0.0,10.0,1.0,0.0,0.0,0.0,0.0,nan,2,328705300,730,1125,96744,96760,87328,2113929215,2147481599,0,1,2,3,3,1,1668,4309,2,18.28099999999995
17.757,107.5,1488.0,0.0,-4.112,162.0,-3.892,1049.0,-3.256,-1.991,0.0,868.0,632.0,709.0,91.0,91.0,33.0,21.0,14.0,-0.1,10.0,1.0,0.0,0.0,0.0,0.0,nan,2,328705300,733,1126,96822,96840,79919,2113929215,2147481599,0,1,2,3,3,1,1679,4282,2,18.28099999999995
17.846,105.2,1480.0,0.0,-4.321,164.0,-3.883,1042.0,-3.213,-2.062,0.0,862.0,632.0,710.0,91.0,91.0,32.0,21.0,14.0,-0.6,10.0,1.0,0.0,0.0,0.0,0.0,nan,2,328705300,736,1127,96912,96929,89553,2113929215,2147481599,0,1,2,3,3,1,1679,4312,2,18.28099999999995
17.924,104.8,1481.0,0.0,-4.295,164.0,-3.922,1046.0,-3.22,-2.051,0.0,864.0,632.0,710.0,91.0,91.0,32.0,21.0,14.0,0.0,10.0,1.0,0.0,0.0,0.0,0.0,nan,2,328705300,739,1128,96990,97007,78094,2113929215,2147481599,0,1,2,3,3,1,1666,4345,2,18.28099999999995
18.014,109.4,1485.0,0.0,-4.262,157.0,-3.947,1028.0,-3.123,-2.115,0.0,865.0,632.0,708.0,91.0,91.0,32.0,21.0,14.0,0.0,10.0,1.0,0.0,0.0,0.0,0.0,nan,2,328705300,744,1129,97079,97097,89442,2113929215,2147481599,0,1,2,3,3,1,1657,4350,2,18.859999999999673
18.092,104.5,1479.0,0.0,-4.219,168.0,-3.903,1039.0,-3.146,-2.093,0.0,858.0,632.0,709.0,91.0,90.0,32.0,21.0,14.0,0.0,10.0,1.0,0.0,0.0,0.0,0.0,nan,2,328705300,747,1130,97158,97175,78455,2113929215,2147481599,0,1,2,3,3,1,1658,4347,2,18.859999999999673
18.171,105.9,1482.0,0.0,-4.343,160.0,-3.979,1036.0,-3.258,-2.08,0.0,0.0,632.0,708.0,91.0,89.0,32.0,21.0,14.0,0.0,10.0,1.0,0.0,0.0,0.0,0.0,nan,2,328705300,750,1131,97236,97254,78495,2113929215,2147481599,0,1,2,3,3,1,1659,4337,2,18.859999999999673
18.26,104.9,1481.0,0.0,-4.212,165.0,-3.924,1038.0,-3.231,-2.068,0.0,851.0,632.0,712.0,91.0,91.0,32.0,21.0,14.0,0.0,10.0,1.0,0.0,0.0,0.0,0.0,nan,2,328705300,753,1132,97326,97343,89243,2113929215,2147481599,0,1,2,3,3,1,1665,4324,2,18.859999999999673
18.339,105.3,1482.0,0.0,-4.363,160.0,-3.923,1036.0,-3.259,-2.106,0.0,843.0,632.0,713.0,91.0,91.0,32.0,21.0,14.0,0.0,10.0,1.0,0.0,0.0,0.0,0.0,nan,2,328705300,756,1133,97404,97422,78523,2113929215,2147481599,0,1,2,3,3,1,1669,4324,2,18.859999999999673
18.428,110.2,1485.0,0.0,-4.14,163.0,-3.921,1036.0,-3.132,-2.066,0.0,0.0,632.0,712.0,91.0,90.0,32.0,21.0,14.0,0.0,10.0,1.0,0.0,0.0,0.0,0.0,nan,2,328705300,759,1134,97494,97511,89611,2113929215,2147481599,0,1,2,3,3,1,1668,4320,2,18.859999999999673
18.506,103.6,1477.0,0.0,-4.428,159.0,-3.949,1036.0,-3.241,-2.115,0.0,871.0,632.0,711.0,91.0,90.0,32.0,21.0,14.0,0.0,10.0,1.0,0.0,0.0,0.0,0.0,nan,2,328705300,763,1135,97572,97589,78114,2113929215,2147481599,0,1,2,3,3,1,1669,4322,2,18.859999999999673
18.596,112.3,1488.0,0.0,-4.205,165.0,-3.936,1039.0,-3.257,-2.057,0.0,861.0,632.0,714.0,91.0,91.0,33.0,21.0,14.0,0.0,10.0,1.0,0.0,0.0,0.0,0.0,nan,2,328705300,766,1136,97661,97679,89557,2113929215,2147481599,0,1,2,3,3,1,1669,4326,2,19.109999999999673
18.674,115.0,1486.0,0.0,-4.092,165.0,-3.908,1030.0,-3.114,-2.101,0.0,861.0,632.0,712.0,91.0,91.0,33.0,21.0,14.0,0.0,10.0,1.0,0.0,0.0,0.0,0.0,nan,2,328705300,769,1137,97740,97757,78572,2113929215,2147481599,0,1,2,3,3,1,1665,4330,2,19.109999999999673
18.764,107.8,1479.0,0.0,-4.248,162.0,-3.879,1036.0,-3.221,-2.085,0.0,860.0,632.0,710.0,91.0,91.0,33.0,21.0,14.0,0.0,10.0,1.0,0.0,0.0,0.0,0.0,nan,2,328705300,772,1138,97829,97847,89075,2113929215,2147481599,0,1,2,3,3,1,1664,4339,2,19.67199999999957
18.842,102.9,1478.0,0.0,-4.518,159.0,-3.926,1036.0,-3.255,-2.091,0.0,0.0,632.0,714.0,91.0,90.0,32.0,21.0,14.0,0.0,10.0,1.0,0.0,0.0,0.0,0.0,nan,2,328705300,775,1139,97908,97925,78544,2113929215,2147481599,0,1,2,3,3,1,1664,4325,2,19.67199999999957
18.921,104.9,1482.0,0.0,-4.323,163.0,-3.961,1035.0,-3.273,-2.15,0.0,863.0,632.0,715.0,91.0,90.0,32.0,21.0,14.0,0.0,10.0,1.0,0.0,0.0,0.0,0.0,nan,2,328705300,778,1140,97986,98004,78514,2113929215,2147481599,0,1,2,3,3,1,1667,4327,2,19.67199999999957
19.01,108.2,1484.0,0.0,-4.174,165.0,-3.897,1042.0,-3.257,-2.095,0.0,0.0,632.0,712.0,91.0,90.0,32.0,21.0,14.0,0.0,10.0,1.0,0.0,0.0,0.0,0.0,nan,2,328705300,783,1141,98075,98093,89238,2113929215,2147481599,0,1,2,3,3,1,1667,4331,2,19.67199999999957
19.088,110.1,1484.0,0.0,-4.323,159.0,-3.945,1038.0,-3.221,-2.048,0.0,871.0,632.0,711.0,91.0,91.0,33.0,21.0,14.0,0.0,10.0,1.0,0.0,0.0,0.0,0.0,nan,2,328705300,786,1142,98154,98171,78393,2113929215,2147481599,0,1,2,3,3,1,1664,4339,2,19.67199999999957
19.178,104.5,1479.0,0.0,-4.334,161.0,-3.911,1027.0,-3.15,-2.119,0.0,0.0,632.0,714.0,91.0,89.0,32.0,21.0,14.0,0.0,10.0,1.0,0.0,0.0,0.0,0.0,nan,2,328705300,790,1143,98243,98261,89727,2113929215,2147481599,0,1,2,3,3,1,1661,4339,2,19.67199999999957
19.256,106.1,1482.0,0.0,-4.261,162.0,-3.907,1031.0,-3.231,-2.038,0.0,0.0,632.0,714.0,91.0,90.0,32.0,21.0,14.0,0.0,10.0,1.0,0.0,0.0,0.0,0.0,nan,2,328705300,792,1144,98321,98339,77911,2113929215,2147481599,0,1,2,3,3,1,1664,4331,2,19.67199999999957
19.346,113.7,1488.0,0.0,-4.153,166.0,-3.911,1035.0,-3.217,-2.1,0.0,863.0,632.0,717.0,91.0,91.0,32.0,21.0,14.0,0.0,10.0,1.0,0.0,0.0,0.0,0.0,nan,2,328705300,796,1145,98411,98429,89865,2113929215,2147481599,0,1,2,3,3,1,1667,4321,2,20.26599999999962
19.424,103.8,1476.0,0.0,-4.367,158.0,-3.874,1032.0,-3.1,-2.092,0.0,0.0,632.0,714.0,91.0,90.0,32.0,21.0,14.0,0.0,10.0,1.0,0.0,0.0,0.0,0.0,nan,2,328705300,799,1146,98489,98507,78470,2113929215,2147481599,0,1,2,3,3,1,1668,4329,2,20.26599999999962
19.513,113.9,1489.0,0.0,-4.169,164.0,-3.94,1030.0,-3.114,-2.122,0.0,864.0,632.0,716.0,91.0,90.0,32.0,21.0,14.0,0.0,10.0,1.0,0.0,0.0,0.0,0.0,nan,2,328705300,803,1147,98579,98596,89040,2113929215,2147481599,0,1,2,3,3,1,1666,4329,2,20.26599999999962
19.592,105.1,1477.0,0.0,-4.262,165.0,-3.939,1030.0,-3.111,-2.099,0.0,861.0,632.0,713.0,91.0,90.0,32.0,21.0,14.0,0.0,10.0,1.0,0.0,0.0,0.0,0.0,nan,2,328705300,806,1148,98657,98675,78469,2113929215,2147481599,0,1,2,3,3,1,1666,4320,2,20.26599999999962
19.67,97.0,1474.0,0.0,-4.752,153.0,-3.949,1035.0,-3.257,-2.082,0.0,823.0,632.0,713.0,91.0,91.0,32.0,21.0,14.0,0.0,10.0,1.0,0.0,0.0,0.0,0.0,nan,2,328705300,809,1149,98736,98753,78709,2113929215,2147481599,0,1,2,3,3,1,1669,4325,2,20.26599999999962
19.759,109.8,1489.0,0.0,-4.281,162.0,-3.944,1035.0,-3.114,-2.132,0.0,851.0,632.0,716.0,91.0,91.0,32.0,21.0,14.0,0.0,10.0,1.0,0.0,0.0,0.0,0.0,nan,2,328705300,812,1150,98825,98842,88984,2113929215,2147481599,0,1,2,3,3,1,1668,4325,2,20.26599999999962
19.838,115.2,1488.0,0.0,-4.102,164.0,-3.906,1038.0,-3.234,-2.061,0.0,862.0,632.0,716.0,91.0,91.0,32.0,21.0,14.0,0.0,10.0,1.0,0.0,0.0,0.0,0.0,nan,2,328705300,815,1151,98903,98921,78524,2113929215,2147481599,0,1,2,3,3,1,1668,4324,2,20.26599999999962
19.928,106.7,1478.0,0.0,-4.367,162.0,-3.944,1039.0,-3.291,-2.055,0.0,861.0,632.0,717.0,91.0,91.0,33.0,21.0,14.0,0.0,10.0,1.0,0.0,0.0,0.0,0.0,nan,2,328705300,818,1152,98993,99011,89725,2113929215,2147481599,0,1,2,3,3,1,1669,4324,2,20.26599999999962
20.006,108.6,1484.0,0.0,-4.223,163.0,-3.949,1035.0,-3.116,-2.102,0.0,865.0,632.0,715.0,91.0,90.0,32.0,21.0,14.0,0.0,10.0,1.0,0.0,0.0,0.0,0.0,nan,2,328705300,823,1153,99071,99089,78048,2113929215,2147481599,0,1,2,3,3,1,1668,4321,2,20.82799999999952
20.095,108.3,1482.0,0.0,-4.28,161.0,-3.925,1033.0,-3.256,-2.119,0.0,863.0,632.0,717.0,91.0,91.0,32.0,21.0,14.0,0.0,10.0,1.0,0.0,0.0,0.0,0.0,nan,2,328705300,826,1154,99161,99178,89619,2113929215,2147481599,0,1,2,3,3,1,1667,4327,2,20.82799999999952
20.173,108.3,1482.0,0.0,-4.173,165.0,-3.932,1032.0,-3.205,-2.091,0.0,861.0,632.0,715.0,91.0,90.0,32.0,21.0,14.0,0.0,10.0,1.0,0.0,0.0,0.0,0.0,nan,2,328705300,829,1155,99239,99256,78027,2113929215,2147481599,0,1,2,3,3,1,1666,4330,2,20.82799999999952
20.263,102.8,1478.0,0.0,-4.465,159.0,-3.922,1035.0,-3.23,-2.074,0.0,0.0,632.0,715.0,91.0,90.0,32.0,21.0,14.0,0.0,10.0,1.0,0.0,0.0,0.0,0.0,nan,2,328705300,832,1156,99328,99346,89598,2113929215,2147481599,0,1,2,3,3,1,1666,4326,2,20.82799999999952
20.341,100.0,1478.0,0.0,-4.223,165.0,-3.95,1035.0,-3.323,-2.047,0.0,861.0,632.0,716.0,91.0,91.0,33.0,21.0,14.0,0.0,10.0,1.0,0.0,0.0,0.0,0.0,nan,2,328705300,835,1157,99407,99424,78440,2113929215,2147481599,0,1,2,3,3,1,1667,4326,2,20.82799999999952
20.431,104.9,1483.0,0.0,-4.362,158.0,-3.933,1038.0,-3.28,-2.099,0.0,0.0,632.0,714.0,91.0,90.0,32.0,21.0,14.0,0.0,10.0,1.0,0.0,0.0,0.0,0.0,nan,2,328705300,838,1158,99497,99514,89726,2113929215,2147481599,0,1,2,3,3,1,1667,4324,2,20.82799999999952
20.509,113.4,1489.0,0.0,-4.199,165.0,-3.956,1030.0,-3.088,-2.106,0.0,864.0,632.0,715.0,91.0,90.0,32.0,21.0,14.0,0.0,10.0,1.0,0.0,0.0,0.0,0.0,nan,2,328705300,842,1159,99575,99592,77968,2113929215,2147481599,0,1,2,3,3,1,1667,4329,2,20.82799999999952
20.588,106.4,1478.0,0.0,-4.213,162.0,-3.919,1034.0,-3.291,-2.051,0.0,0.0,632.0,714.0,91.0,89.0,32.0,21.0,14.0,0.0,10.0,1.0,0.0,0.0,0.0,0.0,nan,2,328705300,845,1160,99653,99671,78599,2113929215,2147481599,0,1,2,3,3,1,1667,4334,2,21.42199999999957
20.677,104.8,1480.0,0.0,-4.28,163.0,-3.93,1038.0,-3.157,-2.062,0.0,0.0,632.0,715.0,91.0,90.0,32.0,21.0,14.0,0.0,10.0,1.0,0.0,0.0,0.0,0.0,nan,2,328705300,848,1161,99742,99760,89105,2113929215,2147481599,0,1,2,3,3,1,1665,4330,2,21.42199999999957
20.755,112.0,1487.0,0.0,-4.223,165.0,-3.937,1031.0,-3.202,-2.05,0.0,864.0,632.0,715.0,91.0,90.0,32.0,21.0,14.0,0.0,10.0,1.0,0.0,0.0,0.0,0.0,nan,2,328705300,851,1162,99821,99838,78417,2113929215,2147481599,0,1,2,3,3,1,1663,4336,2,21.42199999999957
20.845,108.6,1481.0,0.0,-4.215,163.0,-3.91,1038.0,-3.178,-2.082,0.0,860.0,632.0,717.0,91.0,90.0,32.0,21.0,14.0,0.0,10.0,1.0,0.0,0.0,0.0,0.0,nan,2,328705300,854,1163,99910,99928,89678,2113929215,2147481599,0,1,2,3,3,1,1665,4326,2,21.42199999999957
20.923,104.7,1479.0,0.0,-4.331,160.0,-3.959,1030.0,-3.139,-2.122,0.0,0.0,632.0,714.0,91.0,90.0,32.0,21.0,14.0,0.0,10.0,1.0,0.0,0.0,0.0,0.0,nan,2,328705300,857,1164,99988,100006,78161,2113929215,2147481599,0,1,2,3,3,1,1669,4310,2,21.42199999999957
21.013,106.3,1482.0,0.0,-4.24,163.0,-3.957,1037.0,-3.285,-2.139,0.0,862.0,632.0,715.0,91.0,91.0,32.0,21.0,14.0,0.0,10.0,1.0,0.0,0.0,0.0,0.0,nan,2,328705300,862,1165,100078,100096,89569,2113929215,2147481599,0,1,2,3,3,1,1671,4324,2,21.42199999999957
21.091,105.2,1481.0,0.0,-4.388,159.0,-3.942,1038.0,-3.28,-2.111,0.0,861.0,632.0,714.0,91.0,90.0,32.0,21.0,14.0,0.0,10.0,1.0,0.0,0.0,0.0,0.0,nan,2,328705300,865,1166,100157,100174,78569,2113929215,2147481599,0,1,2,3,3,1,1666,4339,2,21.42199999999957
21.181,118.9,1492.0,0.0,-4.034,169.0,-3.933,1035.0,-3.202,-2.094,0.0,860.0,632.0,716.0,91.0,91.0,32.0,21.0,14.0,0.0,10.0,1.0,0.0,0.0,0.0,0.0,nan,2,328705300,869,1167,100246,100264,89800,2113929215,2147481599,0,1,2,3,3,1,1660,4341,2,22.03099999999995
21.259,114.2,1482.0,0.0,-4.088,167.0,-3.939,1039.0,-3.181,-2.145,0.0,862.0,632.0,716.0,91.0,90.0,32.0,21.0,14.0,0.0,10.0,1.0,0.0,0.0,0.0,0.0,nan,2,328705300,872,1168,100324,100342,78010,2113929215,2147481599,0,1,2,3,3,1,1665,4326,2,22.03099999999995
21.338,105.1,1477.0,0.0,-4.27,161.0,-3.948,1035.0,-3.142,-2.124,0.0,863.0,632.0,716.0,91.0,91.0,32.0,21.0,14.0,0.0,10.0,1.0,0.0,0.0,0.0,0.0,nan,2,328705300,875,1169,100403,100421,78726,2113929215,2147481599,0,1,2,3,3,1,1671,4311,2,22.03099999999995
21.427,113.9,1488.0,0.0,-4.176,163.0,-3.921,1038.0,-3.216,-2.084,0.0,863.0,632.0,716.0,91.0,91.0,32.0,21.0,14.0,0.0,10.0,1.0,0.0,0.0,0.0,0.0,nan,2,328705300,878,1170,100492,100510,89030,2113929215,2147481599,0,1,2,3,3,1,1672,4319,2,22.03099999999995
21.505,105.9,1477.0,0.0,-4.19,166.0,-3.869,1036.0,-3.136,-2.086,0.0,0.0,632.0,716.0,91.0,90.0,32.0,21.0,14.0,0.0,10.0,1.0,0.0,0.0,0.0,0.0,nan,2,328705300,882,1171,100571,100588,78547,2113929215,2147481599,0,1,2,3,3,1,1668,4330,2,22.03099999999995
21.595,108.3,1484.0,0.0,-4.266,161.0,-3.939,1031.0,-3.155,-2.146,0.0,846.0,632.0,718.0,91.0,91.0,32.0,21.0,14.0,0.0,10.0,1.0,0.0,0.0,0.0,0.0,nan,2,328705300,885,1172,100660,100678,89484,2113929215,2147481599,0,1,2,3,3,1,1665,4327,2,22.03099999999995
21.673,99.6,1475.0,0.0,-4.475,158.0,-3.895,1038.0,-3.196,-2.062,0.0,0.0,632.0,714.0,91.0,90.0,33.0,21.0,14.0,0.0,10.0,1.0,0.0,0.0,0.0,0.0,nan,2,328705300,888,1173,100738,100756,78062,2113929215,2147481599,0,1,2,3,3,1,1666,4329,2,22.03099999999995
21.762,99.7,1479.0,0.0,-4.419,161.0,-3.92,1037.0,-3.262,-2.09,0.0,0.0,632.0,716.0,91.0,90.0,32.0,21.0,14.0,0.0,10.0,1.0,0.0,0.0,0.0,0.0,nan,2,328705300,891,1174,100828,100845,89554,2113929215,2147481599,0,1,2,3,3,1,1667,4327,2,22.609999999999673
21.841,105.5,1484.0,0.0,-4.305,164.0,-3.933,1034.0,-3.244,-2.087,0.0,863.0,632.0,714.0,91.0,90.0,33.0,21.0,14.0,0.0,10.0,1.0,0.0,0.0,0.0,0.0,nan,2,328705300,894,1175,100906,100924,78499,2113929215,2147481599,0,1,2,3,3,1,1665,4331,2,22.609999999999673
21.93,104.1,1480.0,0.0,-4.301,164.0,-3.932,1036.0,-3.206,-2.093,0.0,861.0,632.0,715.0,91.0,91.0,32.0,21.0,14.0,0.0,10.0,1.0,0.0,0.0,0.0,0.0,nan,2,328705300,897,1176,100995,101013,89137,2113929215,2147481599,0,1,2,3,3,1,1665,4331,2,22.609999999999673
22.009,104.9,1482.0,0.0,-4.29,165.0,-3.967,1033.0,-3.164,-2.119,0.0,861.0,632.0,716.0,91.0,90.0,32.0,21.0,14.0,0.0,10.0,1.0,0.0,0.0,0.0,0.0,nan,2,328705300,902,1177,101074,101092,78556,2113929215,2147481599,0,1,2,3,3,1,1666,4331,2,22.609999999999673
22.087,113.5,1489.0,0.0,-4.128,164.0,-3.941,1036.0,-3.15,-2.052,0.0,873.0,632.0,715.0,91.0,91.0,32.0,21.0,14.0,0.0,10.0,1.0,0.0,0.0,0.0,0.0,nan,2,328705300,905,1178,101153,101170,78438,2113929215,2147481599,0,1,2,3,3,1,1665,4335,2,22.609999999999673
22.176,108.3,1480.0,0.0,-4.37,157.0,-3.942,1028.0,-3.194,-2.134,0.0,862.0,632.0,717.0,91.0,91.0,32.0,21.0,14.0,0.0,10.0,1.0,0.0,0.0,0.0,0.0,nan,2,328705300,908,1179,101242,101259,89174,2113929215,2147481599,0,1,2,3,3,1,1663,4331,2,22.609999999999673
22.255,111.3,1485.0,0.0,-4.204,163.0,-3.976,1039.0,-3.243,-2.078,0.0,851.0,632.0,715.0,91.0,91.0,33.0,21.0,14.0,0.0,10.0,1.0,0.0,0.0,0.0,0.0,nan,2,328705300,911,1180,101320,101338,78503,2113929215,2147481599,0,1,2,3,3,1,1666,4322,2,22.609999999999673
22.344,119.8,1490.0,0.0,-4.092,163.0,-3.911,1038.0,-3.246,-2.096,0.0,862.0,632.0,717.0,91.0,91.0,32.0,21.0,14.0,0.0,10.0,1.0,0.0,0.0,0.0,0.0,nan,2,328705300,914,1181,101410,101427,89647,2113929215,2147481599,0,1,2,3,3,1,1669,4320,2,23.21900000000005
22.422,99.2,1469.0,0.0,-4.407,164.0,-3.935,1033.0,-3.146,-2.099,0.0,0.0,632.0,715.0,91.0,90.0,32.0,21.0,14.0,0.0,10.0,1.0,0.0,0.0,0.0,0.0,nan,2,328705300,917,1182,101488,101505,78116,2113929215,2147481599,0,1,2,3,3,1,1672,4312,2,23.21900000000005
22.512,104.4,1483.0,0.0,-4.224,166.0,-3.954,1038.0,-3.317,-2.064,0.0,0.0,632.0,715.0,91.0,90.0,33.0,21.0,14.0,0.0,10.0,1.0,0.0,0.0,0.0,0.0,nan,2,328705300,921,1183,101578,101595,89665,2113929215,2147481599,0,1,2,3,3,1,1670,4320,2,23.21900000000005
22.59,105.8,1482.0,0.0,-4.261,163.0,-3.898,1034.0,-3.241,-2.054,0.0,0.0,632.0,715.0,91.0,90.0,33.0,21.0,14.0,0.0,10.0,1.0,0.0,0.0,0.0,0.0,nan,2,328705300,924,1184,101656,101673,78146,2113929215,2147481599,0,1,2,3,3,1,1669,4322,2,23.21900000000005
22.68,106.5,1482.0,0.0,-4.279,161.0,-3.923,1026.0,-3.225,-2.25,0.0,864.0,632.0,717.0,91.0,91.0,33.0,21.0,14.0,0.0,10.0,1.0,0.0,0.0,0.0,0.0,nan,2,328705300,927,1185,101745,101763,89575,2113929215,2147481599,0,1,2,3,3,1,1669,4324,2,23.21900000000005
22.758,109.7,1485.0,0.0,-4.213,156.0,-3.937,1032.0,-3.268,-2.1,0.0,857.0,632.0,717.0,91.0,91.0,33.0,21.0,14.0,0.0,10.0,1.0,0.0,0.0,0.0,0.0,nan,2,328705300,930,1186,101824,101841,78490,2113929215,2147481599,0,1,2,3,3,1,1667,4327,2,23.21900000000005
22.848,113.5,1486.0,0.0,-4.061,157.0,-3.929,1031.0,-3.189,-2.106,0.0,859.0,632.0,714.0,91.0,90.0,32.0,21.0,14.0,0.0,10.0,1.0,0.0,0.0,0.0,0.0,nan,2,328705300,933,1187,101913,101931,89540,2113929215,2147481599,0,1,2,3,3,1,1667,4324,2,23.21900000000005
22.926,111.5,1483.0,0.0,-4.182,153.0,-3.941,1035.0,-3.188,-2.122,0.0,859.0,632.0,716.0,91.0,91.0,33.0,21.0,14.0,0.0,10.0,1.0,0.0,0.0,0.0,0.0,nan,2,328705300,936,1188,101992,102009,78190,2113929215,2147481599,0,1,2,3,3,1,1668,4320,2,23.79699999999957
23.005,110.7,1483.0,0.0,-4.262,155.0,-3.884,1038.0,-3.225,-2.077,0.0,0.0,632.0,714.0,91.0,90.0,32.0,21.0,14.0,0.0,10.0,1.0,0.0,0.0,0.0,0.0,nan,2,328705300,941,1189,102070,102088,78608,2113929215,2147481599,0,1,2,3,3,1,1670,4326,2,23.79699999999957
23.094,109.6,1482.0,0.0,-4.045,167.0,-3.952,1034.0,-3.137,-2.14,0.0,859.0,632.0,717.0,91.0,91.0,32.0,21.0,14.0,0.0,10.0,1.0,0.0,0.0,0.0,0.0,nan,2,328705300,944,1190,102159,102177,89185,2113929215,2147481599,0,1,2,3,3,1,1666,4329,2,23.79699999999957
23.172,107.1,1481.0,0.0,-4.316,161.0,-3.942,1033.0,-3.144,-2.077,0.0,863.0,632.0,717.0,91.0,91.0,33.0,21.0,14.0,0.0,10.0,1.0,0.0,0.0,0.0,0.0,nan,2,328705300,947,1191,102238,102255,78370,2113929215,2147481599,0,1,2,3,3,1,1664,4334,2,23.79699999999957
23.262,102.8,1479.0,0.0,-4.35,163.0,-3.873,1035.0,-3.14,-2.116,0.0,862.0,632.0,716.0,91.0,91.0,32.0,21.0,14.0,0.0,10.0,1.0,0.0,0.0,0.0,0.0,nan,2,328705300,951,1192,102327,102345,89820,2113929215,2147481599,0,1,2,3,3,1,1665,4331,2,23.79699999999957
23.34,108.8,1486.0,0.0,-4.119,169.0,-3.953,1032.0,-3.222,-2.113,0.0,862.0,632.0,715.0,91.0,90.0,32.0,21.0,14.0,0.0,10.0,1.0,0.0,0.0,0.0,0.0,nan,2,328705300,954,1193,102405,102423,78191,2113929215,2147481599,0,1,2,3,3,1,1667,4324,2,23.79699999999957
23.43,113.3,1486.0,0.0,-4.078,169.0,-3.942,1038.0,-3.12,-2.079,0.0,862.0,632.0,715.0,91.0,91.0,32.0,21.0,14.0,0.0,10.0,1.0,0.0,0.0,0.0,0.0,nan,2,328705300,957,1194,102495,102513,89409,2113929215,2147481599,0,1,2,3,3,1,1669,4324,2,23.79699999999957
23.508,107.2,1479.0,0.0,-4.318,162.0,-3.912,1037.0,-3.253,-2.067,0.0,873.0,632.0,715.0,91.0,91.0,32.0,21.0,14.0,0.0,10.0,1.0,0.0,0.0,0.0,0.0,nan,2,328705300,961,1195,102574,102591,78671,2113929215,2147481599,0,1,2,3,3,1,1669,4325,2,24.375
23.597,102.6,1478.0,0.0,-4.443,162.0,-3.971,1036.0,-3.331,-2.045,0.0,860.0,632.0,715.0,91.0,91.0,33.0,21.0,14.0,0.0,10.0,1.0,0.0,0.0,0.0,0.0,nan,2,328705300,964,1196,102663,102680,88963,2113929215,2147481599,0,1,2,3,3,1,1667,4321,2,24.375
23.676,103.2,1481.0,0.0,-4.401,160.0,-3.941,1038.0,-3.15,-2.078,0.0,0.0,632.0,715.0,91.0,90.0,32.0,21.0,14.0,0.0,10.0,1.0,0.0,0.0,0.0,0.0,nan,2,328705300,967,1197,102741,102759,78631,2113929215,2147481599,0,1,2,3,3,1,1668,4324,2,24.375
23.766,114.5,1490.0,0.0,-4.134,163.0,-3.934,1040.0,-3.247,-2.078,0.0,862.0,632.0,715.0,91.0,91.0,32.0,21.0,14.0,0.0,10.0,1.0,0.0,0.0,0.0,0.0,nan,2,328705300,970,1198,102831,102849,89624,2113929215,2147481599,0,1,2,3,3,1,1669,4322,2,24.375
23.843,108.9,1480.0,0.0,-4.181,166.0,-3.97,1035.0,-3.217,-2.088,0.0,862.0,632.0,714.0,91.0,90.0,32.0,21.0,14.0,0.0,10.0,1.0,0.0,0.0,0.0,0.0,nan,2,328705300,973,1199,102909,102926,77945,2113929215,2147481599,0,1,2,3,3,1,1665,4331,2,24.375
23.922,110.3,1484.0,0.0,-4.25,165.0,-3.918,1036.0,-3.135,-2.126,0.0,851.0,632.0,715.0,91.0,91.0,32.0,21.0,14.0,0.0,10.0,1.0,0.0,0.0,0.0,0.0,nan,2,328705300,976,1200,102987,103005,78465,2113929215,2147481599,0,1,2,3,3,1,1665,4336,2,24.375
24.012,98.3,1474.0,0.0,-4.406,163.0,-3.901,1037.0,-3.167,-2.104,0.0,0.0,632.0,716.0,91.0,90.0,33.0,21.0,14.0,0.0,10.0,1.0,0.0,0.0,0.0,0.0,nan,2,328705300,981,1201,103077,103095,89702,2113929215,2147481599,0,1,2,3,3,1,1664,4331,2,24.375
24.09,115.8,1494.0,0.0,-3.909,171.0,-3.945,1037.0,-3.212,-2.126,0.0,860.0,632.0,713.0,91.0,90.0,32.0,21.0,14.0,0.0,10.0,1.0,0.0,0.0,0.0,0.0,nan,2,328705300,984,1202,103155,103173,78019,2113929215,2147481599,0,1,2,3,3,1,1665,4331,2,24.984999999999673
24.179,114.3,1484.0,0.0,-4.191,162.0,-3.952,1033.0,-3.133,-2.129,0.0,856.0,632.0,716.0,91.0,91.0,32.0,21.0,14.0,0.0,10.0,1.0,0.0,0.0,0.0,0.0,nan,2,328705300,987,1203,103245,103262,89583,2113929215,2147481599,0,1,2,3,3,1,1666,4327,2,24.984999999999673
24.258,110.8,1481.0,0.0,-4.211,165.0,-3.958,1034.0,-3.113,-2.134,0.0,863.0,632.0,716.0,91.0,91.0,32.0,21.0,14.0,0.0,10.0,1.0,0.0,0.0,0.0,0.0,nan,2,328705300,990,1204,103323,103341,78504,2113929215,2147481599,0,1,2,3,3,1,1668,4321,2,24.984999999999673
24.347,107.0,1480.0,0.0,-4.493,159.0,-3.936,1036.0,-3.219,-2.114,0.0,861.0,632.0,714.0,91.0,90.0,32.0,21.0,14.0,0.0,10.0,1.0,0.0,0.0,0.0,0.0,nan,2,328705300,993,1205,103412,103430,89081,2113929215,2147481599,0,1,2,3,3,1,1667,4325,2,24.984999999999673
24.425,107.2,1482.0,0.0,-4.363,160.0,-3.951,1029.0,-3.204,-2.137,0.0,865.0,632.0,715.0,91.0,91.0,32.0,21.0,14.0,0.0,10.0,1.0,0.0,0.0,0.0,0.0,nan,2,328705300,996,1206,103491,103508,78611,2113929215,2147481599,0,1,2,3,3,1,1668,4321,2,24.984999999999673
24.515,112.5,1486.0,0.0,-4.247,164.0,-3.939,1031.0,-3.127,-2.107,0.0,862.0,632.0,715.0,91.0,90.0,32.0,21.0,14.0,0.0,10.0,1.0,0.0,0.0,0.0,0.0,nan,2,328705300,1000,1207,103581,103598,89750,2113929215,2147481599,0,1,2,3,3,1,1668,4317,2,24.984999999999673
24.593,108.7,1481.0,0.0,-4.191,167.0,-3.888,1026.0,-3.174,-2.266,0.0,862.0,632.0,717.0,91.0,91.0,33.0,21.0,14.0,0.0,10.0,1.0,0.0,0.0,0.0,0.0,nan,2,328705300,1003,1208,103659,103676,78054,2113929215,2147481599,0,1,2,3,3,1,1669,4326,2,24.984999999999673
24.672,103.7,1478.0,0.0,-4.437,158.0,-3.911,1034.0,-3.235,-2.049,0.0,0.0,632.0,713.0,91.0,90.0,32.0,21.0,14.0,0.0,10.0,1.0,0.0,0.0,0.0,0.0,nan,2,328705300,1006,1209,103737,103755,78570,2113929215,2147481599,0,1,2,3,3,1,1667,4327,2,25.59400000000005
24.761,113.4,1489.0,0.0,-4.279,161.0,-3.969,1034.0,-3.135,-2.088,0.0,863.0,632.0,715.0,91.0,91.0,32.0,21.0,14.0,0.0,10.0,1.0,0.0,0.0,0.0,0.0,nan,2,328705300,1009,1210,103826,103844,89065,2113929215,2147481599,0,1,2,3,3,1,1666,4326,2,25.59400000000005
24.839,105.5,1477.0,0.0,-4.256,163.0,-3.936,1032.0,-3.239,-2.137,0.0,0.0,632.0,713.0,91.0,90.0,32.0,21.0,14.0,0.0,10.0,1.0,0.0,0.0,0.0,0.0,nan,2,328705300,1012,1211,103905,103922,78587,2113929215,2147481599,0,1,2,3,3,1,1669,4320,2,25.59400000000005
24.929,108.6,1484.0,0.0,-4.177,165.0,-3.922,1033.0,-3.111,-2.089,0.0,864.0,632.0,716.0,91.0,91.0,32.0,21.0,14.0,0.0,10.0,1.0,0.0,0.0,0.0,0.0,nan,2,328705300,1015,1212,103995,104012,89596,2113929215,2147481599,0,1,2,3,3,1,1669,4322,2,25.59400000000005
25.007,106.9,1481.0,0.0,-4.356,161.0,-3.909,1036.0,-3.332,-2.065,0.0,863.0,632.0,714.0,91.0,91.0,33.0,21.0,14.0,0.0,10.0,1.0,0.0,0.0,0.0,0.0,nan,2,328705300,1020,1213,104073,104090,78137,2113929215,2147481599,0,1,2,3,3,1,1667,4324,2,25.59400000000005
25.097,109.0,1484.0,0.0,-4.094,168.0,-3.876,1033.0,-3.309,-2.063,0.0,0.0,632.0,714.0,91.0,90.0,33.0,21.0,14.0,0.0,10.0,1.0,0.0,0.0,0.0,0.0,nan,2,328705300,1023,1214,104162,104180,89662,2113929215,2147481599,0,1,2,3,3,1,1669,4322,2,25.59400000000005
25.175,102.3,1477.0,0.0,-4.447,163.0,-3.91,1036.0,-3.177,-2.121,0.0,863.0,632.0,713.0,91.0,90.0,32.0,21.0,14.0,0.0,10.0,1.0,0.0,0.0,0.0,0.0,nan,2,328705300,1026,1215,104241,104258,78443,2113929215,2147481599,0,1,2,3,3,1,1668,4321,2,25.59400000000005
25.265,103.4,1481.0,0.0,-4.344,165.0,-3.929,1039.0,-3.303,-2.087,0.0,834.0,632.0,717.0,91.0,91.0,32.0,21.0,14.0,0.0,10.0,1.0,0.0,0.0,0.0,0.0,nan,2,328705300,1030,1216,104330,104348,89380,2113929215,2147481599,0,1,2,3,3,1,1669,4324,2,26.17199999999957
25.343,101.6,1479.0,0.0,-4.465,163.0,-3.916,1038.0,-3.242,-2.087,0.0,863.0,632.0,715.0,91.0,91.0,33.0,21.0,14.0,0.0,10.0,1.0,0.0,0.0,0.0,0.0,nan,2,328705300,1033,1217,104408,104426,78521,2113929215,2147481599,0,1,2,3,3,1,1667,4324,2,26.17199999999957
25.433,108.8,1486.0,0.0,-4.179,164.0,-3.963,1036.0,-3.152,-2.118,0.0,863.0,632.0,714.0,91.0,90.0,32.0,21.0,14.0,0.0,10.0,1.0,0.0,0.0,0.0,0.0,nan,2,328705300,1036,1218,104498,104516,89553,2113929215,2147481599,0,1,2,3,3,1,1668,4324,2,26.17199999999957
25.511,103.5,1478.0,0.0,-4.329,162.0,-3.921,1037.0,-3.261,-2.043,0.0,863.0,632.0,714.0,91.0,91.0,32.0,21.0,14.0,0.0,10.0,1.0,0.0,0.0,0.0,0.0,nan,2,328705300,1040,1219,104576,104594,78086,2113929215,2147481599,0,1,2,3,3,1,1667,4332,2,26.17199999999957
25.589,108.2,1485.0,0.0,-4.26,162.0,-3.921,1034.0,-3.176,-2.105,0.0,0.0,632.0,714.0,91.0,90.0,32.0,21.0,14.0,0.0,10.0,1.0,0.0,0.0,0.0,0.0,nan,2,328705300,1043,1220,104655,104672,78542,2113929215,2147481599,0,1,2,3,3,1,1665,4329,2,26.17199999999957
25.679,102.2,1478.0,0.0,-4.466,160.0,-3.935,1040.0,-3.237,-2.072,0.0,863.0,632.0,714.0,91.0,91.0,33.0,21.0,14.0,0.0,10.0,1.0,0.0,0.0,0.0,0.0,nan,2,328705300,1046,1221,104744,104762,89451,2113929215,2147481599,0,1,2,3,3,1,1665,4332,2,26.17199999999957
25.757,101.9,1480.0,0.0,-4.478,161.0,-3.929,1034.0,-3.156,-2.122,0.0,864.0,632.0,714.0,91.0,91.0,32.0,21.0,14.0,0.0,10.0,1.0,0.0,0.0,0.0,0.0,nan,2,328705300,1049,1222,104822,104840,77994,2113929215,2147481599,0,1,2,3,3,1,1664,4327,2,26.17199999999957
25.846,103.7,1482.0,0.0,-4.353,161.0,-3.97,1032.0,-3.163,-2.145,0.0,859.0,632.0,715.0,91.0,91.0,32.0,21.0,14.0,0.0,10.0,1.0,0.0,0.0,0.0,0.0,nan,2,328705300,1052,1223,104912,104929,89587,2113929215,2147481599,0,1,2,3,3,1,1666,4325,2,26.5
25.925,112.5,1488.0,0.0,-4.197,167.0,-3.927,1033.0,-3.197,-2.081,0.0,864.0,632.0,716.0,91.0,91.0,33.0,21.0,14.0,0.0,10.0,1.0,0.0,0.0,0.0,0.0,nan,2,328705300,1055,1224,104990,105008,78591,2113929215,2147481599,0,1,2,3,3,1,1666,4329,2,26.5
26.014,107.2,1480.0,0.0,-4.29,164.0,-3.947,1033.0,-3.161,-2.118,0.0,863.0,632.0,714.0,91.0,91.0,32.0,21.0,14.0,0.0,10.0,1.0,0.0,0.0,0.0,0.0,nan,2,328705300,1060,1225,105080,105097,89132,2113929215,2147481599,0,1,2,3,3,1,1668,4326,2,26.5
26.093,115.5,1489.0,0.0,-3.974,170.0,-3.933,1033.0,-3.224,-2.134,0.0,863.0,632.0,716.0,91.0,90.0,32.0,21.0,14.0,0.0,10.0,1.0,0.0,0.0,0.0,0.0,nan,2,328705300,1063,1226,105158,105176,78488,2113929215,2147481599,0,1,2,3,3,1,1665,4332,2,26.5
26.182,101.8,1474.0,0.0,-4.429,164.0,-3.915,1033.0,-3.097,-2.116,0.0,0.0,632.0,713.0,91.0,89.0,32.0,21.0,14.0,0.0,10.0,1.0,0.0,0.0,0.0,0.0,nan,2,328705300,1066,1227,105248,105265,89568,2113929215,2147481599,0,1,2,3,3,1,1665,4334,2,27.125
26.26,102.9,1481.0,0.0,-4.398,162.0,-3.929,1035.0,-3.201,-2.126,0.0,861.0,632.0,714.0,91.0,90.0,32.0,21.0,14.0,0.0,10.0,1.0,0.0,0.0,0.0,0.0,nan,2,328705300,1069,1228,105326,105343,78080,2113929215,2147481599,0,1,2,3,3,1,1666,4325,2,27.125
26.339,103.3,1481.0,0.0,-4.377,161.0,-3.941,1035.0,-3.295,-2.058,0.0,0.0,632.0,715.0,91.0,90.0,33.0,21.0,14.0,0.0,10.0,1.0,0.0,0.0,0.0,0.0,nan,2,328705300,1072,1229,105404,105422,78526,2113929215,2147481599,0,1,2,3,3,1,1667,4322,2,27.125
26.428,109.2,1485.0,0.0,-4.141,164.0,-3.894,1034.0,-3.095,-2.098,0.0,0.0,632.0,711.0,91.0,89.0,32.0,21.0,14.0,0.0,10.0,1.0,0.0,0.0,0.0,0.0,nan,2,328705300,1075,1230,105494,105511,89667,2113929215,2147481599,0,1,2,3,3,1,1669,4322,2,27.125
26.507,115.7,1488.0,0.0,-4.184,167.0,-3.952,1033.0,-3.212,-2.088,0.0,0.0,632.0,713.0,91.0,90.0,32.0,21.0,14.0,0.0,10.0,1.0,0.0,0.0,0.0,0.0,nan,2,328705300,1079,1231,105572,105590,78185,2113929215,2147481599,0,1,2,3,3,1,1668,4320,2,27.125
26.596,119.9,1488.0,0.0,-4.046,169.0,-3.941,1033.0,-3.261,-2.114,0.0,0.0,632.0,715.0,91.0,90.0,33.0,21.0,14.0,0.0,10.0,1.0,0.0,0.0,0.0,0.0,nan,2,328705300,1082,1232,105662,105679,89571,2113929215,2147481599,0,1,2,3,3,1,1668,4325,2,27.125
26.674,114.2,1482.0,0.0,-4.15,171.0,-3.956,1038.0,-3.234,-2.119,0.0,0.0,632.0,712.0,91.0,89.0,32.0,21.0,14.0,0.0,10.0,1.0,0.0,0.0,0.0,0.0,nan,2,328705300,1085,1233,105740,105757,78030,2113929215,2147481599,0,1,2,3,3,1,1667,4326,2,27.125
26.764,119.4,1489.0,0.0,-4.087,173.0,-3.917,1033.0,-3.217,-2.065,0.0,0.0,632.0,715.0,91.0,91.0,32.0,21.0,14.0,0.0,10.0,1.0,0.0,0.0,0.0,0.0,nan,2,328705300,1088,1234,105829,105847,89673,2113929215,2147481599,0,1,2,3,3,1,1666,4329,2,27.125
26.842,119.1,1486.0,0.0,-4.047,180.0,-3.929,1038.0,-3.237,-2.078,0.0,0.0,632.0,716.0,91.0,91.0,32.0,21.0,14.0,0.0,10.0,1.0,0.0,0.0,0.0,0.0,nan,2,328705300,1091,1235,105908,105925,78547,2113929215,2147481599,0,1,2,3,3,1,1667,4329,2,27.25
26.932,116.8,1484.0,0.0,-4.167,179.0,-3.922,1036.0,-3.243,-2.118,0.0,0.0,632.0,715.0,91.0,90.0,32.0,21.0,14.0,0.0,10.0,1.0,0.0,0.0,0.0,0.0,nan,2,328705300,1094,1236,105997,106015,89255,2113929215,2147481599,0,1,2,3,3,1,1668,4324,2,27.78099999999995
27.01,114.4,1483.0,0.0,-4.1,183.0,-3.943,1034.0,-3.174,-2.097,0.0,0.0,632.0,714.0,91.0,90.0,32.0,21.0,14.0,0.0,10.0,1.0,0.0,0.0,0.0,0.0,nan,2,328705300,1099,1237,106076,106093,78509,2113929215,2147481599,0,1,2,3,3,1,1668,4324,2,27.78099999999995
27.089,114.1,1484.0,0.0,-4.088,183.0,-3.929,1036.0,-3.144,-2.104,0.0,0.0,632.0,715.0,91.0,91.0,32.0,21.0,14.0,0.0,10.0,1.0,0.0,0.0,0.0,0.0,nan,2,328705300,1102,1238,106154,106172,78526,2113929215,2147481599,0,1,2,3,3,1,1668,4330,2,27.78099999999995
27.178,119.0,1488.0,0.0,-4.066,178.0,-3.92,1034.0,-3.219,-2.111,0.0,0.0,632.0,716.0,91.0,91.0,32.0,21.0,14.0,0.0,10.0,1.0,0.0,0.0,0.0,0.0,nan,2,328705300,1106,1239,106243,106261,89339,2113929215,2147481599,0,1,2,3,3,1,1664,4335,2,27.78099999999995
27.256,117.7,1485.0,0.0,-4.169,172.0,-3.915,1034.0,-3.137,-2.089,0.0,0.0,632.0,715.0,91.0,90.0,33.0,21.0,14.0,0.0,10.0,1.0,0.0,0.0,0.0,0.0,nan,2,328705300,1108,1240,106322,106339,78234,2113929215,2147481599,0,1,2,3,3,1,1664,4329,2,27.78099999999995
27.346,114.2,1483.0,0.0,-4.139,173.0,-3.947,1039.0,-3.281,-2.09,0.0,0.0,632.0,713.0,91.0,90.0,32.0,21.0,14.0,0.0,10.0,1.0,0.0,0.0,0.0,0.0,nan,2,328705300,1112,1241,106411,106429,89761,2113929215,2147481599,0,1,2,3,3,1,1668,4322,2,27.78099999999995
27.424,133.2,1501.0,0.0,-3.947,174.0,-3.971,1039.0,-3.309,-2.093,0.0,0.0,632.0,713.0,91.0,90.0,32.0,21.0,14.0,0.0,10.0,1.0,0.0,0.0,0.0,0.0,nan,2,328705300,1115,1242,106490,106507,78144,2113929215,2147481599,0,1,2,3,3,1,1667,4326,2,27.78099999999995
27.514,124.5,1484.0,0.0,-4.059,169.0,-3.955,1038.0,-3.234,-2.037,0.0,0.0,632.0,715.0,91.0,90.0,32.0,21.0,14.0,0.0,10.0,1.0,0.0,0.0,0.0,0.0,nan,2,328705300,1119,1243,106579,106597,89551,2113929215,2147481599,0,1,2,3,3,1,1668,4321,2,28.375
27.592,117.4,1482.0,0.0,-4.17,164.0,-3.93,1036.0,-3.202,-2.119,0.0,0.0,632.0,714.0,91.0,90.0,32.0,21.0,14.0,0.0,10.0,1.0,0.0,0.0,0.0,0.0,nan,2,328705300,1122,1244,106658,106675,78561,2113929215,2147481599,0,1,2,3,3,1,1670,4321,2,28.375
27.681,118.1,1486.0,0.0,-4.108,166.0,-3.94,1039.0,-3.213,-2.057,0.0,0.0,632.0,714.0,91.0,90.0,32.0,21.0,14.0,0.0,10.0,1.0,0.0,0.0,0.0,0.0,nan,2,328705300,1125,1245,106747,106764,88919,2113929215,2147481599,0,1,2,3,3,1,1667,4334,2,28.375
27.76,124.6,1491.0,0.0,-4.011,167.0,-3.911,1040.0,-3.178,-2.104,0.0,0.0,632.0,713.0,91.0,89.0,32.0,21.0,14.0,0.0,10.0,1.0,0.0,0.0,0.0,0.0,nan,2,328705300,1128,1246,106825,106843,78519,2113929215,2147481599,0,1,2,3,3,1,1663,4344,2,28.375
27.838,126.7,1490.0,0.0,-4.001,167.0,-3.937,1030.0,-3.265,-2.117,0.0,0.0,632.0,715.0,91.0,90.0,32.0,21.0,14.0,0.0,10.0,1.0,0.0,0.0,0.0,0.0,nan,2,328705300,1131,1247,106904,106921,78546,2113929215,2147481599,0,1,2,3,3,1,1662,4326,2,28.375
27.928,125.2,1488.0,0.0,-4.06,167.0,-3.941,1034.0,-3.24,-2.113,0.0,0.0,632.0,714.0,91.0,90.0,32.0,21.0,14.0,0.0,10.0,1.0,0.0,0.0,0.0,0.0,nan,2,328705300,1134,1248,106993,107011,89255,2113929215,2147481599,0,1,2,3,3,1,1669,4315,2,28.375
28.006,129.9,1492.0,0.0,-3.936,174.0,-3.971,1037.0,-3.242,-2.022,0.0,0.0,632.0,713.0,91.0,90.0,32.0,21.0,14.0,0.0,10.0,1.0,0.0,0.0,0.0,0.0,nan,2,328705300,1139,1249,107072,107089,78504,2113929215,2147481599,0,1,2,3,3,1,1672,4317,2,28.375
28.096,123.7,1485.0,0.0,-4.05,172.0,-3.942,1038.0,-3.168,-2.076,0.0,0.0,632.0,714.0,91.0,90.0,32.0,21.0,14.0,0.0,10.0,1.0,0.0,0.0,0.0,0.0,nan,2,328705300,1142,1250,107161,107179,89549,2113929215,2147481599,0,1,2,3,3,1,1667,4334,2,29.0
28.174,120.2,1485.0,0.0,-4.146,167.0,-3.927,1036.0,-3.225,-2.091,0.0,0.0,632.0,715.0,91.0,91.0,32.0,21.0,14.0,0.0,10.0,1.0,0.0,0.0,0.0,0.0,nan,2,328705300,1145,1251,107239,107257,78121,2113929215,2147481599,0,1,2,3,3,1,1662,4341,2,29.0
28.263,117.3,1484.0,0.0,-4.082,170.0,-3.929,1036.0,-3.159,-2.096,0.0,0.0,632.0,716.0,91.0,91.0,33.0,21.0,14.0,0.0,10.0,1.0,0.0,0.0,0.0,0.0,nan,2,328705300,1148,1252,107329,107346,89649,2113929215,2147481599,0,1,2,3,3,1,1665,4325,2,29.0
28.342,125.1,1492.0,0.0,-4.036,168.0,-3.929,1031.0,-3.12,-2.118,0.0,0.0,632.0,717.0,91.0,91.0,32.0,21.0,14.0,0.0,10.0,1.0,0.0,0.0,0.0,0.0,nan,2,328705300,1151,1253,107407,107425,78147,2113929215,2147481599,0,1,2,3,3,1,1670,4314,2,29.0
28.431,123.8,1487.0,0.0,-4.015,170.0,-3.923,1035.0,-3.203,-2.09,0.0,0.0,632.0,717.0,91.0,91.0,32.0,21.0,14.0,0.0,10.0,1.0,0.0,0.0,0.0,0.0,nan,2,328705300,1154,1254,107496,107514,89567,2113929215,2147481599,0,1,2,3,3,1,1672,4315,2,29.0
28.51,124.0,1488.0,0.0,-3.946,170.0,-3.906,1042.0,-3.208,-2.056,0.0,0.0,632.0,713.0,91.0,89.0,32.0,21.0,14.0,0.0,10.0,1.0,0.0,0.0,0.0,0.0,nan,2,328705300,1158,1255,107575,107593,78546,2113929215,2147481599,0,1,2,3,3,1,1672,4312,2,29.0
28.599,118.5,1483.0,0.0,-4.048,170.0,-3.925,1041.0,-3.265,-2.039,0.0,0.0,632.0,714.0,91.0,90.0,33.0,21.0,14.0,0.0,10.0,1.0,0.0,0.0,0.0,0.0,nan,2,328705300,1161,1256,107664,107682,89230,2113929215,2147481599,0,1,2,3,3,1,1670,4321,2,29.0
28.677,125.0,1492.0,0.0,-4.023,169.0,-3.957,1033.0,-3.16,-2.1,0.0,0.0,632.0,715.0,91.0,91.0,33.0,21.0,14.0,0.0,10.0,1.0,0.0,0.0,0.0,0.0,nan,2,328705300,1164,1257,107743,107760,78481,2113929215,2147481599,0,1,2,3,3,1,1667,4330,2,29.563000000000102
28.756,118.1,1482.0,0.0,-4.127,168.0,-3.95,1035.0,-3.302,-2.053,0.0,0.0,632.0,714.0,91.0,90.0,32.0,21.0,14.0,0.0,10.0,1.0,0.0,0.0,0.0,0.0,nan,2,328705300,1167,1258,107821,107839,78521,2113929215,2147481599,0,1,2,3,3,1,1664,4332,2,29.563000000000102
28.845,103.6,1474.0,0.0,-4.392,161.0,-3.97,1033.0,-3.243,-2.118,0.0,0.0,632.0,715.0,91.0,90.0,33.0,21.0,14.0,0.0,10.0,1.0,0.0,0.0,0.0,0.0,nan,2,328705300,1170,1259,107910,107928,89102,2113929215,2147481599,0,1,2,3,3,1,1665,4332,2,29.563000000000102
28.924,124.4,1499.0,0.0,-4.008,174.0,-3.915,1034.0,-3.223,-2.062,0.0,0.0,632.0,715.0,91.0,90.0,32.0,21.0,14.0,0.0,10.0,1.0,0.0,0.0,0.0,0.0,nan,2,328705300,1173,1260,107989,108007,78533,2113929215,2147481599,0,1,2,3,3,1,1665,4329,2,29.563000000000102
29.013,123.7,1487.0,0.0,-4.079,171.0,-3.963,1037.0,-3.264,-2.101,0.0,0.0,632.0,715.0,91.0,90.0,32.0,21.0,14.0,0.0,10.0,1.0,0.0,0.0,0.0,0.0,nan,2,328705300,1178,1261,108079,108096,89712,2113929215,2147481599,0,1,2,3,3,1,1667,4326,2,29.563000000000102
29.091,121.6,1486.0,0.0,-4.106,166.0,-3.928,1034.0,-3.187,-2.093,0.0,0.0,632.0,715.0,91.0,90.0,33.0,21.0,14.0,0.0,10.0,1.0,0.0,0.0,0.0,0.0,nan,2,328705300,1181,1262,108157,108174,77954,2113929215,2147481599,0,1,2,3,3,1,1668,4324,2,29.563000000000102
29.181,121.2,1487.0,0.0,-4.073,167.0,-3.943,1033.0,-3.237,-2.121,0.0,0.0,632.0,715.0,91.0,90.0,32.0,21.0,14.0,0.0,10.0,1.0,0.0,0.0,0.0,0.0,nan,2,328705300,1185,1263,108246,108264,89804,2113929215,2147481599,0,1,2,3,3,1,1667,4326,2,29.563000000000102
29.26,131.3,1496.0,0.0,-3.993,167.0,-3.945,1036.0,-3.182,-2.081,0.0,0.0,632.0,713.0,91.0,89.0,32.0,21.0,14.0,0.0,10.0,1.0,0.0,0.0,0.0,0.0,nan,2,328705300,1188,1264,108325,108343,78715,2113929215,2147481599,0,1,2,3,3,1,1668,4329,2,30.188000000000102
29.349,120.0,1481.0,0.0,-3.971,170.0,-3.954,1033.0,-3.109,-2.116,0.0,0.0,632.0,715.0,91.0,90.0,33.0,21.0,14.0,0.0,10.0,1.0,0.0,0.0,0.0,0.0,nan,2,328705300,1191,1265,108414,108432,88987,2113929215,2147481599,0,1,2,3,3,1,1667,4322,2,30.188000000000102
29.427,122.6,1489.0,0.0,-4.084,169.0,-3.937,1036.0,-3.264,-2.118,0.0,0.0,632.0,714.0,91.0,90.0,32.0,21.0,14.0,0.0,10.0,1.0,0.0,0.0,0.0,0.0,nan,2,328705300,1194,1266,108493,108510,78495,2113929215,2147481599,0,1,2,3,3,1,1666,4326,2,30.188000000000102
29.517,123.4,1488.0,0.0,-4.032,170.0,-3.932,1040.0,-3.241,-2.024,0.0,0.0,632.0,715.0,91.0,90.0,32.0,21.0,14.0,0.0,10.0,1.0,0.0,0.0,0.0,0.0,nan,2,328705300,1198,1267,108582,108600,89448,2113929215,2147481599,0,1,2,3,3,1,1666,4332,2,30.188000000000102
29.595,123.4,1488.0,0.0,-4.029,168.0,-3.906,1034.0,-3.148,-2.146,0.0,0.0,632.0,714.0,91.0,90.0,32.0,21.0,14.0,0.0,10.0,1.0,0.0,0.0,0.0,0.0,nan,2,328705300,1201,1268,108660,108678,78222,2113929215,2147481599,0,1,2,3,3,1,1667,4325,2,30.188000000000102
29.673,121.6,1486.0,0.0,-4.029,170.0,-3.916,1034.0,-3.154,-2.104,0.0,0.0,632.0,717.0,91.0,91.0,32.0,21.0,14.0,0.0,10.0,1.0,0.0,0.0,0.0,0.0,nan,2,328705300,1204,1269,108739,108756,78598,2113929215,2147481599,0,1,2,3,3,1,1666,4327,2,30.188000000000102
29.763,122.2,1488.0,0.0,-4.064,168.0,-3.947,1037.0,-3.285,-2.09,0.0,0.0,632.0,716.0,91.0,91.0,32.0,21.0,14.0,0.0,10.0,1.0,0.0,0.0,0.0,0.0,nan,2,328705300,1207,1270,108828,108846,89445,2113929215,2147481599,0,1,2,3,3,1,1668,4325,2,30.188000000000102
29.841,124.6,1489.0,0.0,-4.073,167.0,-3.932,1038.0,-3.225,-2.052,0.0,0.0,632.0,714.0,91.0,90.0,32.0,21.0,14.0,0.0,10.0,1.0,0.0,0.0,0.0,0.0,nan,2,328705300,1210,1271,108906,108924,78141,2113929215,2147481599,0,1,2,3,3,1,1668,4320,2,30.188000000000102
29.931,118.4,1483.0,0.0,-4.143,166.0,-3.926,1039.0,-3.212,-2.058,0.0,0.0,632.0,715.0,91.0,90.0,32.0,21.0,14.0,0.0,10.0,1.0,0.0,0.0,0.0,0.0,nan,2,328705300,1213,1272,108996,109014,89503,2113929215,2147481599,0,1,2,3,3,1,1669,4320,2,30.78099999999995
30.009,122.1,1489.0,0.0,-4.101,167.0,-3.912,1030.0,-3.162,-2.166,0.0,0.0,632.0,716.0,91.0,91.0,32.0,21.0,14.0,0.0,10.0,1.0,0.0,0.0,0.0,0.0,nan,2,328705300,1218,1273,109074,109092,78338,2113929215,2147481599,0,1,2,3,3,1,1670,4322,2,30.78099999999995
30.098,131.5,1495.0,0.0,-3.947,170.0,-3.909,1033.0,-3.124,-2.147,0.0,0.0,632.0,714.0,91.0,90.0,32.0,21.0,14.0,0.0,10.0,1.0,0.0,0.0,0.0,0.0,nan,2,328705300,1221,1274,109164,109181,89437,2113929215,2147481599,0,1,2,3,3,1,1667,4326,2,30.78099999999995
30.177,122.8,1483.0,0.0,-4.1,168.0,-3.924,1033.0,-3.195,-2.134,0.0,0.0,632.0,716.0,91.0,91.0,32.0,21.0,14.0,0.0,10.0,1.0,0.0,0.0,0.0,0.0,nan,2,328705300,1224,1275,109242,109260,78584,2113929215,2147481599,0,1,2,3,3,1,1667,4327,2,30.78099999999995
30.266,121.6,1486.0,0.0,-4.12,168.0,-3.92,1033.0,-3.215,-2.136,0.0,0.0,632.0,714.0,91.0,90.0,32.0,21.0,14.0,0.0,10.0,1.0,0.0,0.0,0.0,0.0,nan,2,328705300,1227,1276,109331,109349,89111,2113929215,2147481599,0,1,2,3,3,1,1669,4319,2,30.78099999999995
30.345,120.0,1486.0,0.0,-4.122,168.0,-3.915,1036.0,-3.197,-2.124,0.0,0.0,632.0,714.0,91.0,89.0,32.0,21.0,14.0,0.0,10.0,1.0,0.0,0.0,0.0,0.0,nan,2,328705300,1230,1277,109410,109428,78484,2113929215,2147481599,0,1,2,3,3,1,1667,4324,2,30.78099999999995
30.423,131.7,1497.0,0.0,-3.908,171.0,-3.925,1031.0,-3.097,-2.143,0.0,0.0,632.0,714.0,91.0,89.0,32.0,21.0,14.0,0.0,10.0,1.0,0.0,0.0,0.0,0.0,nan,2,328705300,1233,1278,109489,109506,78674,2113929215,2147481599,0,1,2,3,3,1,1668,4327,2,30.78099999999995
30.512,124.4,1485.0,0.0,-4.055,169.0,-3.941,1033.0,-3.18,-2.145,0.0,0.0,632.0,714.0,91.0,90.0,32.0,21.0,14.0,0.0,10.0,1.0,0.0,0.0,0.0,0.0,nan,2,328705300,1237,1279,109578,109595,89050,2113929215,2147481599,0,1,2,3,3,1,1667,4327,2,31.359999999999673
30.591,125.6,1489.0,0.0,-3.97,171.0,-3.921,1029.0,-3.176,-2.158,0.0,0.0,632.0,714.0,91.0,90.0,32.0,21.0,14.0,0.0,10.0,1.0,0.0,0.0,0.0,0.0,nan,2,328705300,1240,1280,109656,109674,78525,2113929215,2147481599,0,1,2,3,3,1,1667,4329,2,31.359999999999673
30.68,118.2,1483.0,0.0,-4.063,168.0,-3.941,1036.0,-3.195,-2.067,0.0,0.0,632.0,714.0,91.0,90.0,32.0,21.0,14.0,0.0,10.0,1.0,0.0,0.0,0.0,0.0,nan,2,328705300,1243,1281,109746,109763,89634,2113929215,2147481599,0,1,2,3,3,1,1667,4327,2,31.359999999999673
30.758,121.5,1489.0,0.0,-4.243,164.0,-3.935,1037.0,-3.212,-2.078,0.0,0.0,632.0,714.0,91.0,90.0,32.0,21.0,14.0,0.0,10.0,1.0,0.0,0.0,0.0,0.0,nan,2,328705300,1246,1282,109824,109841,78069,2113929215,2147481599,0,1,2,3,3,1,1666,4326,2,31.359999999999673
30.848,125.6,1490.0,0.0,-3.95,172.0,-3.943,1033.0,-3.128,-2.156,0.0,0.0,632.0,714.0,91.0,90.0,32.0,21.0,14.0,0.0,10.0,1.0,0.0,0.0,0.0,0.0,nan,2,328705300,1249,1283,109914,109931,89596,2113929215,2147481599,0,1,2,3,3,1,1666,4334,2,31.359999999999673
30.927,119.2,1483.0,0.0,-4.022,168.0,-3.927,1035.0,-3.186,-2.102,0.0,0.0,632.0,715.0,91.0,91.0,32.0,21.0,14.0,0.0,10.0,1.0,0.0,0.0,0.0,0.0,nan,2,328705300,1252,1284,109992,110010,78528,2113929215,2147481599,0,1,2,3,3,1,1665,4326,2,31.359999999999673
31.016,111.0,1480.0,0.0,-4.17,166.0,-3.943,1037.0,-3.307,-2.099,0.0,0.0,632.0,713.0,91.0,89.0,32.0,21.0,14.0,0.0,10.0,1.0,0.0,0.0,0.0,0.0,nan,2,328705300,1257,1285,110081,110099,89141,2113929215,2147481599,0,1,2,3,3,1,1667,4326,2,31.359999999999673
31.094,125.2,1496.0,0.0,-3.995,167.0,-3.901,1038.0,-3.231,-2.086,0.0,0.0,632.0,714.0,91.0,90.0,32.0,21.0,14.0,0.0,10.0,1.0,0.0,0.0,0.0,0.0,nan,2,328705300,1260,1286,110160,110177,78543,2113929215,2147481599,0,1,2,3,3,1,1667,4329,2,31.938000000000102
31.184,134.4,1496.0,0.0,-3.967,170.0,-3.962,1031.0,-3.158,-2.131,0.0,0.0,632.0,716.0,91.0,90.0,32.0,21.0,14.0,0.0,10.0,1.0,0.0,0.0,0.0,0.0,nan,2,328705300,1264,1287,110249,110267,89913,2113929215,2147481599,0,1,2,3,3,1,1668,4320,2,31.938000000000102
31.262,122.9,1482.0,0.0,-4.037,167.0,-3.925,1036.0,-3.248,-2.078,0.0,0.0,632.0,715.0,91.0,90.0,32.0,21.0,14.0,0.0,10.0,1.0,0.0,0.0,0.0,0.0,nan,2,328705300,1267,1288,110327,110345,78052,2113929215,2147481599,0,1,2,3,3,1,1668,4325,2,31.938000000000102
31.341,123.7,1488.0,0.0,-4.108,169.0,-3.964,1033.0,-3.172,-2.127,0.0,0.0,632.0,715.0,91.0,90.0,32.0,21.0,14.0,0.0,10.0,1.0,0.0,0.0,0.0,0.0,nan,2,328705300,1270,1289,110406,110424,78541,2113929215,2147481599,0,1,2,3,3,1,1668,4322,2,31.938000000000102
31.43,121.8,1486.0,0.0,-4.055,167.0,-3.917,1035.0,-3.261,-2.077,0.0,0.0,632.0,715.0,91.0,90.0,32.0,21.0,14.0,0.0,10.0,1.0,0.0,0.0,0.0,0.0,nan,2,328705300,1273,1290,110496,110513,89634,2113929215,2147481599,0,1,2,3,3,1,1669,4317,2,31.938000000000102
31.508,120.4,1486.0,0.0,-4.203,167.0,-3.876,1034.0,-3.214,-2.077,0.0,0.0,632.0,715.0,91.0,90.0,32.0,21.0,14.0,0.0,10.0,1.0,0.0,0.0,0.0,0.0,nan,2,328705300,1277,1291,110574,110591,78040,2113929215,2147481599,0,1,2,3,3,1,1669,4319,2,31.938000000000102
31.598,119.5,1486.0,0.0,-4.208,166.0,-3.961,1032.0,-3.162,-2.136,0.0,0.0,632.0,714.0,91.0,89.0,32.0,21.0,14.0,0.0,10.0,1.0,0.0,0.0,0.0,0.0,nan,2,328705300,1280,1292,110663,110681,89437,2113929215,2147481599,0,1,2,3,3,1,1669,4325,2,31.938000000000102
