session,tx_seq,host_t,schema,control_seq,param_revision,input_seq,detail_flags,process_us,previous_mode,ref_start,ref_end,ref_count,center_count,hold_count,radar_packets,radar_crc_bad,radar_verlen_bad,radar_angle_bad,radar_header_missing,radar_sync_offset,radar_angle_bins,radar_sync_fail_total,radar_missing_total,input_drop_total,tx_drop_total,motor_drop_total,pd_err_previous,pd_err,pd_p,pd_d,pd_kp,pd_kd,pwm_unclamped,pwm_mid,ref_x,ref_y,ref_dy,pd_line_k,pd_line_b,pd_err_before_reset,center_mean,width_candidate,previous_source,source,path_reason,command_applied,far_valid,left_near_count,right_near_count,left_far_count,right_far_count,width_source,bend_code,front_points,candidate_pwm,final_pwm,near_x,far_x,near_a,far_a,track_width,left_rms,right_rms,left_span,right_span,left_gap,right_gap,left_far_rms,right_far_rms,left_far_span,right_far_span
81662400,4,0.9220000000059372,2,5961,8,5961,0,3976,,,,,,0,,,,,,,,,,0,4,0,-473.99029541015625,0.0,0.0,0.0,0.0,0.0,0.0,1445.0,,0.0,,,,,,,1,3,1,0,0,3,3,1,1,1,0,243,1238,1238,0.0,0.0,0.0,0.0,454.1480712890625,0.0,0.0,154.52597045898438,149.38189697265625,82.7015380859375,95.0697021484375,0.0,0.0,0.0,0.0
81662400,7,0.9220000000059372,2,5962,8,5962,0,3756,,,,,,0,,,,,,,,,,0,4,0,-473.99029541015625,0.0,0.0,0.0,0.0,0.0,0.0,1445.0,,0.0,,,,,,,1,3,1,0,0,0,0,0,0,1,0,221,1238,1238,0.0,0.0,0.0,0.0,454.1480712890625,0.0,0.0,0.0,0.0,0.0,0.0,0.0,0.0,0.0,0.0
81662400,10,0.9220000000059372,2,5963,9,5963,0,3496,,,,,,0,,,,,,,,,,0,4,0,-473.99029541015625,0.0,0.0,0.0,0.0,0.0,0.0,1445.0,,0.0,,,,,,,1,3,1,0,0,0,0,0,0,1,0,188,1238,1238,0.0,0.0,0.0,0.0,454.1480712890625,0.0,0.0,0.0,0.0,0.0,0.0,0.0,0.0,0.0,0.0
81662400,13,0.9220000000059372,2,5964,9,5964,0,3320,,,,,,0,,,,,,,,,,0,4,0,-473.99029541015625,0.0,0.0,0.0,0.0,0.0,0.0,1445.0,,0.0,,,,,,,1,3,1,0,0,0,0,0,0,1,0,149,1238,1238,0.0,0.0,0.0,0.0,454.1480712890625,0.0,0.0,0.0,0.0,0.0,0.0,0.0,0.0,0.0,0.0
81662400,16,0.9220000000059372,2,5965,9,5965,0,2994,,,,,,0,,,,,,,,,,0,4,0,-473.99029541015625,0.0,0.0,0.0,0.0,0.0,0.0,1445.0,,0.0,,,,,,,1,3,1,0,0,0,0,0,0,1,0,102,1238,1238,0.0,0.0,0.0,0.0,454.1480712890625,0.0,0.0,0.0,0.0,0.0,0.0,0.0,0.0,0.0,0.0
81662400,19,0.9220000000059372,2,5966,9,5966,0,2642,,,,,,0,,,,,,,,,,0,4,0,-473.99029541015625,0.0,0.0,0.0,0.0,0.0,0.0,1445.0,,0.0,,,,,,,1,3,1,0,0,0,0,0,0,1,0,66,1238,1238,0.0,0.0,0.0,0.0,454.1480712890625,0.0,0.0,0.0,0.0,0.0,0.0,0.0,0.0,0.0,0.0
81662400,23,0.9220000000059372,2,5967,9,5967,0,2205,,,,,,0,,,,,,,,,,0,4,0,-473.99029541015625,0.0,0.0,0.0,0.0,0.0,0.0,1445.0,,0.0,,,,,,,1,3,1,0,0,0,0,0,0,1,0,36,1238,1238,0.0,0.0,0.0,0.0,454.1480712890625,0.0,0.0,0.0,0.0,0.0,0.0,0.0,0.0,0.0,0.0
81662400,26,1.4220000000059372,2,5968,9,5968,0,2100,,,,,,0,,,,,,,,,,0,4,0,-473.99029541015625,0.0,0.0,0.0,0.0,0.0,0.0,1445.0,,0.0,,,,,,,1,3,1,0,0,0,0,0,0,1,0,31,1238,1238,0.0,0.0,0.0,0.0,454.1480712890625,0.0,0.0,0.0,0.0,0.0,0.0,0.0,0.0,0.0,0.0
81662400,63,1.4220000000059372,2,5971,9,5971,0,1462,,,,,,0,,,,,,,,,,0,7,0,-473.99029541015625,0.0,0.0,0.0,0.0,0.0,0.0,1445.0,,0.0,,,,,,,1,3,1,0,0,0,0,0,0,1,0,0,1238,1238,0.0,0.0,0.0,0.0,454.1480712890625,0.0,0.0,0.0,0.0,0.0,0.0,0.0,0.0,0.0,0.0
81662400,66,1.4220000000059372,2,5972,9,5972,0,1453,,,,,,0,,,,,,,,,,0,7,0,-473.99029541015625,0.0,0.0,0.0,0.0,0.0,0.0,1445.0,,0.0,,,,,,,1,3,1,0,0,0,0,0,0,1,0,0,1238,1238,0.0,0.0,0.0,0.0,454.1480712890625,0.0,0.0,0.0,0.0,0.0,0.0,0.0,0.0,0.0,0.0
81662400,71,1.9220000000059372,2,5973,9,5973,0,1491,,,,,,0,,,,,,,,,,0,7,0,-473.99029541015625,0.0,0.0,0.0,0.0,0.0,0.0,1445.0,,0.0,,,,,,,1,3,1,0,0,0,0,0,0,1,0,0,1238,1238,0.0,0.0,0.0,0.0,454.1480712890625,0.0,0.0,0.0,0.0,0.0,0.0,0.0,0.0,0.0,0.0
81662400,74,1.9220000000059372,2,5974,9,5974,0,1642,,,,,,0,,,,,,,,,,0,7,0,-473.99029541015625,0.0,0.0,0.0,0.0,0.0,0.0,1445.0,,0.0,,,,,,,1,3,1,0,0,0,0,0,0,1,0,0,1238,1238,0.0,0.0,0.0,0.0,454.1480712890625,0.0,0.0,0.0,0.0,0.0,0.0,0.0,0.0,0.0,0.0
81662400,77,1.9220000000059372,2,5975,9,5975,0,1653,,,,,,0,,,,,,,,,,0,7,0,-473.99029541015625,0.0,0.0,0.0,0.0,0.0,0.0,1445.0,,0.0,,,,,,,1,3,1,0,0,0,0,0,0,1,0,0,1238,1238,0.0,0.0,0.0,0.0,454.1480712890625,0.0,0.0,0.0,0.0,0.0,0.0,0.0,0.0,0.0,0.0
81662400,81,1.9220000000059372,2,5976,9,5976,0,1635,,,,,,0,,,,,,,,,,0,7,0,-473.99029541015625,0.0,0.0,0.0,0.0,0.0,0.0,1445.0,,0.0,,,,,,,1,3,1,0,0,0,0,0,0,1,0,0,1238,1238,0.0,0.0,0.0,0.0,454.1480712890625,0.0,0.0,0.0,0.0,0.0,0.0,0.0,0.0,0.0,0.0
81662400,84,1.9220000000059372,2,5977,9,5977,0,1631,,,,,,0,,,,,,,,,,0,7,0,-473.99029541015625,0.0,0.0,0.0,0.0,0.0,0.0,1445.0,,0.0,,,,,,,1,3,1,0,0,0,0,0,0,1,0,0,1238,1238,0.0,0.0,0.0,0.0,454.1480712890625,0.0,0.0,0.0,0.0,0.0,0.0,0.0,0.0,0.0,0.0
81662400,87,1.9220000000059372,2,5978,9,5978,0,1520,,,,,,0,,,,,,,,,,0,7,0,-473.99029541015625,0.0,0.0,0.0,0.0,0.0,0.0,1445.0,,0.0,,,,,,,1,3,1,0,0,0,0,0,0,1,0,0,1238,1238,0.0,0.0,0.0,0.0,454.1480712890625,0.0,0.0,0.0,0.0,0.0,0.0,0.0,0.0,0.0,0.0
81662400,91,2.2189999999973224,2,5979,9,5979,0,1592,,,,,,0,,,,,,,,,,0,7,0,-473.99029541015625,0.0,0.0,0.0,0.0,0.0,0.0,1445.0,,0.0,,,,,,,1,3,1,0,0,0,0,0,0,1,0,0,1238,1238,0.0,0.0,0.0,0.0,454.1480712890625,0.0,0.0,0.0,0.0,0.0,0.0,0.0,0.0,0.0,0.0
81662400,94,2.2189999999973224,2,5980,9,5980,0,1758,,,,,,0,,,,,,,,,,0,7,0,-473.99029541015625,0.0,0.0,0.0,0.0,0.0,0.0,1445.0,,0.0,,,,,,,1,3,1,0,0,0,0,0,0,1,0,0,1238,1238,0.0,0.0,0.0,0.0,454.1480712890625,0.0,0.0,0.0,0.0,0.0,0.0,0.0,0.0,0.0,0.0
81662400,97,2.2189999999973224,2,5981,9,5981,0,1878,,,,,,0,,,,,,,,,,0,7,0,-473.99029541015625,0.0,0.0,0.0,0.0,0.0,0.0,1445.0,,0.0,,,,,,,1,3,1,0,0,0,0,0,0,1,0,0,1238,1238,0.0,0.0,0.0,0.0,454.1480712890625,0.0,0.0,0.0,0.0,0.0,0.0,0.0,0.0,0.0,0.0
81662400,100,2.2189999999973224,2,5982,9,5982,0,1870,,,,,,0,,,,,,,,,,0,7,0,-473.99029541015625,0.0,0.0,0.0,0.0,0.0,0.0,1445.0,,0.0,,,,,,,1,3,1,0,0,0,0,0,0,1,0,0,1238,1238,0.0,0.0,0.0,0.0,454.1480712890625,0.0,0.0,0.0,0.0,0.0,0.0,0.0,0.0,0.0,0.0
81662400,103,2.5310000000026776,2,5983,9,5983,0,1886,,,,,,0,,,,,,,,,,0,7,0,-473.99029541015625,0.0,0.0,0.0,0.0,0.0,0.0,1445.0,,0.0,,,,,,,1,3,1,0,0,0,0,0,0,1,0,0,1238,1238,0.0,0.0,0.0,0.0,454.1480712890625,0.0,0.0,0.0,0.0,0.0,0.0,0.0,0.0,0.0,0.0
81662400,106,2.5310000000026776,2,5984,9,5984,0,1986,,,,,,0,,,,,,,,,,0,7,0,-473.99029541015625,0.0,0.0,0.0,0.0,0.0,0.0,1445.0,,0.0,,,,,,,1,3,1,0,0,0,0,0,0,1,0,0,1238,1238,0.0,0.0,0.0,0.0,454.1480712890625,0.0,0.0,0.0,0.0,0.0,0.0,0.0,0.0,0.0,0.0
81662400,111,2.5310000000026776,2,5985,9,5985,0,1964,,,,,,0,,,,,,,,,,0,7,0,-473.99029541015625,0.0,0.0,0.0,0.0,0.0,0.0,1445.0,,0.0,,,,,,,1,3,1,0,0,0,0,0,0,1,0,0,1238,1238,0.0,0.0,0.0,0.0,454.1480712890625,0.0,0.0,0.0,0.0,0.0,0.0,0.0,0.0,0.0,0.0
81662400,114,2.5310000000026776,2,5986,9,5986,0,1931,,,,,,0,,,,,,,,,,0,7,0,-473.99029541015625,0.0,0.0,0.0,0.0,0.0,0.0,1445.0,,0.0,,,,,,,1,3,1,0,0,0,0,0,0,1,0,0,1238,1238,0.0,0.0,0.0,0.0,454.1480712890625,0.0,0.0,0.0,0.0,0.0,0.0,0.0,0.0,0.0,0.0
81662400,117,3.0939999999973224,2,5987,9,5987,0,1910,,,,,,0,,,,,,,,,,0,7,0,-473.99029541015625,0.0,0.0,0.0,0.0,0.0,0.0,1445.0,,0.0,,,,,,,1,3,1,0,0,0,0,0,0,1,0,0,1238,1238,0.0,0.0,0.0,0.0,454.1480712890625,0.0,0.0,0.0,0.0,0.0,0.0,0.0,0.0,0.0,0.0
81662400,120,3.0939999999973224,2,5988,9,5988,0,1933,,,,,,0,,,,,,,,,,0,7,0,-473.99029541015625,0.0,0.0,0.0,0.0,0.0,0.0,1445.0,,0.0,,,,,,,1,3,1,0,0,0,0,0,0,1,0,0,1238,1238,0.0,0.0,0.0,0.0,454.1480712890625,0.0,0.0,0.0,0.0,0.0,0.0,0.0,0.0,0.0,0.0
81662400,123,3.0939999999973224,2,5989,9,5989,0,1923,,,,,,0,,,,,,,,,,0,7,0,-473.99029541015625,0.0,0.0,0.0,0.0,0.0,0.0,1445.0,,0.0,,,,,,,1,3,1,0,0,0,0,0,0,1,0,0,1238,1238,0.0,0.0,0.0,0.0,454.1480712890625,0.0,0.0,0.0,0.0,0.0,0.0,0.0,0.0,0.0,0.0
81662400,126,3.0939999999973224,2,5990,9,5990,0,1779,,,,,,0,,,,,,,,,,0,7,0,-473.99029541015625,0.0,0.0,0.0,0.0,0.0,0.0,1445.0,,0.0,,,,,,,1,3,1,0,0,0,0,0,0,1,0,0,1238,1238,0.0,0.0,0.0,0.0,454.1480712890625,0.0,0.0,0.0,0.0,0.0,0.0,0.0,0.0,0.0,0.0
81662400,130,3.0939999999973224,2,5991,9,5991,0,1576,,,,,,0,,,,,,,,,,0,7,0,-473.99029541015625,0.0,0.0,0.0,0.0,0.0,0.0,1445.0,,0.0,,,,,,,1,3,1,0,0,0,0,0,0,1,0,0,1238,1238,0.0,0.0,0.0,0.0,454.1480712890625,0.0,0.0,0.0,0.0,0.0,0.0,0.0,0.0,0.0,0.0
81662400,133,3.0939999999973224,2,5992,9,5992,0,1758,,,,,,0,,,,,,,,,,0,7,0,-473.99029541015625,0.0,0.0,0.0,0.0,0.0,0.0,1445.0,,0.0,,,,,,,1,3,1,0,0,0,0,0,0,1,0,0,1238,1238,0.0,0.0,0.0,0.0,454.1480712890625,0.0,0.0,0.0,0.0,0.0,0.0,0.0,0.0,0.0,0.0
81662400,136,3.1560000000026776,2,5993,9,5993,0,1908,,,,,,0,,,,,,,,,,0,7,0,-473.99029541015625,0.0,0.0,0.0,0.0,0.0,0.0,1445.0,,0.0,,,,,,,1,3,1,0,0,0,0,0,0,1,0,0,1238,1238,0.0,0.0,0.0,0.0,454.1480712890625,0.0,0.0,0.0,0.0,0.0,0.0,0.0,0.0,0.0,0.0
81662400,139,3.687999999994645,2,5994,9,5994,0,1986,,,,,,0,,,,,,,,,,0,7,0,-473.99029541015625,0.0,0.0,0.0,0.0,0.0,0.0,1445.0,,0.0,,,,,,,1,3,1,0,0,0,0,0,0,1,0,0,1238,1238,0.0,0.0,0.0,0.0,454.1480712890625,0.0,0.0,0.0,0.0,0.0,0.0,0.0,0.0,0.0,0.0
81662400,142,3.687999999994645,2,5995,9,5995,0,2066,,,,,,0,,,,,,,,,,0,7,0,-473.99029541015625,0.0,0.0,0.0,0.0,0.0,0.0,1445.0,,0.0,,,,,,,1,3,1,0,0,0,0,0,0,1,0,0,1238,1238,0.0,0.0,0.0,0.0,454.1480712890625,0.0,0.0,0.0,0.0,0.0,0.0,0.0,0.0,0.0,0.0
81662400,145,3.687999999994645,2,5996,9,5996,0,2068,,,,,,0,,,,,,,,,,0,7,0,-473.99029541015625,0.0,0.0,0.0,0.0,0.0,0.0,1445.0,,0.0,,,,,,,1,3,1,0,0,0,0,0,0,1,0,0,1238,1238,0.0,0.0,0.0,0.0,454.1480712890625,0.0,0.0,0.0,0.0,0.0,0.0,0.0,0.0,0.0,0.0
81662400,150,3.687999999994645,2,5997,9,5997,0,2091,,,,,,0,,,,,,,,,,0,7,0,-473.99029541015625,0.0,0.0,0.0,0.0,0.0,0.0,1445.0,,0.0,,,,,,,1,3,1,0,0,0,0,0,0,1,0,0,1238,1238,0.0,0.0,0.0,0.0,454.1480712890625,0.0,0.0,0.0,0.0,0.0,0.0,0.0,0.0,0.0,0.0
81662400,153,3.687999999994645,2,5998,9,5998,0,2071,,,,,,0,,,,,,,,,,0,7,0,-473.99029541015625,0.0,0.0,0.0,0.0,0.0,0.0,1445.0,,0.0,,,,,,,1,3,1,0,0,0,0,0,0,1,0,0,1238,1238,0.0,0.0,0.0,0.0,454.1480712890625,0.0,0.0,0.0,0.0,0.0,0.0,0.0,0.0,0.0,0.0
81662400,156,3.687999999994645,2,5999,9,5999,0,2064,,,,,,0,,,,,,,,,,0,7,0,-473.99029541015625,0.0,0.0,0.0,0.0,0.0,0.0,1445.0,,0.0,,,,,,,1,3,1,0,0,0,0,0,0,1,0,0,1238,1238,0.0,0.0,0.0,0.0,454.1480712890625,0.0,0.0,0.0,0.0,0.0,0.0,0.0,0.0,0.0,0.0
81662400,160,3.985000000000582,2,6000,9,6000,0,2132,,,,,,0,,,,,,,,,,0,7,0,-473.99029541015625,0.0,0.0,0.0,0.0,0.0,0.0,1445.0,,0.0,,,,,,,1,3,1,0,0,0,0,0,0,1,0,0,1238,1238,0.0,0.0,0.0,0.0,454.1480712890625,0.0,0.0,0.0,0.0,0.0,0.0,0.0,0.0,0.0,0.0
81662400,163,3.985000000000582,2,6001,9,6001,0,2215,,,,,,0,,,,,,,,,,0,7,0,-473.99029541015625,0.0,0.0,0.0,0.0,0.0,0.0,1445.0,,0.0,,,,,,,1,3,1,0,0,0,0,0,0,1,0,0,1238,1238,0.0,0.0,0.0,0.0,454.1480712890625,0.0,0.0,0.0,0.0,0.0,0.0,0.0,0.0,0.0,0.0
81662400,166,3.985000000000582,2,6002,9,6002,0,2282,,,,,,0,,,,,,,,,,0,7,0,-473.99029541015625,0.0,0.0,0.0,0.0,0.0,0.0,1445.0,,0.0,,,,,,,1,3,1,0,0,0,0,0,0,1,0,0,1238,1238,0.0,0.0,0.0,0.0,454.1480712890625,0.0,0.0,0.0,0.0,0.0,0.0,0.0,0.0,0.0,0.0
81662400,170,3.985000000000582,2,6003,9,6003,0,2368,,,,,,0,,,,,,,,,,0,7,0,-473.99029541015625,0.0,0.0,0.0,0.0,0.0,0.0,1445.0,,0.0,,,,,,,1,3,1,0,0,0,0,0,0,1,0,0,1238,1238,0.0,0.0,0.0,0.0,454.1480712890625,0.0,0.0,0.0,0.0,0.0,0.0,0.0,0.0,0.0,0.0
81662400,173,4.547000000005937,2,6004,9,6004,0,2302,,,,,,0,,,,,,,,,,0,7,0,-473.99029541015625,0.0,0.0,0.0,0.0,0.0,0.0,1445.0,,0.0,,,,,,,1,3,1,0,0,0,0,0,0,1,0,0,1238,1238,0.0,0.0,0.0,0.0,454.1480712890625,0.0,0.0,0.0,0.0,0.0,0.0,0.0,0.0,0.0,0.0
81662400,176,4.547000000005937,2,6005,9,6005,0,2405,,,,,,0,,,,,,,,,,0,7,0,-473.99029541015625,0.0,0.0,0.0,0.0,0.0,0.0,1445.0,,0.0,,,,,,,1,3,1,0,0,0,0,0,0,1,0,0,1238,1238,0.0,0.0,0.0,0.0,454.1480712890625,0.0,0.0,0.0,0.0,0.0,0.0,0.0,0.0,0.0,0.0
81662400,179,4.547000000005937,2,6006,9,6006,0,2520,,,,,,0,,,,,,,,,,0,7,0,-473.99029541015625,0.0,0.0,0.0,0.0,0.0,0.0,1445.0,,0.0,,,,,,,1,3,1,0,0,0,0,0,0,1,0,0,1238,1238,0.0,0.0,0.0,0.0,454.1480712890625,0.0,0.0,0.0,0.0,0.0,0.0,0.0,0.0,0.0,0.0
81662400,182,4.547000000005937,2,6007,9,6007,0,2496,,,,,,0,,,,,,,,,,0,7,0,-473.99029541015625,0.0,0.0,0.0,0.0,0.0,0.0,1445.0,,0.0,,,,,,,1,3,1,0,0,0,0,0,0,1,0,0,1238,1238,0.0,0.0,0.0,0.0,454.1480712890625,0.0,0.0,0.0,0.0,0.0,0.0,0.0,0.0,0.0,0.0
81662400,185,4.547000000005937,2,6008,9,6008,0,2506,,,,,,0,,,,,,,,,,0,7,0,-473.99029541015625,0.0,0.0,0.0,0.0,0.0,0.0,1445.0,,0.0,,,,,,,1,3,1,0,0,0,0,0,0,1,0,0,1238,1238,0.0,0.0,0.0,0.0,454.1480712890625,0.0,0.0,0.0,0.0,0.0,0.0,0.0,0.0,0.0,0.0
81662400,190,4.547000000005937,2,6009,9,6009,0,2511,,,,,,0,,,,,,,,,,0,7,0,-473.99029541015625,0.0,0.0,0.0,0.0,0.0,0.0,1445.0,,0.0,,,,,,,1,3,1,0,0,0,0,0,0,1,0,0,1238,1238,0.0,0.0,0.0,0.0,454.1480712890625,0.0,0.0,0.0,0.0,0.0,0.0,0.0,0.0,0.0,0.0
81662400,193,4.547000000005937,2,6010,9,6010,0,2538,,,,,,0,,,,,,,,,,0,7,0,-473.99029541015625,0.0,0.0,0.0,0.0,0.0,0.0,1445.0,,0.0,,,,,,,1,3,1,0,0,0,0,0,0,1,0,0,1238,1238,0.0,0.0,0.0,0.0,454.1480712890625,0.0,0.0,0.0,0.0,0.0,0.0,0.0,0.0,0.0,0.0
81662400,196,5.110000000000582,2,6011,9,6011,0,2469,,,,,,0,,,,,,,,,,0,7,0,-473.99029541015625,0.0,0.0,0.0,0.0,0.0,0.0,1445.0,,0.0,,,,,,,1,3,1,0,0,0,0,0,0,1,0,0,1238,1238,0.0,0.0,0.0,0.0,454.1480712890625,0.0,0.0,0.0,0.0,0.0,0.0,0.0,0.0,0.0,0.0
81662400,199,5.110000000000582,2,6012,9,6012,0,2403,,,,,,0,,,,,,,,,,0,7,0,-473.99029541015625,0.0,0.0,0.0,0.0,0.0,0.0,1445.0,,0.0,,,,,,,1,3,1,0,0,0,0,0,0,1,0,0,1238,1238,0.0,0.0,0.0,0.0,454.1480712890625,0.0,0.0,0.0,0.0,0.0,0.0,0.0,0.0,0.0,0.0
81662400,202,5.110000000000582,2,6013,9,6013,0,2369,,,,,,0,,,,,,,,,,0,7,0,-473.99029541015625,0.0,0.0,0.0,0.0,0.0,0.0,1445.0,,0.0,,,,,,,1,3,1,0,0,0,0,0,0,1,0,0,1238,1238,0.0,0.0,0.0,0.0,454.1480712890625,0.0,0.0,0.0,0.0,0.0,0.0,0.0,0.0,0.0,0.0
81662400,205,5.110000000000582,2,6014,9,6014,0,2376,,,,,,0,,,,,,,,,,0,7,0,-473.99029541015625,0.0,0.0,0.0,0.0,0.0,0.0,1445.0,,0.0,,,,,,,1,3,1,0,0,0,0,0,0,1,0,0,1238,1238,0.0,0.0,0.0,0.0,454.1480712890625,0.0,0.0,0.0,0.0,0.0,0.0,0.0,0.0,0.0,0.0
81662400,209,5.110000000000582,2,6015,9,6015,0,2428,,,,,,0,,,,,,,,,,0,7,0,-473.99029541015625,0.0,0.0,0.0,0.0,0.0,0.0,1445.0,,0.0,,,,,,,1,3,1,0,0,0,0,0,0,1,0,0,1238,1238,0.0,0.0,0.0,0.0,454.1480712890625,0.0,0.0,0.0,0.0,0.0,0.0,0.0,0.0,0.0,0.0
81662400,212,5.110000000000582,2,6016,9,6016,0,2462,,,,,,0,,,,,,,,,,0,7,0,-473.99029541015625,0.0,0.0,0.0,0.0,0.0,0.0,1445.0,,0.0,,,,,,,1,3,1,0,0,0,0,0,0,1,0,0,1238,1238,0.0,0.0,0.0,0.0,454.1480712890625,0.0,0.0,0.0,0.0,0.0,0.0,0.0,0.0,0.0,0.0
81662400,215,5.64100000000326,2,6017,9,6017,0,2463,,,,,,0,,,,,,,,,,0,7,0,-473.99029541015625,0.0,0.0,0.0,0.0,0.0,0.0,1445.0,,0.0,,,,,,,1,3,1,0,0,0,0,0,0,1,0,0,1238,1238,0.0,0.0,0.0,0.0,454.1480712890625,0.0,0.0,0.0,0.0,0.0,0.0,0.0,0.0,0.0,0.0
81662400,218,5.64100000000326,2,6018,9,6018,0,2459,,,,,,0,,,,,,,,,,0,7,0,-473.99029541015625,0.0,0.0,0.0,0.0,0.0,0.0,1445.0,,0.0,,,,,,,1,3,1,0,0,0,0,0,0,1,0,0,1238,1238,0.0,0.0,0.0,0.0,454.1480712890625,0.0,0.0,0.0,0.0,0.0,0.0,0.0,0.0,0.0,0.0
81662400,221,5.64100000000326,2,6019,9,6019,0,2503,,,,,,0,,,,,,,,,,0,7,0,-473.99029541015625,0.0,0.0,0.0,0.0,0.0,0.0,1445.0,,0.0,,,,,,,1,3,1,0,0,0,0,0,0,1,0,0,1238,1238,0.0,0.0,0.0,0.0,454.1480712890625,0.0,0.0,0.0,0.0,0.0,0.0,0.0,0.0,0.0,0.0
81662400,224,5.64100000000326,2,6020,9,6020,0,2525,,,,,,0,,,,,,,,,,0,7,0,-473.99029541015625,0.0,0.0,0.0,0.0,0.0,0.0,1445.0,,0.0,,,,,,,1,3,1,0,0,0,0,0,0,1,0,0,1238,1238,0.0,0.0,0.0,0.0,454.1480712890625,0.0,0.0,0.0,0.0,0.0,0.0,0.0,0.0,0.0,0.0
81662400,229,5.64100000000326,2,6021,9,6021,0,2577,,,,,,0,,,,,,,,,,0,7,0,-473.99029541015625,0.0,0.0,0.0,0.0,0.0,0.0,1445.0,,0.0,,,,,,,1,3,1,0,0,0,0,0,0,1,0,0,1238,1238,0.0,0.0,0.0,0.0,454.1480712890625,0.0,0.0,0.0,0.0,0.0,0.0,0.0,0.0,0.0,0.0
81662400,233,5.64100000000326,2,6022,9,6022,0,2608,,,,,,0,,,,,,,,,,0,7,0,-473.99029541015625,0.0,0.0,0.0,0.0,0.0,0.0,1445.0,,0.0,,,,,,,1,3,1,0,0,0,0,0,0,1,0,3,1238,1238,0.0,0.0,0.0,0.0,454.1480712890625,0.0,0.0,0.0,0.0,0.0,0.0,0.0,0.0,0.0,0.0
81662400,235,5.64100000000326,2,6023,9,6023,0,2569,,,,,,0,,,,,,,,,,0,7,0,-473.99029541015625,0.0,0.0,0.0,0.0,0.0,0.0,1445.0,,0.0,,,,,,,1,3,1,0,0,0,0,0,0,1,0,3,1238,1238,0.0,0.0,0.0,0.0,454.1480712890625,0.0,0.0,0.0,0.0,0.0,0.0,0.0,0.0,0.0,0.0
81662400,239,6.187999999994645,2,6024,9,6024,0,2629,,,,,,0,,,,,,,,,,0,7,0,-473.99029541015625,0.0,0.0,0.0,0.0,0.0,0.0,1445.0,,0.0,,,,,,,1,3,1,0,0,0,0,0,0,1,0,6,1238,1238,0.0,0.0,0.0,0.0,454.1480712890625,0.0,0.0,0.0,0.0,0.0,0.0,0.0,0.0,0.0,0.0
81662400,242,6.187999999994645,2,6025,9,6025,0,2588,,,,,,0,,,,,,,,,,0,7,0,-473.99029541015625,0.0,0.0,0.0,0.0,0.0,0.0,1445.0,,0.0,,,,,,,1,3,1,0,0,0,0,0,0,1,0,8,1238,1238,0.0,0.0,0.0,0.0,454.1480712890625,0.0,0.0,0.0,0.0,0.0,0.0,0.0,0.0,0.0,0.0
81662400,245,6.187999999994645,2,6026,9,6026,0,2556,,,,,,0,,,,,,,,,,0,7,0,-473.99029541015625,0.0,0.0,0.0,0.0,0.0,0.0,1445.0,,0.0,,,,,,,1,3,1,0,0,0,0,0,0,1,0,8,1238,1238,0.0,0.0,0.0,0.0,454.1480712890625,0.0,0.0,0.0,0.0,0.0,0.0,0.0,0.0,0.0,0.0
81662400,249,6.187999999994645,2,6027,9,6027,0,2562,,,,,,0,,,,,,,,,,0,7,0,-473.99029541015625,0.0,0.0,0.0,0.0,0.0,0.0,1445.0,,0.0,,,,,,,1,3,1,0,0,0,0,0,0,1,0,9,1238,1238,0.0,0.0,0.0,0.0,454.1480712890625,0.0,0.0,0.0,0.0,0.0,0.0,0.0,0.0,0.0,0.0
81662400,252,6.187999999994645,2,6028,9,6028,0,2556,,,,,,0,,,,,,,,,,0,7,0,-473.99029541015625,0.0,0.0,0.0,0.0,0.0,0.0,1445.0,,0.0,,,,,,,1,3,1,0,0,0,0,0,0,1,0,5,1238,1238,0.0,0.0,0.0,0.0,454.1480712890625,0.0,0.0,0.0,0.0,0.0,0.0,0.0,0.0,0.0,0.0
81662400,255,6.187999999994645,2,6029,9,6029,0,2516,,,,,,0,,,,,,,,,,0,7,0,-473.99029541015625,0.0,0.0,0.0,0.0,0.0,0.0,1445.0,,0.0,,,,,,,1,3,1,0,0,0,0,0,0,1,0,2,1238,1238,0.0,0.0,0.0,0.0,454.1480712890625,0.0,0.0,0.0,0.0,0.0,0.0,0.0,0.0,0.0,0.0
81662400,258,6.187999999994645,2,6030,9,6030,0,2557,,,,,,0,,,,,,,,,,0,7,0,-473.99029541015625,0.0,0.0,0.0,0.0,0.0,0.0,1445.0,,0.0,,,,,,,1,3,1,0,0,0,0,0,0,1,0,5,1238,1238,0.0,0.0,0.0,0.0,454.1480712890625,0.0,0.0,0.0,0.0,0.0,0.0,0.0,0.0,0.0,0.0
81662400,261,6.7810000000026776,2,6031,9,6031,0,2547,,,,,,0,,,,,,,,,,0,7,0,-473.99029541015625,0.0,0.0,0.0,0.0,0.0,0.0,1445.0,,0.0,,,,,,,1,3,1,0,0,0,0,0,0,1,0,8,1238,1238,0.0,0.0,0.0,0.0,454.1480712890625,0.0,0.0,0.0,0.0,0.0,0.0,0.0,0.0,0.0,0.0
81662400,264,6.7810000000026776,2,6032,9,6032,0,2550,,,,,,0,,,,,,,,,,0,7,0,-473.99029541015625,0.0,0.0,0.0,0.0,0.0,0.0,1445.0,,0.0,,,,,,,1,3,1,0,0,0,0,0,0,1,0,5,1238,1238,0.0,0.0,0.0,0.0,454.1480712890625,0.0,0.0,0.0,0.0,0.0,0.0,0.0,0.0,0.0,0.0
81662400,269,6.7810000000026776,2,6033,9,6033,0,2594,,,,,,0,,,,,,,,,,0,7,0,-473.99029541015625,0.0,0.0,0.0,0.0,0.0,0.0,1445.0,,0.0,,,,,,,1,3,1,0,0,0,0,0,0,1,0,9,1238,1238,0.0,0.0,0.0,0.0,454.1480712890625,0.0,0.0,0.0,0.0,0.0,0.0,0.0,0.0,0.0,0.0
81662400,272,6.7810000000026776,2,6034,9,6034,0,2604,,,,,,0,,,,,,,,,,0,7,0,-473.99029541015625,0.0,0.0,0.0,0.0,0.0,0.0,1445.0,,0.0,,,,,,,1,3,1,0,0,0,0,0,0,1,0,12,1238,1238,0.0,0.0,0.0,0.0,454.1480712890625,0.0,0.0,0.0,0.0,0.0,0.0,0.0,0.0,0.0,0.0
81662400,275,6.7810000000026776,2,6035,9,6035,0,2537,,,,,,0,,,,,,,,,,0,7,0,-473.99029541015625,0.0,0.0,0.0,0.0,0.0,0.0,1445.0,,0.0,,,,,,,1,3,1,0,0,0,0,0,0,1,0,8,1238,1238,0.0,0.0,0.0,0.0,454.1480712890625,0.0,0.0,0.0,0.0,0.0,0.0,0.0,0.0,0.0,0.0
81662400,278,6.7810000000026776,2,6036,9,6036,0,2488,,,,,,0,,,,,,,,,,0,7,0,-473.99029541015625,0.0,0.0,0.0,0.0,0.0,0.0,1445.0,,0.0,,,,,,,1,3,1,0,0,0,0,0,0,1,0,0,1238,1238,0.0,0.0,0.0,0.0,454.1480712890625,0.0,0.0,0.0,0.0,0.0,0.0,0.0,0.0,0.0,0.0
81662400,281,7.327999999994063,2,6037,9,6037,0,2468,,,,,,0,,,,,,,,,,0,7,0,-473.99029541015625,0.0,0.0,0.0,0.0,0.0,0.0,1445.0,,0.0,,,,,,,1,3,1,0,0,0,0,0,0,1,0,0,1238,1238,0.0,0.0,0.0,0.0,454.1480712890625,0.0,0.0,0.0,0.0,0.0,0.0,0.0,0.0,0.0,0.0
81662400,284,7.327999999994063,2,6038,9,6038,0,2426,,,,,,0,,,,,,,,,,0,7,0,-473.99029541015625,0.0,0.0,0.0,0.0,0.0,0.0,1445.0,,0.0,,,,,,,1,3,1,0,0,0,0,0,0,1,0,0,1238,1238,0.0,0.0,0.0,0.0,454.1480712890625,0.0,0.0,0.0,0.0,0.0,0.0,0.0,0.0,0.0,0.0
81662400,288,7.327999999994063,2,6039,9,6039,0,2411,,,,,,0,,,,,,,,,,0,7,0,-473.99029541015625,0.0,0.0,0.0,0.0,0.0,0.0,1445.0,,0.0,,,,,,,1,3,1,0,0,0,0,0,0,1,0,0,1238,1238,0.0,0.0,0.0,0.0,454.1480712890625,0.0,0.0,0.0,0.0,0.0,0.0,0.0,0.0,0.0,0.0
81662400,291,7.327999999994063,2,6040,9,6040,0,2442,,,,,,0,,,,,,,,,,0,7,0,-473.99029541015625,0.0,0.0,0.0,0.0,0.0,0.0,1445.0,,0.0,,,,,,,1,3,1,0,0,0,0,0,0,1,0,0,1238,1238,0.0,0.0,0.0,0.0,454.1480712890625,0.0,0.0,0.0,0.0,0.0,0.0,0.0,0.0,0.0,0.0
81662400,294,7.327999999994063,2,6041,9,6041,0,2445,,,,,,0,,,,,,,,,,0,7,0,-473.99029541015625,0.0,0.0,0.0,0.0,0.0,0.0,1445.0,,0.0,,,,,,,1,3,1,0,0,0,0,0,0,1,0,0,1238,1238,0.0,0.0,0.0,0.0,454.1480712890625,0.0,0.0,0.0,0.0,0.0,0.0,0.0,0.0,0.0,0.0
81662400,297,7.327999999994063,2,6042,9,6042,0,2486,,,,,,0,,,,,,,,,,0,7,0,-473.99029541015625,0.0,0.0,0.0,0.0,0.0,0.0,1445.0,,0.0,,,,,,,1,3,1,0,0,0,0,0,0,1,0,0,1238,1238,0.0,0.0,0.0,0.0,454.1480712890625,0.0,0.0,0.0,0.0,0.0,0.0,0.0,0.0,0.0,0.0
81662400,300,7.327999999994063,2,6043,9,6043,0,2477,,,,,,0,,,,,,,,,,0,7,0,-473.99029541015625,0.0,0.0,0.0,0.0,0.0,0.0,1445.0,,0.0,,,,,,,1,3,1,0,0,0,0,0,0,1,0,0,1238,1238,0.0,0.0,0.0,0.0,454.1480712890625,0.0,0.0,0.0,0.0,0.0,0.0,0.0,0.0,0.0,0.0
81662400,303,7.547000000005937,2,6044,9,6044,0,2418,,,,,,0,,,,,,,,,,0,7,0,-473.99029541015625,0.0,0.0,0.0,0.0,0.0,0.0,1445.0,,0.0,,,,,,,1,3,1,0,0,0,0,0,0,1,0,0,1238,1238,0.0,0.0,0.0,0.0,454.1480712890625,0.0,0.0,0.0,0.0,0.0,0.0,0.0,0.0,0.0,0.0
81662400,308,7.547000000005937,2,6045,9,6045,0,2380,,,,,,0,,,,,,,,,,0,7,0,-473.99029541015625,0.0,0.0,0.0,0.0,0.0,0.0,1445.0,,0.0,,,,,,,1,3,1,0,0,0,0,0,0,1,0,0,1238,1238,0.0,0.0,0.0,0.0,454.1480712890625,0.0,0.0,0.0,0.0,0.0,0.0,0.0,0.0,0.0,0.0
81662400,312,8.077999999994063,2,6046,9,6046,0,2410,,,,,,0,,,,,,,,,,0,7,0,-473.99029541015625,0.0,0.0,0.0,0.0,0.0,0.0,1445.0,,0.0,,,,,,,1,3,1,0,0,0,0,0,0,1,0,0,1238,1238,0.0,0.0,0.0,0.0,454.1480712890625,0.0,0.0,0.0,0.0,0.0,0.0,0.0,0.0,0.0,0.0
81662400,315,8.077999999994063,2,6047,9,6047,0,2413,,,,,,0,,,,,,,,,,0,7,0,-473.99029541015625,0.0,0.0,0.0,0.0,0.0,0.0,1445.0,,0.0,,,,,,,1,3,1,0,0,0,0,0,0,1,0,0,1238,1238,0.0,0.0,0.0,0.0,454.1480712890625,0.0,0.0,0.0,0.0,0.0,0.0,0.0,0.0,0.0,0.0
81662400,318,8.077999999994063,2,6048,9,6048,0,2430,,,,,,0,,,,,,,,,,0,7,0,-473.99029541015625,0.0,0.0,0.0,0.0,0.0,0.0,1445.0,,0.0,,,,,,,1,3,1,0,0,0,0,0,0,1,0,0,1238,1238,0.0,0.0,0.0,0.0,454.1480712890625,0.0,0.0,0.0,0.0,0.0,0.0,0.0,0.0,0.0,0.0
81662400,321,8.077999999994063,2,6049,9,6049,0,2471,,,,,,0,,,,,,,,,,0,7,0,-473.99029541015625,0.0,0.0,0.0,0.0,0.0,0.0,1445.0,,0.0,,,,,,,1,3,1,0,0,0,0,0,0,1,0,0,1238,1238,0.0,0.0,0.0,0.0,454.1480712890625,0.0,0.0,0.0,0.0,0.0,0.0,0.0,0.0,0.0,0.0
81662400,324,8.077999999994063,2,6050,9,6050,0,2460,,,,,,0,,,,,,,,,,0,7,0,-473.99029541015625,0.0,0.0,0.0,0.0,0.0,0.0,1445.0,,0.0,,,,,,,1,3,1,0,0,0,0,0,0,1,0,0,1238,1238,0.0,0.0,0.0,0.0,454.1480712890625,0.0,0.0,0.0,0.0,0.0,0.0,0.0,0.0,0.0,0.0
81662400,328,8.077999999994063,2,6051,9,6051,0,2393,,,,,,0,,,,,,,,,,0,7,0,-473.99029541015625,0.0,0.0,0.0,0.0,0.0,0.0,1445.0,,0.0,,,,,,,1,3,1,0,0,0,0,0,0,1,0,0,1238,1238,0.0,0.0,0.0,0.0,454.1480712890625,0.0,0.0,0.0,0.0,0.0,0.0,0.0,0.0,0.0,0.0
81662400,331,8.077999999994063,2,6052,9,6052,0,2411,,,,,,0,,,,,,,,,,0,7,0,-473.99029541015625,0.0,0.0,0.0,0.0,0.0,0.0,1445.0,,0.0,,,,,,,1,3,1,0,0,0,0,0,0,1,0,0,1238,1238,0.0,0.0,0.0,0.0,454.1480712890625,0.0,0.0,0.0,0.0,0.0,0.0,0.0,0.0,0.0,0.0
81662400,334,8.64100000000326,2,6053,9,6053,0,2397,,,,,,0,,,,,,,,,,0,7,0,-473.99029541015625,0.0,0.0,0.0,0.0,0.0,0.0,1445.0,,0.0,,,,,,,1,3,1,0,0,0,0,0,0,1,0,0,1238,1238,0.0,0.0,0.0,0.0,454.1480712890625,0.0,0.0,0.0,0.0,0.0,0.0,0.0,0.0,0.0,0.0
81662400,337,8.64100000000326,2,6054,9,6054,0,2437,,,,,,0,,,,,,,,,,0,7,0,-473.99029541015625,0.0,0.0,0.0,0.0,0.0,0.0,1445.0,,0.0,,,,,,,1,3,1,0,0,0,0,0,0,1,0,0,1238,1238,0.0,0.0,0.0,0.0,454.1480712890625,0.0,0.0,0.0,0.0,0.0,0.0,0.0,0.0,0.0,0.0
81662400,340,8.64100000000326,2,6055,9,6055,0,2447,,,,,,0,,,,,,,,,,0,7,0,-473.99029541015625,0.0,0.0,0.0,0.0,0.0,0.0,1445.0,,0.0,,,,,,,1,3,1,0,0,0,0,0,0,1,0,0,1238,1238,0.0,0.0,0.0,0.0,454.1480712890625,0.0,0.0,0.0,0.0,0.0,0.0,0.0,0.0,0.0,0.0
81662400,343,8.64100000000326,2,6056,9,6056,0,2447,,,,,,0,,,,,,,,,,0,7,0,-473.99029541015625,0.0,0.0,0.0,0.0,0.0,0.0,1445.0,,0.0,,,,,,,1,3,1,0,0,0,0,0,0,1,0,0,1238,1238,0.0,0.0,0.0,0.0,454.1480712890625,0.0,0.0,0.0,0.0,0.0,0.0,0.0,0.0,0.0,0.0
81662400,348,8.64100000000326,2,6057,9,6057,0,2449,,,,,,0,,,,,,,,,,0,7,0,-473.99029541015625,0.0,0.0,0.0,0.0,0.0,0.0,1445.0,,0.0,,,,,,,1,3,1,0,0,0,0,0,0,1,0,0,1238,1238,0.0,0.0,0.0,0.0,454.1480712890625,0.0,0.0,0.0,0.0,0.0,0.0,0.0,0.0,0.0,0.0
81662400,351,8.64100000000326,2,6058,9,6058,0,2492,,,,,,0,,,,,,,,,,0,7,0,-473.99029541015625,0.0,0.0,0.0,0.0,0.0,0.0,1445.0,,0.0,,,,,,,1,3,1,0,0,0,0,0,0,1,0,0,1238,1238,0.0,0.0,0.0,0.0,454.1480712890625,0.0,0.0,0.0,0.0,0.0,0.0,0.0,0.0,0.0,0.0
81662400,354,8.64100000000326,2,6059,9,6059,0,2555,,,,,,0,,,,,,,,,,0,7,0,-473.99029541015625,0.0,0.0,0.0,0.0,0.0,0.0,1445.0,,0.0,,,,,,,1,3,1,0,0,0,0,0,0,1,0,0,1238,1238,0.0,0.0,0.0,0.0,454.1480712890625,0.0,0.0,0.0,0.0,0.0,0.0,0.0,0.0,0.0,0.0
81662400,357,9.218999999997322,2,6060,9,6060,0,2579,,,,,,0,,,,,,,,,,0,7,0,-473.99029541015625,0.0,0.0,0.0,0.0,0.0,0.0,1445.0,,0.0,,,,,,,1,3,1,0,0,0,0,0,0,1,0,0,1238,1238,0.0,0.0,0.0,0.0,454.1480712890625,0.0,0.0,0.0,0.0,0.0,0.0,0.0,0.0,0.0,0.0
81662400,360,9.218999999997322,2,6061,9,6061,0,2552,,,,,,0,,,,,,,,,,0,7,0,-473.99029541015625,0.0,0.0,0.0,0.0,0.0,0.0,1445.0,,0.0,,,,,,,1,3,1,0,0,0,0,0,0,1,0,0,1238,1238,0.0,0.0,0.0,0.0,454.1480712890625,0.0,0.0,0.0,0.0,0.0,0.0,0.0,0.0,0.0,0.0
81662400,363,9.218999999997322,2,6062,9,6062,0,2524,,,,,,0,,,,,,,,,,0,7,0,-473.99029541015625,0.0,0.0,0.0,0.0,0.0,0.0,1445.0,,0.0,,,,,,,1,3,1,0,0,0,0,0,0,1,0,0,1238,1238,0.0,0.0,0.0,0.0,454.1480712890625,0.0,0.0,0.0,0.0,0.0,0.0,0.0,0.0,0.0,0.0
81662400,367,9.218999999997322,2,6063,9,6063,0,2405,,,,,,0,,,,,,,,,,0,7,0,-473.99029541015625,0.0,0.0,0.0,0.0,0.0,0.0,1445.0,,0.0,,,,,,,1,3,1,0,0,0,0,0,0,1,0,2,1238,1238,0.0,0.0,0.0,0.0,454.1480712890625,0.0,0.0,0.0,0.0,0.0,0.0,0.0,0.0,0.0,0.0
81662400,370,9.218999999997322,2,6064,9,6064,0,2345,,,,,,0,,,,,,,,,,0,7,0,-473.99029541015625,0.0,0.0,0.0,0.0,0.0,0.0,1445.0,,0.0,,,,,,,1,3,1,0,0,0,0,0,0,1,0,0,1238,1238,0.0,0.0,0.0,0.0,454.1480712890625,0.0,0.0,0.0,0.0,0.0,0.0,0.0,0.0,0.0,0.0
81662400,373,9.218999999997322,2,6065,9,6065,0,2322,,,,,,0,,,,,,,,,,0,7,0,-473.99029541015625,0.0,0.0,0.0,0.0,0.0,0.0,1445.0,,0.0,,,,,,,1,3,1,0,0,0,0,0,0,1,0,0,1238,1238,0.0,0.0,0.0,0.0,454.1480712890625,0.0,0.0,0.0,0.0,0.0,0.0,0.0,0.0,0.0,0.0
81662400,376,9.218999999997322,2,6066,9,6066,0,2343,,,,,,0,,,,,,,,,,0,7,0,-473.99029541015625,0.0,0.0,0.0,0.0,0.0,0.0,1445.0,,0.0,,,,,,,1,3,1,0,0,0,0,0,0,1,0,0,1238,1238,0.0,0.0,0.0,0.0,454.1480712890625,0.0,0.0,0.0,0.0,0.0,0.0,0.0,0.0,0.0,0.0
81662400,379,9.75,2,6067,9,6067,0,2378,,,,,,0,,,,,,,,,,0,7,0,-473.99029541015625,0.0,0.0,0.0,0.0,0.0,0.0,1445.0,,0.0,,,,,,,1,3,1,0,0,0,0,0,0,1,0,0,1238,1238,0.0,0.0,0.0,0.0,454.1480712890625,0.0,0.0,0.0,0.0,0.0,0.0,0.0,0.0,0.0,0.0
81662400,382,9.75,2,6068,9,6068,0,2312,,,,,,0,,,,,,,,,,0,7,0,-473.99029541015625,0.0,0.0,0.0,0.0,0.0,0.0,1445.0,,0.0,,,,,,,1,3,1,0,0,0,0,0,0,1,0,0,1238,1238,0.0,0.0,0.0,0.0,454.1480712890625,0.0,0.0,0.0,0.0,0.0,0.0,0.0,0.0,0.0,0.0
81662400,387,9.75,2,6069,9,6069,0,2304,,,,,,0,,,,,,,,,,0,7,0,-473.99029541015625,0.0,0.0,0.0,0.0,0.0,0.0,1445.0,,0.0,,,,,,,1,3,1,0,0,0,0,0,0,1,0,0,1238,1238,0.0,0.0,0.0,0.0,454.1480712890625,0.0,0.0,0.0,0.0,0.0,0.0,0.0,0.0,0.0,0.0
81662400,390,9.75,2,6070,9,6070,0,2302,,,,,,0,,,,,,,,,,0,7,0,-473.99029541015625,0.0,0.0,0.0,0.0,0.0,0.0,1445.0,,0.0,,,,,,,1,3,1,0,0,0,0,0,0,1,0,0,1238,1238,0.0,0.0,0.0,0.0,454.1480712890625,0.0,0.0,0.0,0.0,0.0,0.0,0.0,0.0,0.0,0.0
81662400,394,9.75,2,6071,9,6071,0,2391,,,,,,0,,,,,,,,,,0,7,0,-473.99029541015625,0.0,0.0,0.0,0.0,0.0,0.0,1445.0,,0.0,,,,,,,1,3,1,0,0,0,0,0,0,1,0,0,1238,1238,0.0,0.0,0.0,0.0,454.1480712890625,0.0,0.0,0.0,0.0,0.0,0.0,0.0,0.0,0.0,0.0
81662400,397,9.75,2,6072,9,6072,0,2537,,,,,,0,,,,,,,,,,0,7,0,-473.99029541015625,0.0,0.0,0.0,0.0,0.0,0.0,1445.0,,0.0,,,,,,,1,3,1,0,0,0,0,0,0,1,0,0,1238,1238,0.0,0.0,0.0,0.0,454.1480712890625,0.0,0.0,0.0,0.0,0.0,0.0,0.0,0.0,0.0,0.0
81662400,400,10.281000000002678,2,6073,9,6073,0,2543,,,,,,0,,,,,,,,,,0,7,0,-473.99029541015625,0.0,0.0,0.0,0.0,0.0,0.0,1445.0,,0.0,,,,,,,1,3,1,0,0,0,0,0,0,1,0,0,1238,1238,0.0,0.0,0.0,0.0,454.1480712890625,0.0,0.0,0.0,0.0,0.0,0.0,0.0,0.0,0.0,0.0
81662400,403,10.281000000002678,2,6074,9,6074,0,2553,,,,,,0,,,,,,,,,,0,7,0,-473.99029541015625,0.0,0.0,0.0,0.0,0.0,0.0,1445.0,,0.0,,,,,,,1,3,1,0,0,0,0,0,0,1,0,0,1238,1238,0.0,0.0,0.0,0.0,454.1480712890625,0.0,0.0,0.0,0.0,0.0,0.0,0.0,0.0,0.0,0.0
81662400,407,10.281000000002678,2,6075,9,6075,0,2543,,,,,,0,,,,,,,,,,0,7,0,-473.99029541015625,0.0,0.0,0.0,0.0,0.0,0.0,1445.0,,0.0,,,,,,,1,3,1,0,0,0,0,0,0,1,0,0,1238,1238,0.0,0.0,0.0,0.0,454.1480712890625,0.0,0.0,0.0,0.0,0.0,0.0,0.0,0.0,0.0,0.0
81662400,410,10.281000000002678,2,6076,9,6076,0,2528,,,,,,0,,,,,,,,,,0,7,0,-473.99029541015625,0.0,0.0,0.0,0.0,0.0,0.0,1445.0,,0.0,,,,,,,1,3,1,0,0,0,0,0,0,1,0,0,1238,1238,0.0,0.0,0.0,0.0,454.1480712890625,0.0,0.0,0.0,0.0,0.0,0.0,0.0,0.0,0.0,0.0
81662400,413,10.281000000002678,2,6077,9,6077,0,2538,,,,,,0,,,,,,,,,,0,7,0,-473.99029541015625,0.0,0.0,0.0,0.0,0.0,0.0,1445.0,,0.0,,,,,,,1,3,1,0,0,0,0,0,0,1,0,0,1238,1238,0.0,0.0,0.0,0.0,454.1480712890625,0.0,0.0,0.0,0.0,0.0,0.0,0.0,0.0,0.0,0.0
81662400,416,10.281000000002678,2,6078,9,6078,0,2513,,,,,,0,,,,,,,,,,0,7,0,-473.99029541015625,0.0,0.0,0.0,0.0,0.0,0.0,1445.0,,0.0,,,,,,,1,3,1,0,0,0,0,0,0,1,0,0,1238,1238,0.0,0.0,0.0,0.0,454.1480712890625,0.0,0.0,0.0,0.0,0.0,0.0,0.0,0.0,0.0,0.0
81662400,419,10.827999999994063,2,6079,9,6079,0,2466,,,,,,0,,,,,,,,,,0,7,0,-473.99029541015625,0.0,0.0,0.0,0.0,0.0,0.0,1445.0,,0.0,,,,,,,1,3,1,0,0,0,0,0,0,1,0,0,1238,1238,0.0,0.0,0.0,0.0,454.1480712890625,0.0,0.0,0.0,0.0,0.0,0.0,0.0,0.0,0.0,0.0
81662400,422,10.827999999994063,2,6080,9,6080,0,2453,,,,,,0,,,,,,,,,,0,7,0,-473.99029541015625,0.0,0.0,0.0,0.0,0.0,0.0,1445.0,,0.0,,,,,,,1,3,1,0,0,0,0,0,0,1,0,0,1238,1238,0.0,0.0,0.0,0.0,454.1480712890625,0.0,0.0,0.0,0.0,0.0,0.0,0.0,0.0,0.0,0.0
81662400,427,10.827999999994063,2,6081,9,6081,0,2488,,,,,,0,,,,,,,,,,0,7,0,-473.99029541015625,0.0,0.0,0.0,0.0,0.0,0.0,1445.0,,0.0,,,,,,,1,3,1,0,0,0,0,0,0,1,0,0,1238,1238,0.0,0.0,0.0,0.0,454.1480712890625,0.0,0.0,0.0,0.0,0.0,0.0,0.0,0.0,0.0,0.0
81662400,430,10.827999999994063,2,6082,9,6082,0,2489,,,,,,0,,,,,,,,,,0,7,0,-473.99029541015625,0.0,0.0,0.0,0.0,0.0,0.0,1445.0,,0.0,,,,,,,1,3,1,0,0,0,0,0,0,1,0,0,1238,1238,0.0,0.0,0.0,0.0,454.1480712890625,0.0,0.0,0.0,0.0,0.0,0.0,0.0,0.0,0.0,0.0
81662400,433,10.827999999994063,2,6083,9,6083,0,2571,,,,,,0,,,,,,,,,,0,7,0,-473.99029541015625,0.0,0.0,0.0,0.0,0.0,0.0,1445.0,,0.0,,,,,,,1,3,1,0,0,0,0,0,0,1,0,0,1238,1238,0.0,0.0,0.0,0.0,454.1480712890625,0.0,0.0,0.0,0.0,0.0,0.0,0.0,0.0,0.0,0.0
81662400,436,10.827999999994063,2,6084,9,6084,0,2558,,,,,,0,,,,,,,,,,0,7,0,-473.99029541015625,0.0,0.0,0.0,0.0,0.0,0.0,1445.0,,0.0,,,,,,,1,3,1,0,0,0,0,0,0,1,0,0,1238,1238,0.0,0.0,0.0,0.0,454.1480712890625,0.0,0.0,0.0,0.0,0.0,0.0,0.0,0.0,0.0,0.0
81662400,439,10.827999999994063,2,6085,9,6085,0,2601,,,,,,0,,,,,,,,,,0,7,0,-473.99029541015625,0.0,0.0,0.0,0.0,0.0,0.0,1445.0,,0.0,,,,,,,1,3,1,0,0,0,0,0,0,1,0,0,1238,1238,0.0,0.0,0.0,0.0,454.1480712890625,0.0,0.0,0.0,0.0,0.0,0.0,0.0,0.0,0.0,0.0
81662400,442,11.375,2,6086,9,6086,0,2606,,,,,,0,,,,,,,,,,0,7,0,-473.99029541015625,0.0,0.0,0.0,0.0,0.0,0.0,1445.0,,0.0,,,,,,,1,3,1,0,0,0,0,0,0,1,0,0,1238,1238,0.0,0.0,0.0,0.0,454.1480712890625,0.0,0.0,0.0,0.0,0.0,0.0,0.0,0.0,0.0,0.0
81662400,446,11.375,2,6087,9,6087,0,2600,,,,,,0,,,,,,,,,,0,7,0,-473.99029541015625,0.0,0.0,0.0,0.0,0.0,0.0,1445.0,,0.0,,,,,,,1,3,1,0,0,0,0,0,0,1,0,12,1238,1238,0.0,0.0,0.0,0.0,454.1480712890625,0.0,0.0,0.0,0.0,0.0,0.0,0.0,0.0,0.0,0.0
81662400,449,11.375,2,6088,9,6088,0,2509,,,,,,0,,,,,,,,,,0,7,0,-473.99029541015625,0.0,0.0,0.0,0.0,0.0,0.0,1445.0,,0.0,,,,,,,1,3,1,0,0,0,0,0,0,1,0,11,1238,1238,0.0,0.0,0.0,0.0,454.1480712890625,0.0,0.0,0.0,0.0,0.0,0.0,0.0,0.0,0.0,0.0
81662400,452,11.375,2,6089,9,6089,0,2376,,,,,,0,,,,,,,,,,0,7,0,-473.99029541015625,0.0,0.0,0.0,0.0,0.0,0.0,1445.0,,0.0,,,,,,,1,3,1,0,0,0,0,0,0,1,0,6,1238,1238,0.0,0.0,0.0,0.0,454.1480712890625,0.0,0.0,0.0,0.0,0.0,0.0,0.0,0.0,0.0,0.0
81662400,455,11.375,2,6090,9,6090,0,2279,,,,,,0,,,,,,,,,,0,7,0,-473.99029541015625,0.0,0.0,0.0,0.0,0.0,0.0,1445.0,,0.0,,,,,,,1,3,1,0,0,0,0,0,0,1,0,0,1238,1238,0.0,0.0,0.0,0.0,454.1480712890625,0.0,0.0,0.0,0.0,0.0,0.0,0.0,0.0,0.0,0.0
81662400,458,11.375,2,6091,9,6091,0,2286,,,,,,0,,,,,,,,,,0,7,0,-473.99029541015625,0.0,0.0,0.0,0.0,0.0,0.0,1445.0,,0.0,,,,,,,1,3,1,0,0,0,0,0,0,1,0,0,1238,1238,0.0,0.0,0.0,0.0,454.1480712890625,0.0,0.0,0.0,0.0,0.0,0.0,0.0,0.0,0.0,0.0
81662400,462,11.375,2,6092,9,6092,0,2301,,,,,,0,,,,,,,,,,0,7,0,-473.99029541015625,0.0,0.0,0.0,0.0,0.0,0.0,1445.0,,0.0,,,,,,,1,3,1,0,0,0,0,0,0,1,0,0,1238,1238,0.0,0.0,0.0,0.0,454.1480712890625,0.0,0.0,0.0,0.0,0.0,0.0,0.0,0.0,0.0,0.0
81662400,467,11.922000000005937,2,6093,9,6093,0,2295,,,,,,0,,,,,,,,,,0,7,0,-473.99029541015625,0.0,0.0,0.0,0.0,0.0,0.0,1445.0,,0.0,,,,,,,1,3,1,0,0,0,0,0,0,1,0,0,1238,1238,0.0,0.0,0.0,0.0,454.1480712890625,0.0,0.0,0.0,0.0,0.0,0.0,0.0,0.0,0.0,0.0
81662400,469,11.922000000005937,2,6094,9,6094,0,2232,,,,,,0,,,,,,,,,,0,7,0,-473.99029541015625,0.0,0.0,0.0,0.0,0.0,0.0,1445.0,,0.0,,,,,,,1,3,1,0,0,0,0,0,0,1,0,0,1238,1238,0.0,0.0,0.0,0.0,454.1480712890625,0.0,0.0,0.0,0.0,0.0,0.0,0.0,0.0,0.0,0.0
81662400,473,11.922000000005937,2,6095,9,6095,0,2284,,,,,,0,,,,,,,,,,0,7,0,-473.99029541015625,0.0,0.0,0.0,0.0,0.0,0.0,1445.0,,0.0,,,,,,,1,3,1,0,0,0,0,0,0,1,0,0,1238,1238,0.0,0.0,0.0,0.0,454.1480712890625,0.0,0.0,0.0,0.0,0.0,0.0,0.0,0.0,0.0,0.0
81662400,476,11.922000000005937,2,6096,9,6096,0,2362,,,,,,0,,,,,,,,,,0,7,0,-473.99029541015625,0.0,0.0,0.0,0.0,0.0,0.0,1445.0,,0.0,,,,,,,1,3,1,0,0,0,0,0,0,1,0,0,1238,1238,0.0,0.0,0.0,0.0,454.1480712890625,0.0,0.0,0.0,0.0,0.0,0.0,0.0,0.0,0.0,0.0
81662400,479,11.922000000005937,2,6097,9,6097,0,2420,,,,,,0,,,,,,,,,,0,7,0,-473.99029541015625,0.0,0.0,0.0,0.0,0.0,0.0,1445.0,,0.0,,,,,,,1,3,1,0,0,0,0,0,0,1,0,0,1238,1238,0.0,0.0,0.0,0.0,454.1480712890625,0.0,0.0,0.0,0.0,0.0,0.0,0.0,0.0,0.0,0.0
81662400,482,11.922000000005937,2,6098,9,6098,0,2464,,,,,,0,,,,,,,,,,0,7,0,-473.99029541015625,0.0,0.0,0.0,0.0,0.0,0.0,1445.0,,0.0,,,,,,,1,3,1,0,0,0,0,0,0,1,0,0,1238,1238,0.0,0.0,0.0,0.0,454.1480712890625,0.0,0.0,0.0,0.0,0.0,0.0,0.0,0.0,0.0,0.0
81662400,486,12.485000000000582,2,6099,9,6099,0,2512,,,,,,0,,,,,,,,,,0,7,0,-473.99029541015625,0.0,0.0,0.0,0.0,0.0,0.0,1445.0,,0.0,,,,,,,1,3,1,0,0,0,0,0,0,1,0,7,1238,1238,0.0,0.0,0.0,0.0,454.1480712890625,0.0,0.0,0.0,0.0,0.0,0.0,0.0,0.0,0.0,0.0
81662400,489,12.485000000000582,2,6100,9,6100,0,2585,,,,,,0,,,,,,,,,,0,7,0,-473.99029541015625,0.0,0.0,0.0,0.0,0.0,0.0,1445.0,,0.0,,,,,,,1,3,1,0,0,0,0,0,0,1,0,17,1238,1238,0.0,0.0,0.0,0.0,454.1480712890625,0.0,0.0,0.0,0.0,0.0,0.0,0.0,0.0,0.0,0.0
81662400,492,12.485000000000582,2,6101,9,6101,0,2579,,,,,,0,,,,,,,,,,0,7,0,-473.99029541015625,0.0,0.0,0.0,0.0,0.0,0.0,1445.0,,0.0,,,,,,,1,3,1,0,0,0,0,0,0,1,0,15,1238,1238,0.0,0.0,0.0,0.0,454.1480712890625,0.0,0.0,0.0,0.0,0.0,0.0,0.0,0.0,0.0,0.0
81662400,495,12.485000000000582,2,6102,9,6102,0,2588,,,,,,0,,,,,,,,,,0,7,0,-473.99029541015625,0.0,0.0,0.0,0.0,0.0,0.0,1445.0,,0.0,,,,,,,1,3,1,0,0,0,0,0,0,1,0,15,1238,1238,0.0,0.0,0.0,0.0,454.1480712890625,0.0,0.0,0.0,0.0,0.0,0.0,0.0,0.0,0.0,0.0
81662400,498,12.485000000000582,2,6103,9,6103,0,2618,,,,,,0,,,,,,,,,,0,7,0,-473.99029541015625,0.0,0.0,0.0,0.0,0.0,0.0,1445.0,,0.0,,,,,,,1,3,1,0,0,0,0,0,0,1,0,16,1238,1238,0.0,0.0,0.0,0.0,454.1480712890625,0.0,0.0,0.0,0.0,0.0,0.0,0.0,0.0,0.0,0.0
81662400,501,12.485000000000582,2,6104,9,6104,0,2631,,,,,,0,,,,,,,,,,0,7,0,-473.99029541015625,0.0,0.0,0.0,0.0,0.0,0.0,1445.0,,0.0,,,,,,,1,3,1,0,0,0,0,0,0,1,0,15,1238,1238,0.0,0.0,0.0,0.0,454.1480712890625,0.0,0.0,0.0,0.0,0.0,0.0,0.0,0.0,0.0,0.0
81662400,506,12.485000000000582,2,6105,9,6105,0,2646,,,,,,0,,,,,,,,,,0,7,0,-473.99029541015625,0.0,0.0,0.0,0.0,0.0,0.0,1445.0,,0.0,,,,,,,1,3,1,0,0,0,0,0,0,1,0,16,1238,1238,0.0,0.0,0.0,0.0,454.1480712890625,0.0,0.0,0.0,0.0,0.0,0.0,0.0,0.0,0.0,0.0
81662400,509,12.64100000000326,2,6106,9,6106,0,2749,,,,,,0,,,,,,,,,,0,7,0,-473.99029541015625,0.0,0.0,0.0,0.0,0.0,0.0,1445.0,,0.0,,,,,,,1,3,1,0,0,0,0,0,0,1,0,20,1238,1238,0.0,0.0,0.0,0.0,454.1480712890625,0.0,0.0,0.0,0.0,0.0,0.0,0.0,0.0,0.0,0.0
81662400,512,12.64100000000326,2,6107,9,6107,0,2803,,,,,,0,,,,,,,,,,0,7,0,-473.99029541015625,0.0,0.0,0.0,0.0,0.0,0.0,1445.0,,0.0,,,,,,,1,3,1,0,0,0,0,0,0,1,0,19,1238,1238,0.0,0.0,0.0,0.0,454.1480712890625,0.0,0.0,0.0,0.0,0.0,0.0,0.0,0.0,0.0,0.0
81662400,515,13.235000000000582,2,6108,9,6108,0,2775,,,,,,0,,,,,,,,,,0,7,0,-473.99029541015625,0.0,0.0,0.0,0.0,0.0,0.0,1445.0,,0.0,,,,,,,1,3,1,0,0,0,0,0,0,1,0,10,1238,1238,0.0,0.0,0.0,0.0,454.1480712890625,0.0,0.0,0.0,0.0,0.0,0.0,0.0,0.0,0.0,0.0
81662400,518,13.235000000000582,2,6109,9,6109,0,2803,,,,,,0,,,,,,,,,,0,7,0,-473.99029541015625,0.0,0.0,0.0,0.0,0.0,0.0,1445.0,,0.0,,,,,,,1,3,1,0,0,0,0,0,0,1,0,0,1238,1238,0.0,0.0,0.0,0.0,454.1480712890625,0.0,0.0,0.0,0.0,0.0,0.0,0.0,0.0,0.0,0.0
81662400,521,13.235000000000582,2,6110,9,6110,0,2810,,,,,,0,,,,,,,,,,0,7,0,-473.99029541015625,0.0,0.0,0.0,0.0,0.0,0.0,1445.0,,0.0,,,,,,,1,3,1,0,0,0,0,0,0,1,0,0,1238,1238,0.0,0.0,0.0,0.0,454.1480712890625,0.0,0.0,0.0,0.0,0.0,0.0,0.0,0.0,0.0,0.0
81662400,525,13.235000000000582,2,6111,9,6111,0,2729,,,,,,0,,,,,,,,,,0,7,0,-473.99029541015625,0.0,0.0,0.0,0.0,0.0,0.0,1445.0,,0.0,,,,,,,1,3,1,0,0,0,0,0,0,1,0,0,1238,1238,0.0,0.0,0.0,0.0,454.1480712890625,0.0,0.0,0.0,0.0,0.0,0.0,0.0,0.0,0.0,0.0
81662400,528,13.235000000000582,2,6112,9,6112,0,2633,,,,,,0,,,,,,,,,,0,7,0,-473.99029541015625,0.0,0.0,0.0,0.0,0.0,0.0,1445.0,,0.0,,,,,,,1,3,1,0,0,0,0,0,0,1,0,0,1238,1238,0.0,0.0,0.0,0.0,454.1480712890625,0.0,0.0,0.0,0.0,0.0,0.0,0.0,0.0,0.0,0.0
81662400,531,13.235000000000582,2,6113,9,6113,0,2639,,,,,,0,,,,,,,,,,0,7,0,-473.99029541015625,0.0,0.0,0.0,0.0,0.0,0.0,1445.0,,0.0,,,,,,,1,3,1,0,0,0,0,0,0,1,0,0,1238,1238,0.0,0.0,0.0,0.0,454.1480712890625,0.0,0.0,0.0,0.0,0.0,0.0,0.0,0.0,0.0,0.0
81662400,534,13.235000000000582,2,6114,9,6114,0,2694,,,,,,0,,,,,,,,,,0,7,0,-473.99029541015625,0.0,0.0,0.0,0.0,0.0,0.0,1445.0,,0.0,,,,,,,1,3,1,0,0,0,0,0,0,1,0,0,1238,1238,0.0,0.0,0.0,0.0,454.1480712890625,0.0,0.0,0.0,0.0,0.0,0.0,0.0,0.0,0.0,0.0
81662400,537,13.735000000000582,2,6115,9,6115,0,2735,,,,,,0,,,,,,,,,,0,7,0,-473.99029541015625,0.0,0.0,0.0,0.0,0.0,0.0,1445.0,,0.0,,,,,,,1,3,1,0,0,0,0,0,0,1,0,0,1238,1238,0.0,0.0,0.0,0.0,454.1480712890625,0.0,0.0,0.0,0.0,0.0,0.0,0.0,0.0,0.0,0.0
81662400,540,13.735000000000582,2,6116,9,6116,0,2740,,,,,,0,,,,,,,,,,0,7,0,-473.99029541015625,0.0,0.0,0.0,0.0,0.0,0.0,1445.0,,0.0,,,,,,,1,3,1,0,0,0,0,0,0,1,0,0,1238,1238,0.0,0.0,0.0,0.0,454.1480712890625,0.0,0.0,0.0,0.0,0.0,0.0,0.0,0.0,0.0,0.0
81662400,546,13.735000000000582,2,6117,9,6117,0,2781,,,,,,0,,,,,,,,,,0,7,0,-473.99029541015625,0.0,0.0,0.0,0.0,0.0,0.0,1445.0,,0.0,,,,,,,1,3,1,0,0,0,0,0,0,1,0,0,1238,1238,0.0,0.0,0.0,0.0,454.1480712890625,0.0,0.0,0.0,0.0,0.0,0.0,0.0,0.0,0.0,0.0
81662400,549,13.735000000000582,2,6118,9,6118,0,2718,,,,,,0,,,,,,,,,,0,7,0,-473.99029541015625,0.0,0.0,0.0,0.0,0.0,0.0,1445.0,,0.0,,,,,,,1,3,1,0,0,0,0,0,0,1,0,0,1238,1238,0.0,0.0,0.0,0.0,454.1480712890625,0.0,0.0,0.0,0.0,0.0,0.0,0.0,0.0,0.0,0.0
81662400,552,13.735000000000582,2,6119,9,6119,0,2735,,,,,,0,,,,,,,,,,0,7,0,-473.99029541015625,0.0,0.0,0.0,0.0,0.0,0.0,1445.0,,0.0,,,,,,,1,3,1,0,0,0,0,0,0,1,0,3,1238,1238,0.0,0.0,0.0,0.0,454.1480712890625,0.0,0.0,0.0,0.0,0.0,0.0,0.0,0.0,0.0,0.0
81662400,555,13.735000000000582,2,6120,9,6120,0,2691,,,,,,0,,,,,,,,,,0,7,0,-473.99029541015625,0.0,0.0,0.0,0.0,0.0,0.0,1445.0,,0.0,,,,,,,1,3,1,0,0,0,0,0,0,1,0,0,1238,1238,0.0,0.0,0.0,0.0,454.1480712890625,0.0,0.0,0.0,0.0,0.0,0.0,0.0,0.0,0.0,0.0
81662400,558,13.968999999997322,2,6121,9,6121,0,2719,,,,,,0,,,,,,,,,,0,7,0,-473.99029541015625,0.0,0.0,0.0,0.0,0.0,0.0,1445.0,,0.0,,,,,,,1,3,1,0,0,0,0,0,0,1,0,0,1238,1238,0.0,0.0,0.0,0.0,454.1480712890625,0.0,0.0,0.0,0.0,0.0,0.0,0.0,0.0,0.0,0.0
81662400,561,13.968999999997322,2,6122,9,6122,0,2849,,,,,,0,,,,,,,,,,0,7,0,-473.99029541015625,0.0,0.0,0.0,0.0,0.0,0.0,1445.0,,0.0,,,,,,,1,3,1,0,0,0,0,0,0,1,0,1,1238,1238,0.0,0.0,0.0,0.0,454.1480712890625,0.0,0.0,0.0,0.0,0.0,0.0,0.0,0.0,0.0,0.0
81662400,565,14.452999999994063,2,6123,9,6123,0,2760,,,,,,0,,,,,,,,,,0,7,0,-473.99029541015625,0.0,0.0,0.0,0.0,0.0,0.0,1445.0,,0.0,,,,,,,1,3,1,0,0,0,0,0,0,1,0,8,1238,1238,0.0,0.0,0.0,0.0,454.1480712890625,0.0,0.0,0.0,0.0,0.0,0.0,0.0,0.0,0.0,0.0
81662400,568,14.452999999994063,2,6124,9,6124,0,2668,,,,,,0,,,,,,,,,,0,7,0,-473.99029541015625,0.0,0.0,0.0,0.0,0.0,0.0,1445.0,,0.0,,,,,,,1,3,1,0,0,0,0,0,0,1,0,0,1238,1238,0.0,0.0,0.0,0.0,454.1480712890625,0.0,0.0,0.0,0.0,0.0,0.0,0.0,0.0,0.0,0.0
81662400,571,14.452999999994063,2,6125,9,6125,0,2674,,,,,,0,,,,,,,,,,0,7,0,-473.99029541015625,0.0,0.0,0.0,0.0,0.0,0.0,1445.0,,0.0,,,,,,,1,3,1,0,0,0,0,0,0,1,0,0,1238,1238,0.0,0.0,0.0,0.0,454.1480712890625,0.0,0.0,0.0,0.0,0.0,0.0,0.0,0.0,0.0,0.0
81662400,574,14.452999999994063,2,6126,9,6126,0,2599,,,,,,0,,,,,,,,,,0,7,0,-473.99029541015625,0.0,0.0,0.0,0.0,0.0,0.0,1445.0,,0.0,,,,,,,1,3,1,0,0,0,0,0,0,1,0,0,1238,1238,0.0,0.0,0.0,0.0,454.1480712890625,0.0,0.0,0.0,0.0,0.0,0.0,0.0,0.0,0.0,0.0
81662400,577,14.452999999994063,2,6127,9,6127,0,2524,,,,,,0,,,,,,,,,,0,7,0,-473.99029541015625,0.0,0.0,0.0,0.0,0.0,0.0,1445.0,,0.0,,,,,,,1,3,1,0,0,0,0,0,0,1,0,0,1238,1238,0.0,0.0,0.0,0.0,454.1480712890625,0.0,0.0,0.0,0.0,0.0,0.0,0.0,0.0,0.0,0.0
81662400,580,14.452999999994063,2,6128,9,6128,0,2421,,,,,,0,,,,,,,,,,0,7,0,-473.99029541015625,0.0,0.0,0.0,0.0,0.0,0.0,1445.0,,0.0,,,,,,,1,3,1,0,0,0,0,0,0,1,0,0,1238,1238,0.0,0.0,0.0,0.0,454.1480712890625,0.0,0.0,0.0,0.0,0.0,0.0,0.0,0.0,0.0,0.0
81662400,585,14.452999999994063,2,6129,9,6129,0,2345,,,,,,0,,,,,,,,,,0,7,0,-473.99029541015625,0.0,0.0,0.0,0.0,0.0,0.0,1445.0,,0.0,,,,,,,1,3,1,0,0,0,0,0,0,1,0,0,1238,1238,0.0,0.0,0.0,0.0,454.1480712890625,0.0,0.0,0.0,0.0,0.0,0.0,0.0,0.0,0.0,0.0
81662400,588,15.01600000000326,2,6130,9,6130,0,2356,,,,,,0,,,,,,,,,,0,7,0,-473.99029541015625,0.0,0.0,0.0,0.0,0.0,0.0,1445.0,,0.0,,,,,,,1,3,1,0,0,0,0,0,0,1,0,0,1238,1238,0.0,0.0,0.0,0.0,454.1480712890625,0.0,0.0,0.0,0.0,0.0,0.0,0.0,0.0,0.0,0.0
81662400,591,15.01600000000326,2,6131,9,6131,0,2483,,,,,,0,,,,,,,,,,0,7,0,-473.99029541015625,0.0,0.0,0.0,0.0,0.0,0.0,1445.0,,0.0,,,,,,,1,3,1,0,0,0,0,0,0,1,0,0,1238,1238,0.0,0.0,0.0,0.0,454.1480712890625,0.0,0.0,0.0,0.0,0.0,0.0,0.0,0.0,0.0,0.0
81662400,594,15.01600000000326,2,6132,9,6132,0,2560,,,,,,0,,,,,,,,,,0,7,0,-473.99029541015625,0.0,0.0,0.0,0.0,0.0,0.0,1445.0,,0.0,,,,,,,1,3,1,0,0,0,0,0,0,1,0,0,1238,1238,0.0,0.0,0.0,0.0,454.1480712890625,0.0,0.0,0.0,0.0,0.0,0.0,0.0,0.0,0.0,0.0
81662400,597,15.01600000000326,2,6133,9,6133,0,2634,,,,,,0,,,,,,,,,,0,7,0,-473.99029541015625,0.0,0.0,0.0,0.0,0.0,0.0,1445.0,,0.0,,,,,,,1,3,1,0,0,0,0,0,0,1,0,0,1238,1238,0.0,0.0,0.0,0.0,454.1480712890625,0.0,0.0,0.0,0.0,0.0,0.0,0.0,0.0,0.0,0.0
81662400,600,15.01600000000326,2,6134,9,6134,0,2665,,,,,,0,,,,,,,,,,0,7,0,-473.99029541015625,0.0,0.0,0.0,0.0,0.0,0.0,1445.0,,0.0,,,,,,,1,3,1,0,0,0,0,0,0,1,0,13,1238,1238,0.0,0.0,0.0,0.0,454.1480712890625,0.0,0.0,0.0,0.0,0.0,0.0,0.0,0.0,0.0,0.0
81662400,604,15.01600000000326,2,6135,9,6135,0,2686,,,,,,0,,,,,,,,,,0,7,0,-473.99029541015625,0.0,0.0,0.0,0.0,0.0,0.0,1445.0,,0.0,,,,,,,1,3,1,0,0,0,0,0,0,1,0,32,1238,1238,0.0,0.0,0.0,0.0,454.1480712890625,0.0,0.0,0.0,0.0,0.0,0.0,0.0,0.0,0.0,0.0
81662400,607,15.01600000000326,2,6136,9,6136,0,2716,,,,,,0,,,,,,,,,,0,7,0,-473.99029541015625,0.0,0.0,0.0,0.0,0.0,0.0,1445.0,,0.0,,,,,,,1,3,1,0,0,0,0,0,0,1,0,46,1238,1238,0.0,0.0,0.0,0.0,454.1480712890625,0.0,0.0,0.0,0.0,0.0,0.0,0.0,0.0,0.0,0.0
81662400,610,15.172000000005937,2,6137,9,6137,0,2808,,,,,,0,,,,,,,,,,0,7,0,-473.99029541015625,0.0,0.0,0.0,0.0,0.0,0.0,1445.0,,0.0,,,,,,,1,3,1,0,0,0,0,0,0,1,0,59,1238,1238,0.0,0.0,0.0,0.0,454.1480712890625,0.0,0.0,0.0,0.0,0.0,0.0,0.0,0.0,0.0,0.0
81662400,613,15.672000000005937,2,6138,9,6138,0,2938,,,,,,0,,,,,,,,,,0,7,0,-473.99029541015625,0.0,0.0,0.0,0.0,0.0,0.0,1445.0,,0.0,,,,,,,1,3,1,0,0,0,0,0,0,1,0,65,1238,1238,0.0,0.0,0.0,0.0,454.1480712890625,0.0,0.0,0.0,0.0,0.0,0.0,0.0,0.0,0.0,0.0
81662400,616,15.672000000005937,2,6139,9,6139,0,2855,,,,,,0,,,,,,,,,,0,7,0,-473.99029541015625,0.0,0.0,0.0,0.0,0.0,0.0,1445.0,,0.0,,,,,,,1,3,1,0,0,0,0,0,0,1,0,64,1238,1238,0.0,0.0,0.0,0.0,454.1480712890625,0.0,0.0,0.0,0.0,0.0,0.0,0.0,0.0,0.0,0.0
81662400,619,15.672000000005937,2,6140,9,6140,0,2953,,,,,,0,,,,,,,,,,0,7,0,-473.99029541015625,0.0,0.0,0.0,0.0,0.0,0.0,1445.0,,0.0,,,,,,,1,3,1,0,0,0,0,0,0,1,0,65,1238,1238,0.0,0.0,0.0,0.0,454.1480712890625,0.0,0.0,0.0,0.0,0.0,0.0,0.0,0.0,0.0,0.0
81662400,625,15.672000000005937,2,6141,9,6141,0,2989,,,,,,0,,,,,,,,,,0,7,0,-473.99029541015625,0.0,0.0,0.0,0.0,0.0,0.0,1445.0,,0.0,,,,,,,1,3,1,0,0,0,0,0,0,1,0,64,1238,1238,0.0,0.0,0.0,0.0,454.1480712890625,0.0,0.0,0.0,0.0,0.0,0.0,0.0,0.0,0.0,0.0
81662400,628,15.672000000005937,2,6142,9,6142,0,3010,,,,,,0,,,,,,,,,,0,7,0,-473.99029541015625,0.0,0.0,0.0,0.0,0.0,0.0,1445.0,,0.0,,,,,,,1,3,1,0,0,0,0,0,0,1,0,64,1238,1238,0.0,0.0,0.0,0.0,454.1480712890625,0.0,0.0,0.0,0.0,0.0,0.0,0.0,0.0,0.0,0.0
81662400,631,15.672000000005937,2,6143,9,6143,0,2948,,,,,,0,,,,,,,,,,0,7,0,-473.99029541015625,0.0,0.0,0.0,0.0,0.0,0.0,1445.0,,0.0,,,,,,,1,3,1,0,0,0,0,0,0,1,0,62,1238,1238,0.0,0.0,0.0,0.0,454.1480712890625,0.0,0.0,0.0,0.0,0.0,0.0,0.0,0.0,0.0,0.0
81662400,634,16.25,2,6144,9,6144,0,2965,,,,,,0,,,,,,,,,,0,7,0,-473.99029541015625,0.0,0.0,0.0,0.0,0.0,0.0,1445.0,,0.0,,,,,,,1,3,1,0,0,0,0,0,0,1,0,62,1238,1238,0.0,0.0,0.0,0.0,454.1480712890625,0.0,0.0,0.0,0.0,0.0,0.0,0.0,0.0,0.0,0.0
81662400,637,16.25,2,6145,9,6145,0,2998,,,,,,0,,,,,,,,,,0,7,0,-473.99029541015625,0.0,0.0,0.0,0.0,0.0,0.0,1445.0,,0.0,,,,,,,1,3,1,0,0,0,0,0,0,1,0,60,1238,1238,0.0,0.0,0.0,0.0,454.1480712890625,0.0,0.0,0.0,0.0,0.0,0.0,0.0,0.0,0.0,0.0
81662400,640,16.25,2,6146,9,6146,0,3015,,,,,,0,,,,,,,,,,0,7,0,-473.99029541015625,0.0,0.0,0.0,0.0,0.0,0.0,1445.0,,0.0,,,,,,,1,3,1,0,0,0,0,0,0,1,0,61,1238,1238,0.0,0.0,0.0,0.0,454.1480712890625,0.0,0.0,0.0,0.0,0.0,0.0,0.0,0.0,0.0,0.0
81662400,644,16.25,2,6147,9,6147,0,3004,,,,,,0,,,,,,,,,,0,7,0,-473.99029541015625,0.0,0.0,0.0,0.0,0.0,0.0,1445.0,,0.0,,,,,,,1,3,1,0,0,0,0,0,0,1,0,61,1238,1238,0.0,0.0,0.0,0.0,454.1480712890625,0.0,0.0,0.0,0.0,0.0,0.0,0.0,0.0,0.0,0.0
81662400,647,16.25,2,6148,9,6148,0,3034,,,,,,0,,,,,,,,,,0,7,0,-473.99029541015625,0.0,0.0,0.0,0.0,0.0,0.0,1445.0,,0.0,,,,,,,1,3,1,0,0,0,0,0,0,1,0,57,1238,1238,0.0,0.0,0.0,0.0,454.1480712890625,0.0,0.0,0.0,0.0,0.0,0.0,0.0,0.0,0.0,0.0
81662400,650,16.25,2,6149,9,6149,0,3048,,,,,,0,,,,,,,,,,0,7,0,-473.99029541015625,0.0,0.0,0.0,0.0,0.0,0.0,1445.0,,0.0,,,,,,,1,3,1,0,0,0,0,0,0,1,0,61,1238,1238,0.0,0.0,0.0,0.0,454.1480712890625,0.0,0.0,0.0,0.0,0.0,0.0,0.0,0.0,0.0,0.0
81662400,653,16.25,2,6150,9,6150,0,3053,,,,,,0,,,,,,,,,,0,7,0,-473.99029541015625,0.0,0.0,0.0,0.0,0.0,0.0,1445.0,,0.0,,,,,,,1,3,1,0,0,0,0,0,0,1,0,61,1238,1238,0.0,0.0,0.0,0.0,454.1480712890625,0.0,0.0,0.0,0.0,0.0,0.0,0.0,0.0,0.0,0.0
81662400,656,16.547000000005937,2,6151,9,6151,0,3050,,,,,,0,,,,,,,,,,0,7,0,-473.99029541015625,0.0,0.0,0.0,0.0,0.0,0.0,1445.0,,0.0,,,,,,,1,3,1,0,0,0,0,0,0,1,0,61,1238,1238,0.0,0.0,0.0,0.0,454.1480712890625,0.0,0.0,0.0,0.0,0.0,0.0,0.0,0.0,0.0,0.0
81662400,659,16.547000000005937,2,6152,9,6152,0,3064,,,,,,0,,,,,,,,,,0,7,0,-473.99029541015625,0.0,0.0,0.0,0.0,0.0,0.0,1445.0,,0.0,,,,,,,1,3,1,0,0,0,0,0,0,1,0,61,1238,1238,0.0,0.0,0.0,0.0,454.1480712890625,0.0,0.0,0.0,0.0,0.0,0.0,0.0,0.0,0.0,0.0
81662400,664,16.547000000005937,2,6153,9,6153,0,3065,,,,,,0,,,,,,,,,,0,7,0,-473.99029541015625,0.0,0.0,0.0,0.0,0.0,0.0,1445.0,,0.0,,,,,,,1,3,1,0,0,0,0,0,0,1,0,60,1238,1238,0.0,0.0,0.0,0.0,454.1480712890625,0.0,0.0,0.0,0.0,0.0,0.0,0.0,0.0,0.0,0.0
81662400,667,16.547000000005937,2,6154,9,6154,0,3079,,,,,,0,,,,,,,,,,0,7,0,-473.99029541015625,0.0,0.0,0.0,0.0,0.0,0.0,1445.0,,0.0,,,,,,,1,3,1,0,0,0,0,0,0,1,0,61,1238,1238,0.0,0.0,0.0,0.0,454.1480712890625,0.0,0.0,0.0,0.0,0.0,0.0,0.0,0.0,0.0,0.0
81662400,670,16.827999999994063,2,6155,9,6155,0,3072,,,,,,0,,,,,,,,,,0,7,0,-473.99029541015625,0.0,0.0,0.0,0.0,0.0,0.0,1445.0,,0.0,,,,,,,1,3,1,0,0,0,0,0,0,1,0,62,1238,1238,0.0,0.0,0.0,0.0,454.1480712890625,0.0,0.0,0.0,0.0,0.0,0.0,0.0,0.0,0.0,0.0
81662400,673,16.827999999994063,2,6156,9,6156,0,3069,,,,,,0,,,,,,,,,,0,7,0,-473.99029541015625,0.0,0.0,0.0,0.0,0.0,0.0,1445.0,,0.0,,,,,,,1,3,1,0,0,0,0,0,0,1,0,63,1238,1238,0.0,0.0,0.0,0.0,454.1480712890625,0.0,0.0,0.0,0.0,0.0,0.0,0.0,0.0,0.0,0.0
81662400,676,16.827999999994063,2,6157,9,6157,0,3080,,,,,,0,,,,,,,,,,0,7,0,-473.99029541015625,0.0,0.0,0.0,0.0,0.0,0.0,1445.0,,0.0,,,,,,,1,3,1,0,0,0,0,0,0,1,0,63,1238,1238,0.0,0.0,0.0,0.0,454.1480712890625,0.0,0.0,0.0,0.0,0.0,0.0,0.0,0.0,0.0,0.0
81662400,679,17.360000000000582,2,6158,9,6158,0,3092,,,,,,0,,,,,,,,,,0,7,0,-473.99029541015625,0.0,0.0,0.0,0.0,0.0,0.0,1445.0,,0.0,,,,,,,1,3,1,0,0,0,0,0,0,1,0,62,1238,1238,0.0,0.0,0.0,0.0,454.1480712890625,0.0,0.0,0.0,0.0,0.0,0.0,0.0,0.0,0.0,0.0
81662400,683,17.360000000000582,2,6159,9,6159,0,3099,,,,,,0,,,,,,,,,,0,7,0,-473.99029541015625,0.0,0.0,0.0,0.0,0.0,0.0,1445.0,,0.0,,,,,,,1,3,1,0,0,0,0,0,0,1,0,64,1238,1238,0.0,0.0,0.0,0.0,454.1480712890625,0.0,0.0,0.0,0.0,0.0,0.0,0.0,0.0,0.0,0.0
81662400,686,17.360000000000582,2,6160,9,6160,0,3105,,,,,,0,,,,,,,,,,0,7,0,-473.99029541015625,0.0,0.0,0.0,0.0,0.0,0.0,1445.0,,0.0,,,,,,,1,3,1,0,0,0,0,0,0,1,0,63,1238,1238,0.0,0.0,0.0,0.0,454.1480712890625,0.0,0.0,0.0,0.0,0.0,0.0,0.0,0.0,0.0,0.0
81662400,689,17.360000000000582,2,6161,9,6161,0,3115,,,,,,0,,,,,,,,,,0,7,0,-473.99029541015625,0.0,0.0,0.0,0.0,0.0,0.0,1445.0,,0.0,,,,,,,1,3,1,0,0,0,0,0,0,1,0,66,1238,1238,0.0,0.0,0.0,0.0,454.1480712890625,0.0,0.0,0.0,0.0,0.0,0.0,0.0,0.0,0.0,0.0
81662400,692,17.360000000000582,2,6162,9,6162,0,3138,,,,,,0,,,,,,,,,,0,7,0,-473.99029541015625,0.0,0.0,0.0,0.0,0.0,0.0,1445.0,,0.0,,,,,,,1,3,1,0,0,0,0,0,0,1,0,65,1238,1238,0.0,0.0,0.0,0.0,454.1480712890625,0.0,0.0,0.0,0.0,0.0,0.0,0.0,0.0,0.0,0.0
81662400,695,17.360000000000582,2,6163,9,6163,0,3150,,,,,,0,,,,,,,,,,0,7,0,-473.99029541015625,0.0,0.0,0.0,0.0,0.0,0.0,1445.0,,0.0,,,,,,,1,3,1,0,0,0,0,0,0,1,0,65,1238,1238,0.0,0.0,0.0,0.0,454.1480712890625,0.0,0.0,0.0,0.0,0.0,0.0,0.0,0.0,0.0,0.0
81662400,699,17.687999999994645,2,6164,9,6164,0,3163,,,,,,0,,,,,,,,,,0,7,0,-473.99029541015625,0.0,0.0,0.0,0.0,0.0,0.0,1445.0,,0.0,,,,,,,1,3,1,0,0,0,0,0,0,1,0,65,1238,1238,0.0,0.0,0.0,0.0,454.1480712890625,0.0,0.0,0.0,0.0,0.0,0.0,0.0,0.0,0.0,0.0
81662400,703,17.687999999994645,2,6165,9,6165,0,3094,,,,,,0,,,,,,,,,,0,7,0,-473.99029541015625,0.0,0.0,0.0,0.0,0.0,0.0,1445.0,,0.0,,,,,,,1,3,1,0,0,0,0,0,0,1,0,64,1238,1238,0.0,0.0,0.0,0.0,454.1480712890625,0.0,0.0,0.0,0.0,0.0,0.0,0.0,0.0,0.0,0.0
81662400,707,17.687999999994645,2,6166,9,6166,0,3142,,,,,,0,,,,,,,,,,0,7,0,-473.99029541015625,0.0,0.0,0.0,0.0,0.0,0.0,1445.0,,0.0,,,,,,,1,3,1,0,0,0,0,0,0,1,0,63,1238,1238,0.0,0.0,0.0,0.0,454.1480712890625,0.0,0.0,0.0,0.0,0.0,0.0,0.0,0.0,0.0,0.0
81662400,710,17.687999999994645,2,6167,9,6167,0,3155,,,,,,0,,,,,,,,,,0,7,0,-473.99029541015625,0.0,0.0,0.0,0.0,0.0,0.0,1445.0,,0.0,,,,,,,1,3,1,0,0,0,0,0,0,1,0,66,1238,1238,0.0,0.0,0.0,0.0,454.1480712890625,0.0,0.0,0.0,0.0,0.0,0.0,0.0,0.0,0.0,0.0
81662400,713,18.235000000000582,2,6168,9,6168,0,3153,,,,,,0,,,,,,,,,,0,7,0,-473.99029541015625,0.0,0.0,0.0,0.0,0.0,0.0,1445.0,,0.0,,,,,,,1,3,1,0,0,0,0,0,0,1,0,68,1238,1238,0.0,0.0,0.0,0.0,454.1480712890625,0.0,0.0,0.0,0.0,0.0,0.0,0.0,0.0,0.0,0.0
81662400,716,18.235000000000582,2,6169,9,6169,0,3192,,,,,,0,,,,,,,,,,0,7,0,-473.99029541015625,0.0,0.0,0.0,0.0,0.0,0.0,1445.0,,0.0,,,,,,,1,3,1,0,0,0,0,0,0,1,0,68,1238,1238,0.0,0.0,0.0,0.0,454.1480712890625,0.0,0.0,0.0,0.0,0.0,0.0,0.0,0.0,0.0,0.0
81662400,719,18.235000000000582,2,6170,9,6170,0,3132,,,,,,0,,,,,,,,,,0,7,0,-473.99029541015625,0.0,0.0,0.0,0.0,0.0,0.0,1445.0,,0.0,,,,,,,1,3,1,0,0,0,0,0,0,1,0,68,1238,1238,0.0,0.0,0.0,0.0,454.1480712890625,0.0,0.0,0.0,0.0,0.0,0.0,0.0,0.0,0.0,0.0
81662400,723,18.235000000000582,2,6171,9,6171,0,3221,,,,,,0,,,,,,,,,,0,7,0,-473.99029541015625,0.0,0.0,0.0,0.0,0.0,0.0,1445.0,,0.0,,,,,,,1,3,1,0,0,0,0,0,0,1,0,69,1238,1238,0.0,0.0,0.0,0.0,454.1480712890625,0.0,0.0,0.0,0.0,0.0,0.0,0.0,0.0,0.0,0.0
81662400,726,18.235000000000582,2,6172,9,6172,0,3194,,,,,,0,,,,,,,,,,0,7,0,-473.99029541015625,0.0,0.0,0.0,0.0,0.0,0.0,1445.0,,0.0,,,,,,,1,3,1,0,0,0,0,0,0,1,0,68,1238,1238,0.0,0.0,0.0,0.0,454.1480712890625,0.0,0.0,0.0,0.0,0.0,0.0,0.0,0.0,0.0,0.0
81662400,729,18.235000000000582,2,6173,9,6173,0,3179,,,,,,0,,,,,,,,,,0,7,0,-473.99029541015625,0.0,0.0,0.0,0.0,0.0,0.0,1445.0,,0.0,,,,,,,1,3,1,0,0,0,0,0,0,1,0,69,1238,1238,0.0,0.0,0.0,0.0,454.1480712890625,0.0,0.0,0.0,0.0,0.0,0.0,0.0,0.0,0.0,0.0
81662400,732,18.235000000000582,2,6174,9,6174,0,3174,,,,,,0,,,,,,,,,,0,7,0,-473.99029541015625,0.0,0.0,0.0,0.0,0.0,0.0,1445.0,,0.0,,,,,,,1,3,1,0,0,0,0,0,0,1,0,69,1238,1238,0.0,0.0,0.0,0.0,454.1480712890625,0.0,0.0,0.0,0.0,0.0,0.0,0.0,0.0,0.0,0.0
81662400,735,18.76600000000326,2,6175,9,6175,0,3163,,,,,,0,,,,,,,,,,0,7,0,-473.99029541015625,0.0,0.0,0.0,0.0,0.0,0.0,1445.0,,0.0,,,,,,,1,3,1,0,0,0,0,0,0,1,0,70,1238,1238,0.0,0.0,0.0,0.0,454.1480712890625,0.0,0.0,0.0,0.0,0.0,0.0,0.0,0.0,0.0,0.0
81662400,738,18.76600000000326,2,6176,9,6176,0,3181,,,,,,0,,,,,,,,,,0,7,0,-473.99029541015625,0.0,0.0,0.0,0.0,0.0,0.0,1445.0,,0.0,,,,,,,1,3,1,0,0,0,0,0,0,1,0,69,1238,1238,0.0,0.0,0.0,0.0,454.1480712890625,0.0,0.0,0.0,0.0,0.0,0.0,0.0,0.0,0.0,0.0
81662400,743,18.76600000000326,2,6177,9,6177,0,3153,,,,,,0,,,,,,,,,,0,7,0,-473.99029541015625,0.0,0.0,0.0,0.0,0.0,0.0,1445.0,,0.0,,,,,,,1,3,1,0,0,0,0,0,0,1,0,68,1238,1238,0.0,0.0,0.0,0.0,454.1480712890625,0.0,0.0,0.0,0.0,0.0,0.0,0.0,0.0,0.0,0.0
81662400,746,18.76600000000326,2,6178,9,6178,0,3183,,,,,,0,,,,,,,,,,0,7,0,-473.99029541015625,0.0,0.0,0.0,0.0,0.0,0.0,1445.0,,0.0,,,,,,,1,3,1,0,0,0,0,0,0,1,0,68,1238,1238,0.0,0.0,0.0,0.0,454.1480712890625,0.0,0.0,0.0,0.0,0.0,0.0,0.0,0.0,0.0,0.0
81662400,749,18.76600000000326,2,6179,9,6179,0,3178,,,,,,0,,,,,,,,,,0,7,0,-473.99029541015625,0.0,0.0,0.0,0.0,0.0,0.0,1445.0,,0.0,,,,,,,1,3,1,0,0,0,0,0,0,1,0,68,1238,1238,0.0,0.0,0.0,0.0,454.1480712890625,0.0,0.0,0.0,0.0,0.0,0.0,0.0,0.0,0.0,0.0
81662400,752,18.76600000000326,2,6180,9,6180,0,3093,,,,,,0,,,,,,,,,,0,7,0,-473.99029541015625,0.0,0.0,0.0,0.0,0.0,0.0,1445.0,,0.0,,,,,,,1,3,1,0,0,0,0,0,0,1,0,70,1238,1238,0.0,0.0,0.0,0.0,454.1480712890625,0.0,0.0,0.0,0.0,0.0,0.0,0.0,0.0,0.0,0.0
81662400,755,18.76600000000326,2,6181,9,6181,0,3185,,,,,,0,,,,,,,,,,0,7,0,-473.99029541015625,0.0,0.0,0.0,0.0,0.0,0.0,1445.0,,0.0,,,,,,,1,3,1,0,0,0,0,0,0,1,0,69,1238,1238,0.0,0.0,0.0,0.0,454.1480712890625,0.0,0.0,0.0,0.0,0.0,0.0,0.0,0.0,0.0,0.0
81662400,758,19.375,2,6182,9,6182,0,3174,,,,,,0,,,,,,,,,,0,7,0,-473.99029541015625,0.0,0.0,0.0,0.0,0.0,0.0,1445.0,,0.0,,,,,,,1,3,1,0,0,0,0,0,0,1,0,72,1238,1238,0.0,0.0,0.0,0.0,454.1480712890625,0.0,0.0,0.0,0.0,0.0,0.0,0.0,0.0,0.0,0.0
81662400,762,19.375,2,6183,9,6183,0,3106,,,,,,0,,,,,,,,,,0,7,0,-473.99029541015625,0.0,0.0,0.0,0.0,0.0,0.0,1445.0,,0.0,,,,,,,1,3,1,0,0,0,0,0,0,1,0,70,1238,1238,0.0,0.0,0.0,0.0,454.1480712890625,0.0,0.0,0.0,0.0,0.0,0.0,0.0,0.0,0.0,0.0
81662400,765,19.375,2,6184,9,6184,0,3181,,,,,,0,,,,,,,,,,0,7,0,-473.99029541015625,0.0,0.0,0.0,0.0,0.0,0.0,1445.0,,0.0,,,,,,,1,3,1,0,0,0,0,0,0,1,0,70,1238,1238,0.0,0.0,0.0,0.0,454.1480712890625,0.0,0.0,0.0,0.0,0.0,0.0,0.0,0.0,0.0,0.0
81662400,768,19.375,2,6185,9,6185,0,3178,,,,,,0,,,,,,,,,,0,7,0,-473.99029541015625,0.0,0.0,0.0,0.0,0.0,0.0,1445.0,,0.0,,,,,,,1,3,1,0,0,0,0,0,0,1,0,70,1238,1238,0.0,0.0,0.0,0.0,454.1480712890625,0.0,0.0,0.0,0.0,0.0,0.0,0.0,0.0,0.0,0.0
81662400,771,19.375,2,6186,9,6186,0,3118,,,,,,0,,,,,,,,,,0,7,0,-473.99029541015625,0.0,0.0,0.0,0.0,0.0,0.0,1445.0,,0.0,,,,,,,1,3,1,0,0,0,0,0,0,1,0,72,1238,1238,0.0,0.0,0.0,0.0,454.1480712890625,0.0,0.0,0.0,0.0,0.0,0.0,0.0,0.0,0.0,0.0
81662400,774,19.375,2,6187,9,6187,0,3140,,,,,,0,,,,,,,,,,0,7,0,-473.99029541015625,0.0,0.0,0.0,0.0,0.0,0.0,1445.0,,0.0,,,,,,,1,3,1,0,0,0,0,0,0,1,0,73,1238,1238,0.0,0.0,0.0,0.0,454.1480712890625,0.0,0.0,0.0,0.0,0.0,0.0,0.0,0.0,0.0,0.0
81662400,778,19.89100000000326,2,6188,9,6188,0,3190,,,,,,0,,,,,,,,,,0,7,0,-473.99029541015625,0.0,0.0,0.0,0.0,0.0,0.0,1445.0,,0.0,,,,,,,1,3,1,0,0,0,0,0,0,1,0,73,1238,1238,0.0,0.0,0.0,0.0,454.1480712890625,0.0,0.0,0.0,0.0,0.0,0.0,0.0,0.0,0.0,0.0
81662400,783,19.89100000000326,2,6189,9,6189,0,3189,,,,,,0,,,,,,,,,,0,7,0,-473.99029541015625,0.0,0.0,0.0,0.0,0.0,0.0,1445.0,,0.0,,,,,,,1,3,1,0,0,0,0,0,0,1,0,74,1238,1238,0.0,0.0,0.0,0.0,454.1480712890625,0.0,0.0,0.0,0.0,0.0,0.0,0.0,0.0,0.0,0.0
81662400,786,19.89100000000326,2,6190,9,6190,0,3309,,,,,,0,,,,,,,,,,0,7,0,-473.99029541015625,0.0,0.0,0.0,0.0,0.0,0.0,1445.0,,0.0,,,,,,,1,3,1,0,0,0,0,0,0,1,0,74,1238,1238,0.0,0.0,0.0,0.0,454.1480712890625,0.0,0.0,0.0,0.0,0.0,0.0,0.0,0.0,0.0,0.0
81662400,789,19.89100000000326,2,6191,9,6191,0,3191,,,,,,0,,,,,,,,,,0,7,0,-473.99029541015625,0.0,0.0,0.0,0.0,0.0,0.0,1445.0,,0.0,,,,,,,1,3,1,0,0,0,0,0,0,1,0,75,1238,1238,0.0,0.0,0.0,0.0,454.1480712890625,0.0,0.0,0.0,0.0,0.0,0.0,0.0,0.0,0.0,0.0
81662400,792,19.89100000000326,2,6192,9,6192,0,3220,,,,,,0,,,,,,,,,,0,7,0,-473.99029541015625,0.0,0.0,0.0,0.0,0.0,0.0,1445.0,,0.0,,,,,,,1,3,1,0,0,0,0,0,0,1,0,72,1238,1238,0.0,0.0,0.0,0.0,454.1480712890625,0.0,0.0,0.0,0.0,0.0,0.0,0.0,0.0,0.0,0.0
81662400,795,19.89100000000326,2,6193,9,6193,0,3160,,,,,,0,,,,,,,,,,0,7,0,-473.99029541015625,0.0,0.0,0.0,0.0,0.0,0.0,1445.0,,0.0,,,,,,,1,3,1,0,0,0,0,0,0,1,0,71,1238,1238,0.0,0.0,0.0,0.0,454.1480712890625,0.0,0.0,0.0,0.0,0.0,0.0,0.0,0.0,0.0,0.0
81662400,798,19.89100000000326,2,6194,9,6194,0,3214,,,,,,0,,,,,,,,,,0,7,0,-473.99029541015625,0.0,0.0,0.0,0.0,0.0,0.0,1445.0,,0.0,,,,,,,1,3,1,0,0,0,0,0,0,1,0,72,1238,1238,0.0,0.0,0.0,0.0,454.1480712890625,0.0,0.0,0.0,0.0,0.0,0.0,0.0,0.0,0.0,0.0
81662400,802,20.437999999994645,2,6195,9,6195,0,3175,,,,,,0,,,,,,,,,,0,7,0,-473.99029541015625,0.0,0.0,0.0,0.0,0.0,0.0,1445.0,,0.0,,,,,,,1,3,1,0,0,0,0,0,0,1,0,73,1238,1238,0.0,0.0,0.0,0.0,454.1480712890625,0.0,0.0,0.0,0.0,0.0,0.0,0.0,0.0,0.0,0.0
81662400,805,20.437999999994645,2,6196,9,6196,0,3210,,,,,,0,,,,,,,,,,0,7,0,-473.99029541015625,0.0,0.0,0.0,0.0,0.0,0.0,1445.0,,0.0,,,,,,,1,3,1,0,0,0,0,0,0,1,0,73,1238,1238,0.0,0.0,0.0,0.0,454.1480712890625,0.0,0.0,0.0,0.0,0.0,0.0,0.0,0.0,0.0,0.0
81662400,808,20.437999999994645,2,6197,9,6197,0,3110,,,,,,0,,,,,,,,,,0,7,0,-473.99029541015625,0.0,0.0,0.0,0.0,0.0,0.0,1445.0,,0.0,,,,,,,1,3,1,0,0,0,0,0,0,1,0,71,1238,1238,0.0,0.0,0.0,0.0,454.1480712890625,0.0,0.0,0.0,0.0,0.0,0.0,0.0,0.0,0.0,0.0
81662400,811,20.437999999994645,2,6198,9,6198,0,3124,,,,,,0,,,,,,,,,,0,7,0,-473.99029541015625,0.0,0.0,0.0,0.0,0.0,0.0,1445.0,,0.0,,,,,,,1,3,1,0,0,0,0,0,0,1,0,72,1238,1238,0.0,0.0,0.0,0.0,454.1480712890625,0.0,0.0,0.0,0.0,0.0,0.0,0.0,0.0,0.0,0.0
81662400,814,20.437999999994645,2,6199,9,6199,0,3175,,,,,,0,,,,,,,,,,0,7,0,-473.99029541015625,0.0,0.0,0.0,0.0,0.0,0.0,1445.0,,0.0,,,,,,,1,3,1,0,0,0,0,0,0,1,0,72,1238,1238,0.0,0.0,0.0,0.0,454.1480712890625,0.0,0.0,0.0,0.0,0.0,0.0,0.0,0.0,0.0,0.0
81662400,817,20.437999999994645,2,6200,9,6200,0,3134,,,,,,0,,,,,,,,,,0,7,0,-473.99029541015625,0.0,0.0,0.0,0.0,0.0,0.0,1445.0,,0.0,,,,,,,1,3,1,0,0,0,0,0,0,1,0,73,1238,1238,0.0,0.0,0.0,0.0,454.1480712890625,0.0,0.0,0.0,0.0,0.0,0.0,0.0,0.0,0.0,0.0
81662400,822,20.437999999994645,2,6201,9,6201,0,3167,,,,,,0,,,,,,,,,,0,7,0,-473.99029541015625,0.0,0.0,0.0,0.0,0.0,0.0,1445.0,,0.0,,,,,,,1,3,1,0,0,0,0,0,0,1,0,75,1238,1238,0.0,0.0,0.0,0.0,454.1480712890625,0.0,0.0,0.0,0.0,0.0,0.0,0.0,0.0,0.0,0.0
81662400,825,20.827999999994063,2,6202,9,6202,0,3104,,,,,,0,,,,,,,,,,0,7,0,-473.99029541015625,0.0,0.0,0.0,0.0,0.0,0.0,1445.0,,0.0,,,,,,,1,3,1,0,0,0,0,0,0,1,0,71,1238,1238,0.0,0.0,0.0,0.0,454.1480712890625,0.0,0.0,0.0,0.0,0.0,0.0,0.0,0.0,0.0,0.0
81662400,828,20.827999999994063,2,6203,9,6203,0,3108,,,,,,0,,,,,,,,,,0,7,0,-473.99029541015625,0.0,0.0,0.0,0.0,0.0,0.0,1445.0,,0.0,,,,,,,1,3,1,0,0,0,0,0,0,1,0,69,1238,1238,0.0,0.0,0.0,0.0,454.1480712890625,0.0,0.0,0.0,0.0,0.0,0.0,0.0,0.0,0.0,0.0
81662400,831,20.827999999994063,2,6204,9,6204,0,3127,,,,,,0,,,,,,,,,,0,7,0,-473.99029541015625,0.0,0.0,0.0,0.0,0.0,0.0,1445.0,,0.0,,,,,,,1,3,1,0,0,0,0,0,0,1,0,69,1238,1238,0.0,0.0,0.0,0.0,454.1480712890625,0.0,0.0,0.0,0.0,0.0,0.0,0.0,0.0,0.0,0.0
81662400,834,20.827999999994063,2,6205,9,6205,0,3162,,,,,,0,,,,,,,,,,0,7,0,-473.99029541015625,0.0,0.0,0.0,0.0,0.0,0.0,1445.0,,0.0,,,,,,,1,3,1,0,0,0,0,0,0,1,0,69,1238,1238,0.0,0.0,0.0,0.0,454.1480712890625,0.0,0.0,0.0,0.0,0.0,0.0,0.0,0.0,0.0,0.0
81662400,837,21.093999999997322,2,6206,9,6206,0,3160,,,,,,0,,,,,,,,,,0,7,0,-473.99029541015625,0.0,0.0,0.0,0.0,0.0,0.0,1445.0,,0.0,,,,,,,1,3,1,0,0,0,0,0,0,1,0,68,1238,1238,0.0,0.0,0.0,0.0,454.1480712890625,0.0,0.0,0.0,0.0,0.0,0.0,0.0,0.0,0.0,0.0
81662400,841,21.093999999997322,2,6207,9,6207,0,3161,,,,,,0,,,,,,,,,,0,7,0,-473.99029541015625,0.0,0.0,0.0,0.0,0.0,0.0,1445.0,,0.0,,,,,,,1,3,1,0,0,0,0,0,0,1,0,67,1238,1238,0.0,0.0,0.0,0.0,454.1480712890625,0.0,0.0,0.0,0.0,0.0,0.0,0.0,0.0,0.0,0.0
81662400,844,21.093999999997322,2,6208,9,6208,0,3154,,,,,,0,,,,,,,,,,0,7,0,-473.99029541015625,0.0,0.0,0.0,0.0,0.0,0.0,1445.0,,0.0,,,,,,,1,3,1,0,0,0,0,0,0,1,0,69,1238,1238,0.0,0.0,0.0,0.0,454.1480712890625,0.0,0.0,0.0,0.0,0.0,0.0,0.0,0.0,0.0,0.0
81662400,847,21.593999999997322,2,6209,9,6209,0,3198,,,,,,0,,,,,,,,,,0,7,0,-473.99029541015625,0.0,0.0,0.0,0.0,0.0,0.0,1445.0,,0.0,,,,,,,1,3,1,0,0,0,0,0,0,1,0,68,1238,1238,0.0,0.0,0.0,0.0,454.1480712890625,0.0,0.0,0.0,0.0,0.0,0.0,0.0,0.0,0.0,0.0
81662400,850,21.593999999997322,2,6210,9,6210,0,3187,,,,,,0,,,,,,,,,,0,7,0,-473.99029541015625,0.0,0.0,0.0,0.0,0.0,0.0,1445.0,,0.0,,,,,,,1,3,1,0,0,0,0,0,0,1,0,70,1238,1238,0.0,0.0,0.0,0.0,454.1480712890625,0.0,0.0,0.0,0.0,0.0,0.0,0.0,0.0,0.0,0.0
81662400,853,21.593999999997322,2,6211,9,6211,0,3184,,,,,,0,,,,,,,,,,0,7,0,-473.99029541015625,0.0,0.0,0.0,0.0,0.0,0.0,1445.0,,0.0,,,,,,,1,3,1,0,0,0,0,0,0,1,0,68,1238,1238,0.0,0.0,0.0,0.0,454.1480712890625,0.0,0.0,0.0,0.0,0.0,0.0,0.0,0.0,0.0,0.0
81662400,857,21.593999999997322,2,6212,9,6212,0,3186,,,,,,0,,,,,,,,,,0,7,0,-473.99029541015625,0.0,0.0,0.0,0.0,0.0,0.0,1445.0,,0.0,,,,,,,1,3,1,0,0,0,0,0,0,1,0,66,1238,1238,0.0,0.0,0.0,0.0,454.1480712890625,0.0,0.0,0.0,0.0,0.0,0.0,0.0,0.0,0.0,0.0
81662400,862,21.593999999997322,2,6213,9,6213,0,3204,,,,,,0,,,,,,,,,,0,7,0,-473.99029541015625,0.0,0.0,0.0,0.0,0.0,0.0,1445.0,,0.0,,,,,,,1,3,1,0,0,0,0,0,0,1,0,69,1238,1238,0.0,0.0,0.0,0.0,454.1480712890625,0.0,0.0,0.0,0.0,0.0,0.0,0.0,0.0,0.0,0.0
81662400,865,21.593999999997322,2,6214,9,6214,0,3200,,,,,,0,,,,,,,,,,0,7,0,-473.99029541015625,0.0,0.0,0.0,0.0,0.0,0.0,1445.0,,0.0,,,,,,,1,3,1,0,0,0,0,0,0,1,0,69,1238,1238,0.0,0.0,0.0,0.0,454.1480712890625,0.0,0.0,0.0,0.0,0.0,0.0,0.0,0.0,0.0,0.0
81662400,868,21.797000000005937,2,6215,9,6215,0,3195,,,,,,0,,,,,,,,,,0,7,0,-473.99029541015625,0.0,0.0,0.0,0.0,0.0,0.0,1445.0,,0.0,,,,,,,1,3,1,0,0,0,0,0,0,1,0,68,1238,1238,0.0,0.0,0.0,0.0,454.1480712890625,0.0,0.0,0.0,0.0,0.0,0.0,0.0,0.0,0.0,0.0
81662400,871,21.797000000005937,2,6216,9,6216,0,3205,,,,,,0,,,,,,,,,,0,7,0,-473.99029541015625,0.0,0.0,0.0,0.0,0.0,0.0,1445.0,,0.0,,,,,,,1,3,1,0,0,0,0,0,0,1,0,68,1238,1238,0.0,0.0,0.0,0.0,454.1480712890625,0.0,0.0,0.0,0.0,0.0,0.0,0.0,0.0,0.0,0.0
81662400,874,22.047000000005937,2,6217,9,6217,0,3196,,,,,,0,,,,,,,,,,0,7,0,-473.99029541015625,0.0,0.0,0.0,0.0,0.0,0.0,1445.0,,0.0,,,,,,,1,3,1,0,0,0,0,0,0,1,0,69,1238,1238,0.0,0.0,0.0,0.0,454.1480712890625,0.0,0.0,0.0,0.0,0.0,0.0,0.0,0.0,0.0,0.0
81662400,877,22.047000000005937,2,6218,9,6218,0,3217,,,,,,0,,,,,,,,,,0,7,0,-473.99029541015625,0.0,0.0,0.0,0.0,0.0,0.0,1445.0,,0.0,,,,,,,1,3,1,0,0,0,0,0,0,1,0,69,1238,1238,0.0,0.0,0.0,0.0,454.1480712890625,0.0,0.0,0.0,0.0,0.0,0.0,0.0,0.0,0.0,0.0
81662400,881,22.047000000005937,2,6219,9,6219,0,3228,,,,,,0,,,,,,,,,,0,7,0,-473.99029541015625,0.0,0.0,0.0,0.0,0.0,0.0,1445.0,,0.0,,,,,,,1,3,1,0,0,0,0,0,0,1,0,68,1238,1238,0.0,0.0,0.0,0.0,454.1480712890625,0.0,0.0,0.0,0.0,0.0,0.0,0.0,0.0,0.0,0.0
81662400,884,22.047000000005937,2,6220,9,6220,0,3155,,,,,,0,,,,,,,,,,0,7,0,-473.99029541015625,0.0,0.0,0.0,0.0,0.0,0.0,1445.0,,0.0,,,,,,,1,3,1,0,0,0,0,0,0,1,0,70,1238,1238,0.0,0.0,0.0,0.0,454.1480712890625,0.0,0.0,0.0,0.0,0.0,0.0,0.0,0.0,0.0,0.0
81662400,887,22.562999999994645,2,6221,9,6221,0,3165,,,,,,0,,,,,,,,,,0,7,0,-473.99029541015625,0.0,0.0,0.0,0.0,0.0,0.0,1445.0,,0.0,,,,,,,1,3,1,0,0,0,0,0,0,1,0,68,1238,1238,0.0,0.0,0.0,0.0,454.1480712890625,0.0,0.0,0.0,0.0,0.0,0.0,0.0,0.0,0.0,0.0
81662400,890,22.562999999994645,2,6222,9,6222,0,3158,,,,,,0,,,,,,,,,,0,7,0,-473.99029541015625,0.0,0.0,0.0,0.0,0.0,0.0,1445.0,,0.0,,,,,,,1,3,1,0,0,0,0,0,0,1,0,68,1238,1238,0.0,0.0,0.0,0.0,454.1480712890625,0.0,0.0,0.0,0.0,0.0,0.0,0.0,0.0,0.0,0.0
81662400,893,22.562999999994645,2,6223,9,6223,0,3145,,,,,,0,,,,,,,,,,0,7,0,-473.99029541015625,0.0,0.0,0.0,0.0,0.0,0.0,1445.0,,0.0,,,,,,,1,3,1,0,0,0,0,0,0,1,0,68,1238,1238,0.0,0.0,0.0,0.0,454.1480712890625,0.0,0.0,0.0,0.0,0.0,0.0,0.0,0.0,0.0,0.0
81662400,896,22.562999999994645,2,6224,9,6224,0,3122,,,,,,0,,,,,,,,,,0,7,0,-473.99029541015625,0.0,0.0,0.0,0.0,0.0,0.0,1445.0,,0.0,,,,,,,1,3,1,0,0,0,0,0,0,1,0,68,1238,1238,0.0,0.0,0.0,0.0,454.1480712890625,0.0,0.0,0.0,0.0,0.0,0.0,0.0,0.0,0.0,0.0
81662400,901,22.562999999994645,2,6225,9,6225,0,3136,,,,,,0,,,,,,,,,,0,7,0,-473.99029541015625,0.0,0.0,0.0,0.0,0.0,0.0,1445.0,,0.0,,,,,,,1,3,1,0,0,0,0,0,0,1,0,67,1238,1238,0.0,0.0,0.0,0.0,454.1480712890625,0.0,0.0,0.0,0.0,0.0,0.0,0.0,0.0,0.0,0.0
81662400,904,22.562999999994645,2,6226,9,6226,0,3132,,,,,,0,,,,,,,,,,0,7,0,-473.99029541015625,0.0,0.0,0.0,0.0,0.0,0.0,1445.0,,0.0,,,,,,,1,3,1,0,0,0,0,0,0,1,0,67,1238,1238,0.0,0.0,0.0,0.0,454.1480712890625,0.0,0.0,0.0,0.0,0.0,0.0,0.0,0.0,0.0,0.0
81662400,907,23.110000000000582,2,6227,9,6227,0,3114,,,,,,0,,,,,,,,,,0,7,0,-473.99029541015625,0.0,0.0,0.0,0.0,0.0,0.0,1445.0,,0.0,,,,,,,1,3,1,0,0,0,0,0,0,1,0,67,1238,1238,0.0,0.0,0.0,0.0,454.1480712890625,0.0,0.0,0.0,0.0,0.0,0.0,0.0,0.0,0.0,0.0
81662400,910,23.110000000000582,2,6228,9,6228,0,3121,,,,,,0,,,,,,,,,,0,7,0,-473.99029541015625,0.0,0.0,0.0,0.0,0.0,0.0,1445.0,,0.0,,,,,,,1,3,1,0,0,0,0,0,0,1,0,67,1238,1238,0.0,0.0,0.0,0.0,454.1480712890625,0.0,0.0,0.0,0.0,0.0,0.0,0.0,0.0,0.0,0.0
81662400,913,23.110000000000582,2,6229,9,6229,0,3134,,,,,,0,,,,,,,,,,0,7,0,-473.99029541015625,0.0,0.0,0.0,0.0,0.0,0.0,1445.0,,0.0,,,,,,,1,3,1,0,0,0,0,0,0,1,0,66,1238,1238,0.0,0.0,0.0,0.0,454.1480712890625,0.0,0.0,0.0,0.0,0.0,0.0,0.0,0.0,0.0,0.0
81662400,916,23.110000000000582,2,6230,9,6230,0,3099,,,,,,0,,,,,,,,,,0,7,0,-473.99029541015625,0.0,0.0,0.0,0.0,0.0,0.0,1445.0,,0.0,,,,,,,1,3,1,0,0,0,0,0,0,1,0,68,1238,1238,0.0,0.0,0.0,0.0,454.1480712890625,0.0,0.0,0.0,0.0,0.0,0.0,0.0,0.0,0.0,0.0
81662400,920,23.110000000000582,2,6231,9,6231,0,3158,,,,,,0,,,,,,,,,,0,7,0,-473.99029541015625,0.0,0.0,0.0,0.0,0.0,0.0,1445.0,,0.0,,,,,,,1,3,1,0,0,0,0,0,0,1,0,67,1238,1238,0.0,0.0,0.0,0.0,454.1480712890625,0.0,0.0,0.0,0.0,0.0,0.0,0.0,0.0,0.0,0.0
81662400,923,23.110000000000582,2,6232,9,6232,0,3111,,,,,,0,,,,,,,,,,0,7,0,-473.99029541015625,0.0,0.0,0.0,0.0,0.0,0.0,1445.0,,0.0,,,,,,,1,3,1,0,0,0,0,0,0,1,0,68,1238,1238,0.0,0.0,0.0,0.0,454.1480712890625,0.0,0.0,0.0,0.0,0.0,0.0,0.0,0.0,0.0,0.0
81662400,926,23.110000000000582,2,6233,9,6233,0,3123,,,,,,0,,,,,,,,,,0,7,0,-473.99029541015625,0.0,0.0,0.0,0.0,0.0,0.0,1445.0,,0.0,,,,,,,1,3,1,0,0,0,0,0,0,1,0,70,1238,1238,0.0,0.0,0.0,0.0,454.1480712890625,0.0,0.0,0.0,0.0,0.0,0.0,0.0,0.0,0.0,0.0
81662400,929,23.39100000000326,2,6234,9,6234,0,3139,,,,,,0,,,,,,,,,,0,7,0,-473.99029541015625,0.0,0.0,0.0,0.0,0.0,0.0,1445.0,,0.0,,,,,,,1,3,1,0,0,0,0,0,0,1,0,71,1238,1238,0.0,0.0,0.0,0.0,454.1480712890625,0.0,0.0,0.0,0.0,0.0,0.0,0.0,0.0,0.0,0.0
81662400,932,23.39100000000326,2,6235,9,6235,0,3119,,,,,,0,,,,,,,,,,0,7,0,-473.99029541015625,0.0,0.0,0.0,0.0,0.0,0.0,1445.0,,0.0,,,,,,,1,3,1,0,0,0,0,0,0,1,0,70,1238,1238,0.0,0.0,0.0,0.0,454.1480712890625,0.0,0.0,0.0,0.0,0.0,0.0,0.0,0.0,0.0,0.0
81662400,935,23.39100000000326,2,6236,9,6236,0,3069,,,,,,0,,,,,,,,,,0,7,0,-473.99029541015625,0.0,0.0,0.0,0.0,0.0,0.0,1445.0,,0.0,,,,,,,1,3,1,0,0,0,0,0,0,1,0,70,1238,1238,0.0,0.0,0.0,0.0,454.1480712890625,0.0,0.0,0.0,0.0,0.0,0.0,0.0,0.0,0.0,0.0
81662400,941,23.906000000002678,2,6237,9,6237,0,3134,,,,,,0,,,,,,,,,,0,7,0,-473.99029541015625,0.0,0.0,0.0,0.0,0.0,0.0,1445.0,,0.0,,,,,,,1,3,1,0,0,0,0,0,0,1,0,71,1238,1238,0.0,0.0,0.0,0.0,454.1480712890625,0.0,0.0,0.0,0.0,0.0,0.0,0.0,0.0,0.0,0.0
81662400,944,23.906000000002678,2,6238,9,6238,0,3125,,,,,,0,,,,,,,,,,0,7,0,-473.99029541015625,0.0,0.0,0.0,0.0,0.0,0.0,1445.0,,0.0,,,,,,,1,3,1,0,0,0,0,0,0,1,0,73,1238,1238,0.0,0.0,0.0,0.0,454.1480712890625,0.0,0.0,0.0,0.0,0.0,0.0,0.0,0.0,0.0,0.0
81662400,947,23.906000000002678,2,6239,9,6239,0,3161,,,,,,0,,,,,,,,,,0,7,0,-473.99029541015625,0.0,0.0,0.0,0.0,0.0,0.0,1445.0,,0.0,,,,,,,1,3,1,0,0,0,0,0,0,1,0,75,1238,1238,0.0,0.0,0.0,0.0,454.1480712890625,0.0,0.0,0.0,0.0,0.0,0.0,0.0,0.0,0.0,0.0
81662400,950,23.906000000002678,2,6240,9,6240,0,3035,,,,,,0,,,,,,,,,,0,7,0,-473.99029541015625,0.0,0.0,0.0,0.0,0.0,0.0,1445.0,,0.0,,,,,,,1,3,1,0,0,0,0,0,0,1,0,77,1238,1238,0.0,0.0,0.0,0.0,454.1480712890625,0.0,0.0,0.0,0.0,0.0,0.0,0.0,0.0,0.0,0.0
81662400,953,23.906000000002678,2,6241,9,6241,0,2937,,,,,,0,,,,,,,,,,0,7,0,-473.99029541015625,0.0,0.0,0.0,0.0,0.0,0.0,1445.0,,0.0,,,,,,,1,3,1,0,0,0,0,0,0,1,0,78,1238,1238,0.0,0.0,0.0,0.0,454.1480712890625,0.0,0.0,0.0,0.0,0.0,0.0,0.0,0.0,0.0,0.0
81662400,956,23.906000000002678,2,6242,9,6242,0,2979,,,,,,0,,,,,,,,,,0,7,0,-473.99029541015625,0.0,0.0,0.0,0.0,0.0,0.0,1445.0,,0.0,,,,,,,1,3,1,0,0,0,0,0,0,1,0,80,1238,1238,0.0,0.0,0.0,0.0,454.1480712890625,0.0,0.0,0.0,0.0,0.0,0.0,0.0,0.0,0.0,0.0
81662400,960,24.281000000002678,2,6243,9,6243,0,2972,,,,,,0,,,,,,,,,,0,7,0,-473.99029541015625,0.0,0.0,0.0,0.0,0.0,0.0,1445.0,,0.0,,,,,,,1,3,1,0,0,0,0,0,0,1,0,79,1238,1238,0.0,0.0,0.0,0.0,454.1480712890625,0.0,0.0,0.0,0.0,0.0,0.0,0.0,0.0,0.0,0.0
81662400,963,24.281000000002678,2,6244,9,6244,0,2994,,,,,,0,,,,,,,,,,0,7,0,-473.99029541015625,0.0,0.0,0.0,0.0,0.0,0.0,1445.0,,0.0,,,,,,,1,3,1,0,0,0,0,0,0,1,0,80,1238,1238,0.0,0.0,0.0,0.0,454.1480712890625,0.0,0.0,0.0,0.0,0.0,0.0,0.0,0.0,0.0,0.0
81662400,966,24.281000000002678,2,6245,9,6245,0,2991,,,,,,0,,,,,,,,,,0,7,0,-473.99029541015625,0.0,0.0,0.0,0.0,0.0,0.0,1445.0,,0.0,,,,,,,1,3,1,0,0,0,0,0,0,1,0,80,1238,1238,0.0,0.0,0.0,0.0,454.1480712890625,0.0,0.0,0.0,0.0,0.0,0.0,0.0,0.0,0.0,0.0
81662400,969,24.281000000002678,2,6246,9,6246,0,3073,,,,,,0,,,,,,,,,,0,7,0,-473.99029541015625,0.0,0.0,0.0,0.0,0.0,0.0,1445.0,,0.0,,,,,,,1,3,1,0,0,0,0,0,0,1,0,79,1238,1238,0.0,0.0,0.0,0.0,454.1480712890625,0.0,0.0,0.0,0.0,0.0,0.0,0.0,0.0,0.0,0.0
81662400,972,24.827999999994063,2,6247,9,6247,0,3091,,,,,,0,,,,,,,,,,0,7,0,-473.99029541015625,0.0,0.0,0.0,0.0,0.0,0.0,1445.0,,0.0,,,,,,,1,3,1,0,0,0,0,0,0,1,0,79,1238,1238,0.0,0.0,0.0,0.0,454.1480712890625,0.0,0.0,0.0,0.0,0.0,0.0,0.0,0.0,0.0,0.0
81662400,975,24.827999999994063,2,6248,9,6248,0,3009,,,,,,0,,,,,,,,,,0,7,0,-473.99029541015625,0.0,0.0,0.0,0.0,0.0,0.0,1445.0,,0.0,,,,,,,1,3,1,0,0,0,0,0,0,1,0,75,1238,1238,0.0,0.0,0.0,0.0,454.1480712890625,0.0,0.0,0.0,0.0,0.0,0.0,0.0,0.0,0.0,0.0
81662400,980,24.827999999994063,2,6249,9,6249,0,3116,,,,,,0,,,,,,,,,,0,7,0,-473.99029541015625,0.0,0.0,0.0,0.0,0.0,0.0,1445.0,,0.0,,,,,,,1,3,1,0,0,0,0,0,0,1,0,74,1238,1238,0.0,0.0,0.0,0.0,454.1480712890625,0.0,0.0,0.0,0.0,0.0,0.0,0.0,0.0,0.0,0.0
81662400,983,24.827999999994063,2,6250,9,6250,0,3078,,,,,,0,,,,,,,,,,0,7,0,-473.99029541015625,0.0,0.0,0.0,0.0,0.0,0.0,1445.0,,0.0,,,,,,,1,3,1,0,0,0,0,0,0,1,0,73,1238,1238,0.0,0.0,0.0,0.0,454.1480712890625,0.0,0.0,0.0,0.0,0.0,0.0,0.0,0.0,0.0,0.0
81662400,986,24.827999999994063,2,6251,9,6251,0,3097,,,,,,0,,,,,,,,,,0,7,0,-473.99029541015625,0.0,0.0,0.0,0.0,0.0,0.0,1445.0,,0.0,,,,,,,1,3,1,0,0,0,0,0,0,1,0,73,1238,1238,0.0,0.0,0.0,0.0,454.1480712890625,0.0,0.0,0.0,0.0,0.0,0.0,0.0,0.0,0.0,0.0
81662400,989,24.827999999994063,2,6252,9,6252,0,3159,,,,,,0,,,,,,,,,,0,7,0,-473.99029541015625,0.0,0.0,0.0,0.0,0.0,0.0,1445.0,,0.0,,,,,,,1,3,1,0,0,0,0,0,0,1,0,72,1238,1238,0.0,0.0,0.0,0.0,454.1480712890625,0.0,0.0,0.0,0.0,0.0,0.0,0.0,0.0,0.0,0.0
81662400,992,24.827999999994063,2,6253,9,6253,0,3102,,,,,,0,,,,,,,,,,0,7,0,-473.99029541015625,0.0,0.0,0.0,0.0,0.0,0.0,1445.0,,0.0,,,,,,,1,3,1,0,0,0,0,0,0,1,0,74,1238,1238,0.0,0.0,0.0,0.0,454.1480712890625,0.0,0.0,0.0,0.0,0.0,0.0,0.0,0.0,0.0,0.0
81662400,995,25.39100000000326,2,6254,9,6254,0,3123,,,,,,0,,,,,,,,,,0,7,0,-473.99029541015625,0.0,0.0,0.0,0.0,0.0,0.0,1445.0,,0.0,,,,,,,1,3,1,0,0,0,0,0,0,1,0,74,1238,1238,0.0,0.0,0.0,0.0,454.1480712890625,0.0,0.0,0.0,0.0,0.0,0.0,0.0,0.0,0.0,0.0
81662400,999,25.39100000000326,2,6255,9,6255,0,3126,,,,,,0,,,,,,,,,,0,7,0,-473.99029541015625,0.0,0.0,0.0,0.0,0.0,0.0,1445.0,,0.0,,,,,,,1,3,1,0,0,0,0,0,0,1,0,76,1238,1238,0.0,0.0,0.0,0.0,454.1480712890625,0.0,0.0,0.0,0.0,0.0,0.0,0.0,0.0,0.0,0.0
81662400,1002,25.39100000000326,2,6256,9,6256,0,3099,,,,,,0,,,,,,,,,,0,7,0,-473.99029541015625,0.0,0.0,0.0,0.0,0.0,0.0,1445.0,,0.0,,,,,,,1,3,1,0,0,0,0,0,0,1,0,79,1238,1238,0.0,0.0,0.0,0.0,454.1480712890625,0.0,0.0,0.0,0.0,0.0,0.0,0.0,0.0,0.0,0.0
81662400,1005,25.39100000000326,2,6257,9,6257,0,3135,,,,,,0,,,,,,,,,,0,7,0,-473.99029541015625,0.0,0.0,0.0,0.0,0.0,0.0,1445.0,,0.0,,,,,,,1,3,1,0,0,0,0,0,0,1,0,79,1238,1238,0.0,0.0,0.0,0.0,454.1480712890625,0.0,0.0,0.0,0.0,0.0,0.0,0.0,0.0,0.0,0.0
81662400,1008,25.39100000000326,2,6258,9,6258,0,3163,,,,,,0,,,,,,,,,,0,7,0,-473.99029541015625,0.0,0.0,0.0,0.0,0.0,0.0,1445.0,,0.0,,,,,,,1,3,1,0,0,0,0,0,0,1,0,79,1238,1238,0.0,0.0,0.0,0.0,454.1480712890625,0.0,0.0,0.0,0.0,0.0,0.0,0.0,0.0,0.0,0.0
81662400,1012,25.39100000000326,2,6259,9,6259,0,3203,,,,,,0,,,,,,,,,,0,7,0,-473.99029541015625,0.0,0.0,0.0,0.0,0.0,0.0,1445.0,,0.0,,,,,,,1,3,1,0,0,0,0,0,0,1,0,80,1238,1238,0.0,0.0,0.0,0.0,454.1480712890625,0.0,0.0,0.0,0.0,0.0,0.0,0.0,0.0,0.0,0.0
81662400,1015,25.39100000000326,2,6260,9,6260,0,3202,,,,,,0,,,,,,,,,,0,7,0,-473.99029541015625,0.0,0.0,0.0,0.0,0.0,0.0,1445.0,,0.0,,,,,,,1,3,1,0,0,0,0,0,0,1,0,81,1238,1238,0.0,0.0,0.0,0.0,454.1480712890625,0.0,0.0,0.0,0.0,0.0,0.0,0.0,0.0,0.0,0.0
81662400,1020,25.922000000005937,2,6261,9,6261,0,3172,,,,,,0,,,,,,,,,,0,7,0,-473.99029541015625,0.0,0.0,0.0,0.0,0.0,0.0,1445.0,,0.0,,,,,,,1,3,1,0,0,0,0,0,0,1,0,77,1238,1238,0.0,0.0,0.0,0.0,454.1480712890625,0.0,0.0,0.0,0.0,0.0,0.0,0.0,0.0,0.0,0.0
81662400,1023,25.922000000005937,2,6262,9,6262,0,3173,,,,,,0,,,,,,,,,,0,7,0,-473.99029541015625,0.0,0.0,0.0,0.0,0.0,0.0,1445.0,,0.0,,,,,,,1,3,1,0,0,0,0,0,0,1,0,75,1238,1238,0.0,0.0,0.0,0.0,454.1480712890625,0.0,0.0,0.0,0.0,0.0,0.0,0.0,0.0,0.0,0.0
81662400,1026,25.922000000005937,2,6263,9,6263,0,3209,,,,,,0,,,,,,,,,,0,7,0,-473.99029541015625,0.0,0.0,0.0,0.0,0.0,0.0,1445.0,,0.0,,,,,,,1,3,1,0,0,0,0,0,0,1,0,77,1238,1238,0.0,0.0,0.0,0.0,454.1480712890625,0.0,0.0,0.0,0.0,0.0,0.0,0.0,0.0,0.0,0.0
81662400,1029,25.922000000005937,2,6264,9,6264,0,3154,,,,,,0,,,,,,,,,,0,7,0,-473.99029541015625,0.0,0.0,0.0,0.0,0.0,0.0,1445.0,,0.0,,,,,,,1,3,1,0,0,0,0,0,0,1,0,75,1238,1238,0.0,0.0,0.0,0.0,454.1480712890625,0.0,0.0,0.0,0.0,0.0,0.0,0.0,0.0,0.0,0.0
81662400,1032,25.922000000005937,2,6265,9,6265,0,3186,,,,,,0,,,,,,,,,,0,7,0,-473.99029541015625,0.0,0.0,0.0,0.0,0.0,0.0,1445.0,,0.0,,,,,,,1,3,1,0,0,0,0,0,0,1,0,77,1238,1238,0.0,0.0,0.0,0.0,454.1480712890625,0.0,0.0,0.0,0.0,0.0,0.0,0.0,0.0,0.0,0.0
81662400,1035,25.922000000005937,2,6266,9,6266,0,3114,,,,,,0,,,,,,,,,,0,7,0,-473.99029541015625,0.0,0.0,0.0,0.0,0.0,0.0,1445.0,,0.0,,,,,,,1,3,1,0,0,0,0,0,0,1,0,76,1238,1238,0.0,0.0,0.0,0.0,454.1480712890625,0.0,0.0,0.0,0.0,0.0,0.0,0.0,0.0,0.0,0.0
81662400,1039,26.5,2,6267,9,6267,0,3230,,,,,,0,,,,,,,,,,0,7,0,-473.99029541015625,0.0,0.0,0.0,0.0,0.0,0.0,1445.0,,0.0,,,,,,,1,3,1,0,0,0,0,0,0,1,0,77,1238,1238,0.0,0.0,0.0,0.0,454.1480712890625,0.0,0.0,0.0,0.0,0.0,0.0,0.0,0.0,0.0,0.0
81662400,1042,26.5,2,6268,9,6268,0,3151,,,,,,0,,,,,,,,,,0,7,0,-473.99029541015625,0.0,0.0,0.0,0.0,0.0,0.0,1445.0,,0.0,,,,,,,1,3,1,0,0,0,0,0,0,1,0,78,1238,1238,0.0,0.0,0.0,0.0,454.1480712890625,0.0,0.0,0.0,0.0,0.0,0.0,0.0,0.0,0.0,0.0
81662400,1045,26.5,2,6269,9,6269,0,3135,,,,,,0,,,,,,,,,,0,7,0,-473.99029541015625,0.0,0.0,0.0,0.0,0.0,0.0,1445.0,,0.0,,,,,,,1,3,1,0,0,0,0,0,0,1,0,78,1238,1238,0.0,0.0,0.0,0.0,454.1480712890625,0.0,0.0,0.0,0.0,0.0,0.0,0.0,0.0,0.0,0.0
81662400,1048,26.5,2,6270,9,6270,0,3195,,,,,,0,,,,,,,,,,0,7,0,-473.99029541015625,0.0,0.0,0.0,0.0,0.0,0.0,1445.0,,0.0,,,,,,,1,3,1,0,0,0,0,0,0,1,0,75,1238,1238,0.0,0.0,0.0,0.0,454.1480712890625,0.0,0.0,0.0,0.0,0.0,0.0,0.0,0.0,0.0,0.0
81662400,1051,26.5,2,6271,9,6271,0,3186,,,,,,0,,,,,,,,,,0,7,0,-473.99029541015625,0.0,0.0,0.0,0.0,0.0,0.0,1445.0,,0.0,,,,,,,1,3,1,0,0,0,0,0,0,1,0,77,1238,1238,0.0,0.0,0.0,0.0,454.1480712890625,0.0,0.0,0.0,0.0,0.0,0.0,0.0,0.0,0.0,0.0
81662400,1054,26.5,2,6272,9,6272,0,3248,,,,,,0,,,,,,,,,,0,7,0,-473.99029541015625,0.0,0.0,0.0,0.0,0.0,0.0,1445.0,,0.0,,,,,,,1,3,1,0,0,0,0,0,0,1,0,79,1238,1238,0.0,0.0,0.0,0.0,454.1480712890625,0.0,0.0,0.0,0.0,0.0,0.0,0.0,0.0,0.0,0.0
81662400,1059,26.5,2,6273,9,6273,0,3246,,,,,,0,,,,,,,,,,0,7,0,-473.99029541015625,0.0,0.0,0.0,0.0,0.0,0.0,1445.0,,0.0,,,,,,,1,3,1,0,0,0,0,0,0,1,0,78,1238,1238,0.0,0.0,0.0,0.0,454.1480712890625,0.0,0.0,0.0,0.0,0.0,0.0,0.0,0.0,0.0,0.0
81662400,1062,27.093999999997322,2,6274,9,6274,0,3209,,,,,,0,,,,,,,,,,0,7,0,-473.99029541015625,0.0,0.0,0.0,0.0,0.0,0.0,1445.0,,0.0,,,,,,,1,3,1,0,0,0,0,0,0,1,0,79,1238,1238,0.0,0.0,0.0,0.0,454.1480712890625,0.0,0.0,0.0,0.0,0.0,0.0,0.0,0.0,0.0,0.0
81662400,1065,27.093999999997322,2,6275,9,6275,0,3203,,,,,,0,,,,,,,,,,0,7,0,-473.99029541015625,0.0,0.0,0.0,0.0,0.0,0.0,1445.0,,0.0,,,,,,,1,3,1,0,0,0,0,0,0,1,0,79,1238,1238,0.0,0.0,0.0,0.0,454.1480712890625,0.0,0.0,0.0,0.0,0.0,0.0,0.0,0.0,0.0,0.0
81662400,1068,27.093999999997322,2,6276,9,6276,0,3205,,,,,,0,,,,,,,,,,0,7,0,-473.99029541015625,0.0,0.0,0.0,0.0,0.0,0.0,1445.0,,0.0,,,,,,,1,3,1,0,0,0,0,0,0,1,0,78,1238,1238,0.0,0.0,0.0,0.0,454.1480712890625,0.0,0.0,0.0,0.0,0.0,0.0,0.0,0.0,0.0,0.0
81662400,1071,27.093999999997322,2,6277,9,6277,0,3141,,,,,,0,,,,,,,,,,0,7,0,-473.99029541015625,0.0,0.0,0.0,0.0,0.0,0.0,1445.0,,0.0,,,,,,,1,3,1,0,0,0,0,0,0,1,0,78,1238,1238,0.0,0.0,0.0,0.0,454.1480712890625,0.0,0.0,0.0,0.0,0.0,0.0,0.0,0.0,0.0,0.0
81662400,1074,27.093999999997322,2,6278,9,6278,0,3194,,,,,,0,,,,,,,,,,0,7,0,-473.99029541015625,0.0,0.0,0.0,0.0,0.0,0.0,1445.0,,0.0,,,,,,,1,3,1,0,0,0,0,0,0,1,0,78,1238,1238,0.0,0.0,0.0,0.0,454.1480712890625,0.0,0.0,0.0,0.0,0.0,0.0,0.0,0.0,0.0,0.0
81662400,1078,27.093999999997322,2,6279,9,6279,0,3229,,,,,,0,,,,,,,,,,0,7,0,-473.99029541015625,0.0,0.0,0.0,0.0,0.0,0.0,1445.0,,0.0,,,,,,,1,3,1,0,0,0,0,0,0,1,0,78,1238,1238,0.0,0.0,0.0,0.0,454.1480712890625,0.0,0.0,0.0,0.0,0.0,0.0,0.0,0.0,0.0,0.0
81662400,1081,27.093999999997322,2,6280,9,6280,0,3174,,,,,,0,,,,,,,,,,0,7,0,-473.99029541015625,0.0,0.0,0.0,0.0,0.0,0.0,1445.0,,0.0,,,,,,,1,3,1,0,0,0,0,0,0,1,0,76,1238,1238,0.0,0.0,0.0,0.0,454.1480712890625,0.0,0.0,0.0,0.0,0.0,0.0,0.0,0.0,0.0,0.0
81662400,1084,27.625,2,6281,9,6281,0,3175,,,,,,0,,,,,,,,,,0,7,0,-473.99029541015625,0.0,0.0,0.0,0.0,0.0,0.0,1445.0,,0.0,,,,,,,1,3,1,0,0,0,0,0,0,1,0,79,1238,1238,0.0,0.0,0.0,0.0,454.1480712890625,0.0,0.0,0.0,0.0,0.0,0.0,0.0,0.0,0.0,0.0
81662400,1087,27.625,2,6282,9,6282,0,3132,,,,,,0,,,,,,,,,,0,7,0,-473.99029541015625,0.0,0.0,0.0,0.0,0.0,0.0,1445.0,,0.0,,,,,,,1,3,1,0,0,0,0,0,0,1,0,79,1238,1238,0.0,0.0,0.0,0.0,454.1480712890625,0.0,0.0,0.0,0.0,0.0,0.0,0.0,0.0,0.0,0.0
81662400,1091,27.625,2,6283,9,6283,0,3186,,,,,,0,,,,,,,,,,0,7,0,-473.99029541015625,0.0,0.0,0.0,0.0,0.0,0.0,1445.0,,0.0,,,,,,,1,3,1,0,0,0,0,0,0,1,0,80,1238,1238,0.0,0.0,0.0,0.0,454.1480712890625,0.0,0.0,0.0,0.0,0.0,0.0,0.0,0.0,0.0,0.0
81662400,1094,27.625,2,6284,9,6284,0,3268,,,,,,0,,,,,,,,,,0,7,0,-473.99029541015625,0.0,0.0,0.0,0.0,0.0,0.0,1445.0,,0.0,,,,,,,1,3,1,0,0,0,0,0,0,1,0,79,1238,1238,0.0,0.0,0.0,0.0,454.1480712890625,0.0,0.0,0.0,0.0,0.0,0.0,0.0,0.0,0.0,0.0
81662400,1099,27.625,2,6285,9,6285,0,3210,,,,,,0,,,,,,,,,,0,7,0,-473.99029541015625,0.0,0.0,0.0,0.0,0.0,0.0,1445.0,,0.0,,,,,,,1,3,1,0,0,0,0,0,0,1,0,80,1238,1238,0.0,0.0,0.0,0.0,454.1480712890625,0.0,0.0,0.0,0.0,0.0,0.0,0.0,0.0,0.0,0.0
81662400,1102,27.625,2,6286,9,6286,0,3188,,,,,,0,,,,,,,,,,0,7,0,-473.99029541015625,0.0,0.0,0.0,0.0,0.0,0.0,1445.0,,0.0,,,,,,,1,3,1,0,0,0,0,0,0,1,0,78,1238,1238,0.0,0.0,0.0,0.0,454.1480712890625,0.0,0.0,0.0,0.0,0.0,0.0,0.0,0.0,0.0,0.0
81662400,1105,28.172000000005937,2,6287,9,6287,0,3148,,,,,,0,,,,,,,,,,0,7,0,-473.99029541015625,0.0,0.0,0.0,0.0,0.0,0.0,1445.0,,0.0,,,,,,,1,3,1,0,0,0,0,0,0,1,0,77,1238,1238,0.0,0.0,0.0,0.0,454.1480712890625,0.0,0.0,0.0,0.0,0.0,0.0,0.0,0.0,0.0,0.0
81662400,1108,28.172000000005937,2,6288,9,6288,0,3184,,,,,,0,,,,,,,,,,0,7,0,-473.99029541015625,0.0,0.0,0.0,0.0,0.0,0.0,1445.0,,0.0,,,,,,,1,3,1,0,0,0,0,0,0,1,0,79,1238,1238,0.0,0.0,0.0,0.0,454.1480712890625,0.0,0.0,0.0,0.0,0.0,0.0,0.0,0.0,0.0,0.0
81662400,1111,28.172000000005937,2,6289,9,6289,0,3212,,,,,,0,,,,,,,,,,0,7,0,-473.99029541015625,0.0,0.0,0.0,0.0,0.0,0.0,1445.0,,0.0,,,,,,,1,3,1,0,0,0,0,0,0,1,0,78,1238,1238,0.0,0.0,0.0,0.0,454.1480712890625,0.0,0.0,0.0,0.0,0.0,0.0,0.0,0.0,0.0,0.0
81662400,1114,28.172000000005937,2,6290,9,6290,0,3167,,,,,,0,,,,,,,,,,0,7,0,-473.99029541015625,0.0,0.0,0.0,0.0,0.0,0.0,1445.0,,0.0,,,,,,,1,3,1,0,0,0,0,0,0,1,0,80,1238,1238,0.0,0.0,0.0,0.0,454.1480712890625,0.0,0.0,0.0,0.0,0.0,0.0,0.0,0.0,0.0,0.0
81662400,1118,28.172000000005937,2,6291,9,6291,0,3196,,,,,,0,,,,,,,,,,0,7,0,-473.99029541015625,0.0,0.0,0.0,0.0,0.0,0.0,1445.0,,0.0,,,,,,,1,3,1,0,0,0,0,0,0,1,0,78,1238,1238,0.0,0.0,0.0,0.0,454.1480712890625,0.0,0.0,0.0,0.0,0.0,0.0,0.0,0.0,0.0,0.0
81662400,1121,28.172000000005937,2,6292,9,6292,0,3153,,,,,,0,,,,,,,,,,0,7,0,-473.99029541015625,0.0,0.0,0.0,0.0,0.0,0.0,1445.0,,0.0,,,,,,,1,3,1,0,0,0,0,0,0,1,0,81,1238,1238,0.0,0.0,0.0,0.0,454.1480712890625,0.0,0.0,0.0,0.0,0.0,0.0,0.0,0.0,0.0,0.0
81662400,1124,28.172000000005937,2,6293,9,6293,0,3138,,,,,,0,,,,,,,,,,0,7,0,-473.99029541015625,0.0,0.0,0.0,0.0,0.0,0.0,1445.0,,0.0,,,,,,,1,3,1,0,0,0,0,0,0,1,0,80,1238,1238,0.0,0.0,0.0,0.0,454.1480712890625,0.0,0.0,0.0,0.0,0.0,0.0,0.0,0.0,0.0,0.0
81662400,1127,28.75,2,6294,9,6294,0,3137,,,,,,0,,,,,,,,,,0,7,0,-473.99029541015625,0.0,0.0,0.0,0.0,0.0,0.0,1445.0,,0.0,,,,,,,1,3,1,0,0,0,0,0,0,1,0,78,1238,1238,0.0,0.0,0.0,0.0,454.1480712890625,0.0,0.0,0.0,0.0,0.0,0.0,0.0,0.0,0.0,0.0
81662400,1130,28.75,2,6295,9,6295,0,3149,,,,,,0,,,,,,,,,,0,7,0,-473.99029541015625,0.0,0.0,0.0,0.0,0.0,0.0,1445.0,,0.0,,,,,,,1,3,1,0,0,0,0,0,0,1,0,79,1238,1238,0.0,0.0,0.0,0.0,454.1480712890625,0.0,0.0,0.0,0.0,0.0,0.0,0.0,0.0,0.0,0.0
81662400,1133,28.75,2,6296,9,6296,0,3153,,,,,,0,,,,,,,,,,0,7,0,-473.99029541015625,0.0,0.0,0.0,0.0,0.0,0.0,1445.0,,0.0,,,,,,,1,3,1,0,0,0,0,0,0,1,0,79,1238,1238,0.0,0.0,0.0,0.0,454.1480712890625,0.0,0.0,0.0,0.0,0.0,0.0,0.0,0.0,0.0,0.0
81662400,1138,28.75,2,6297,9,6297,0,3114,,,,,,0,,,,,,,,,,0,7,0,-473.99029541015625,0.0,0.0,0.0,0.0,0.0,0.0,1445.0,,0.0,,,,,,,1,3,1,0,0,0,0,0,0,1,0,78,1238,1238,0.0,0.0,0.0,0.0,454.1480712890625,0.0,0.0,0.0,0.0,0.0,0.0,0.0,0.0,0.0,0.0
81662400,1141,28.75,2,6298,9,6298,0,3140,,,,,,0,,,,,,,,,,0,7,0,-473.99029541015625,0.0,0.0,0.0,0.0,0.0,0.0,1445.0,,0.0,,,,,,,1,3,1,0,0,0,0,0,0,1,0,79,1238,1238,0.0,0.0,0.0,0.0,454.1480712890625,0.0,0.0,0.0,0.0,0.0,0.0,0.0,0.0,0.0,0.0
81662400,1144,28.75,2,6299,9,6299,0,3119,,,,,,0,,,,,,,,,,0,7,0,-473.99029541015625,0.0,0.0,0.0,0.0,0.0,0.0,1445.0,,0.0,,,,,,,1,3,1,0,0,0,0,0,0,1,0,77,1238,1238,0.0,0.0,0.0,0.0,454.1480712890625,0.0,0.0,0.0,0.0,0.0,0.0,0.0,0.0,0.0,0.0
81662400,1147,28.75,2,6300,9,6300,0,3197,,,,,,0,,,,,,,,,,0,7,0,-473.99029541015625,0.0,0.0,0.0,0.0,0.0,0.0,1445.0,,0.0,,,,,,,1,3,1,0,0,0,0,0,0,1,0,76,1238,1238,0.0,0.0,0.0,0.0,454.1480712890625,0.0,0.0,0.0,0.0,0.0,0.0,0.0,0.0,0.0,0.0
81662400,1150,29.01600000000326,2,6301,9,6301,0,3201,,,,,,0,,,,,,,,,,0,7,0,-473.99029541015625,0.0,0.0,0.0,0.0,0.0,0.0,1445.0,,0.0,,,,,,,1,3,1,0,0,0,0,0,0,1,0,75,1238,1238,0.0,0.0,0.0,0.0,454.1480712890625,0.0,0.0,0.0,0.0,0.0,0.0,0.0,0.0,0.0,0.0
81662400,1153,29.01600000000326,2,6302,9,6302,0,3186,,,,,,0,,,,,,,,,,0,7,0,-473.99029541015625,0.0,0.0,0.0,0.0,0.0,0.0,1445.0,,0.0,,,,,,,1,3,1,0,0,0,0,0,0,1,0,72,1238,1238,0.0,0.0,0.0,0.0,454.1480712890625,0.0,0.0,0.0,0.0,0.0,0.0,0.0,0.0,0.0,0.0
81662400,1157,29.01600000000326,2,6303,9,6303,0,3112,,,,,,0,,,,,,,,,,0,7,0,-473.99029541015625,0.0,0.0,0.0,0.0,0.0,0.0,1445.0,,0.0,,,,,,,1,3,1,0,0,0,0,0,0,1,0,70,1238,1238,0.0,0.0,0.0,0.0,454.1480712890625,0.0,0.0,0.0,0.0,0.0,0.0,0.0,0.0,0.0,0.0
81662400,1160,29.51600000000326,2,6304,9,6304,0,3119,,,,,,0,,,,,,,,,,0,7,0,-473.99029541015625,0.0,0.0,0.0,0.0,0.0,0.0,1445.0,,0.0,,,,,,,1,3,1,0,0,0,0,0,0,1,0,69,1238,1238,0.0,0.0,0.0,0.0,454.1480712890625,0.0,0.0,0.0,0.0,0.0,0.0,0.0,0.0,0.0,0.0
81662400,1163,29.51600000000326,2,6305,9,6305,0,2910,,,,,,0,,,,,,,,,,0,7,0,-473.99029541015625,0.0,0.0,0.0,0.0,0.0,0.0,1445.0,,0.0,,,,,,,1,3,1,0,0,0,0,0,0,1,0,69,1238,1238,0.0,0.0,0.0,0.0,454.1480712890625,0.0,0.0,0.0,0.0,0.0,0.0,0.0,0.0,0.0,0.0
81662400,1166,29.51600000000326,2,6306,9,6306,0,2900,,,,,,0,,,,,,,,,,0,7,0,-473.99029541015625,0.0,0.0,0.0,0.0,0.0,0.0,1445.0,,0.0,,,,,,,1,3,1,0,0,0,0,0,0,1,0,66,1238,1238,0.0,0.0,0.0,0.0,454.1480712890625,0.0,0.0,0.0,0.0,0.0,0.0,0.0,0.0,0.0,0.0
81662400,1169,29.51600000000326,2,6307,9,6307,0,2862,,,,,,0,,,,,,,,,,0,7,0,-473.99029541015625,0.0,0.0,0.0,0.0,0.0,0.0,1445.0,,0.0,,,,,,,1,3,1,0,0,0,0,0,0,1,0,63,1238,1238,0.0,0.0,0.0,0.0,454.1480712890625,0.0,0.0,0.0,0.0,0.0,0.0,0.0,0.0,0.0,0.0
81662400,1173,29.51600000000326,2,6308,9,6308,0,2852,,,,,,0,,,,,,,,,,0,7,0,-473.99029541015625,0.0,0.0,0.0,0.0,0.0,0.0,1445.0,,0.0,,,,,,,1,3,1,0,0,0,0,0,0,1,0,63,1238,1238,0.0,0.0,0.0,0.0,454.1480712890625,0.0,0.0,0.0,0.0,0.0,0.0,0.0,0.0,0.0,0.0
81662400,1178,29.51600000000326,2,6309,9,6309,0,2831,,,,,,0,,,,,,,,,,0,7,0,-473.99029541015625,0.0,0.0,0.0,0.0,0.0,0.0,1445.0,,0.0,,,,,,,1,3,1,0,0,0,0,0,0,1,0,61,1238,1238,0.0,0.0,0.0,0.0,454.1480712890625,0.0,0.0,0.0,0.0,0.0,0.0,0.0,0.0,0.0,0.0
81662400,1181,29.577999999994063,2,6310,9,6310,0,2934,,,,,,0,,,,,,,,,,0,7,0,-473.99029541015625,0.0,0.0,0.0,0.0,0.0,0.0,1445.0,,0.0,,,,,,,1,3,1,0,0,0,0,0,0,1,0,61,1238,1238,0.0,0.0,0.0,0.0,454.1480712890625,0.0,0.0,0.0,0.0,0.0,0.0,0.0,0.0,0.0,0.0
81662400,1184,30.110000000000582,2,6311,9,6311,0,2884,,,,,,0,,,,,,,,,,0,7,0,-473.99029541015625,0.0,0.0,0.0,0.0,0.0,0.0,1445.0,,0.0,,,,,,,1,3,1,0,0,0,0,0,0,1,0,60,1238,1238,0.0,0.0,0.0,0.0,454.1480712890625,0.0,0.0,0.0,0.0,0.0,0.0,0.0,0.0,0.0,0.0
81662400,1187,30.110000000000582,2,6312,9,6312,0,2859,,,,,,0,,,,,,,,,,0,7,0,-473.99029541015625,0.0,0.0,0.0,0.0,0.0,0.0,1445.0,,0.0,,,,,,,1,3,1,0,0,0,0,0,0,1,0,63,1238,1238,0.0,0.0,0.0,0.0,454.1480712890625,0.0,0.0,0.0,0.0,0.0,0.0,0.0,0.0,0.0,0.0
81662400,1190,30.110000000000582,2,6313,9,6313,0,2811,,,,,,0,,,,,,,,,,0,7,0,-473.99029541015625,0.0,0.0,0.0,0.0,0.0,0.0,1445.0,,0.0,,,,,,,1,3,1,0,0,0,0,0,0,1,0,64,1238,1238,0.0,0.0,0.0,0.0,454.1480712890625,0.0,0.0,0.0,0.0,0.0,0.0,0.0,0.0,0.0,0.0
81662400,1193,30.110000000000582,2,6314,9,6314,0,2765,,,,,,0,,,,,,,,,,0,7,0,-473.99029541015625,0.0,0.0,0.0,0.0,0.0,0.0,1445.0,,0.0,,,,,,,1,3,1,0,0,0,0,0,0,1,0,66,1238,1238,0.0,0.0,0.0,0.0,454.1480712890625,0.0,0.0,0.0,0.0,0.0,0.0,0.0,0.0,0.0,0.0
81662400,1197,30.110000000000582,2,6315,9,6315,0,2773,,,,,,0,,,,,,,,,,0,7,0,-473.99029541015625,0.0,0.0,0.0,0.0,0.0,0.0,1445.0,,0.0,,,,,,,1,3,1,0,0,0,0,0,0,1,0,65,1238,1238,0.0,0.0,0.0,0.0,454.1480712890625,0.0,0.0,0.0,0.0,0.0,0.0,0.0,0.0,0.0,0.0
81662400,1200,30.110000000000582,2,6316,9,6316,0,2738,,,,,,0,,,,,,,,,,0,7,0,-473.99029541015625,0.0,0.0,0.0,0.0,0.0,0.0,1445.0,,0.0,,,,,,,1,3,1,0,0,0,0,0,0,1,0,66,1238,1238,0.0,0.0,0.0,0.0,454.1480712890625,0.0,0.0,0.0,0.0,0.0,0.0,0.0,0.0,0.0,0.0
81662400,1203,30.687999999994645,2,6317,9,6317,0,2657,,,,,,0,,,,,,,,,,0,7,0,-473.99029541015625,0.0,0.0,0.0,0.0,0.0,0.0,1445.0,,0.0,,,,,,,1,3,1,0,0,0,0,0,0,1,0,66,1238,1238,0.0,0.0,0.0,0.0,454.1480712890625,0.0,0.0,0.0,0.0,0.0,0.0,0.0,0.0,0.0,0.0
81662400,1206,30.687999999994645,2,6318,9,6318,0,2678,,,,,,0,,,,,,,,,,0,7,0,-473.99029541015625,0.0,0.0,0.0,0.0,0.0,0.0,1445.0,,0.0,,,,,,,1,3,1,0,0,0,0,0,0,1,0,64,1238,1238,0.0,0.0,0.0,0.0,454.1480712890625,0.0,0.0,0.0,0.0,0.0,0.0,0.0,0.0,0.0,0.0
81662400,1209,30.687999999994645,2,6319,9,6319,0,2679,,,,,,0,,,,,,,,,,0,7,0,-473.99029541015625,0.0,0.0,0.0,0.0,0.0,0.0,1445.0,,0.0,,,,,,,1,3,1,0,0,0,0,0,0,1,0,65,1238,1238,0.0,0.0,0.0,0.0,454.1480712890625,0.0,0.0,0.0,0.0,0.0,0.0,0.0,0.0,0.0,0.0
81662400,1212,30.687999999994645,2,6320,9,6320,0,2720,,,,,,0,,,,,,,,,,0,7,0,-473.99029541015625,0.0,0.0,0.0,0.0,0.0,0.0,1445.0,,0.0,,,,,,,1,3,1,0,0,0,0,0,0,1,0,63,1238,1238,0.0,0.0,0.0,0.0,454.1480712890625,0.0,0.0,0.0,0.0,0.0,0.0,0.0,0.0,0.0,0.0
81662400,1217,30.687999999994645,2,6321,9,6321,0,2721,,,,,,0,,,,,,,,,,0,7,0,-473.99029541015625,0.0,0.0,0.0,0.0,0.0,0.0,1445.0,,0.0,,,,,,,1,3,1,0,0,0,0,0,0,1,0,61,1238,1238,0.0,0.0,0.0,0.0,454.1480712890625,0.0,0.0,0.0,0.0,0.0,0.0,0.0,0.0,0.0,0.0
81662400,1220,30.687999999994645,2,6322,9,6322,0,2680,,,,,,0,,,,,,,,,,0,7,0,-473.99029541015625,0.0,0.0,0.0,0.0,0.0,0.0,1445.0,,0.0,,,,,,,1,3,1,0,0,0,0,0,0,1,0,59,1238,1238,0.0,0.0,0.0,0.0,454.1480712890625,0.0,0.0,0.0,0.0,0.0,0.0,0.0,0.0,0.0,0.0
81662400,1223,30.687999999994645,2,6323,9,6323,0,2648,,,,,,0,,,,,,,,,,0,7,0,-473.99029541015625,0.0,0.0,0.0,0.0,0.0,0.0,1445.0,,0.0,,,,,,,1,3,1,0,0,0,0,0,0,1,0,59,1238,1238,0.0,0.0,0.0,0.0,454.1480712890625,0.0,0.0,0.0,0.0,0.0,0.0,0.0,0.0,0.0,0.0
81662400,1226,31.26600000000326,2,6324,9,6324,0,2636,,,,,,0,,,,,,,,,,0,7,0,-473.99029541015625,0.0,0.0,0.0,0.0,0.0,0.0,1445.0,,0.0,,,,,,,1,3,1,0,0,0,0,0,0,1,0,56,1238,1238,0.0,0.0,0.0,0.0,454.1480712890625,0.0,0.0,0.0,0.0,0.0,0.0,0.0,0.0,0.0,0.0
81662400,1229,31.26600000000326,2,6325,9,6325,0,2551,,,,,,0,,,,,,,,,,0,7,0,-473.99029541015625,0.0,0.0,0.0,0.0,0.0,0.0,1445.0,,0.0,,,,,,,1,3,1,0,0,0,0,0,0,1,0,50,1238,1238,0.0,0.0,0.0,0.0,454.1480712890625,0.0,0.0,0.0,0.0,0.0,0.0,0.0,0.0,0.0,0.0
81662400,1232,31.26600000000326,2,6326,9,6326,0,2506,,,,,,0,,,,,,,,,,0,7,0,-473.99029541015625,0.0,0.0,0.0,0.0,0.0,0.0,1445.0,,0.0,,,,,,,1,3,1,0,0,0,0,0,0,1,0,45,1238,1238,0.0,0.0,0.0,0.0,454.1480712890625,0.0,0.0,0.0,0.0,0.0,0.0,0.0,0.0,0.0,0.0
81662400,1236,31.26600000000326,2,6327,9,6327,0,2430,,,,,,0,,,,,,,,,,0,7,0,-473.99029541015625,0.0,0.0,0.0,0.0,0.0,0.0,1445.0,,0.0,,,,,,,1,3,1,0,0,0,0,0,0,1,0,39,1238,1238,0.0,0.0,0.0,0.0,454.1480712890625,0.0,0.0,0.0,0.0,0.0,0.0,0.0,0.0,0.0,0.0
81662400,1239,31.26600000000326,2,6328,9,6328,0,2483,,,,,,0,,,,,,,,,,0,7,0,-473.99029541015625,0.0,0.0,0.0,0.0,0.0,0.0,1445.0,,0.0,,,,,,,1,3,1,0,0,0,0,0,0,1,0,32,1238,1238,0.0,0.0,0.0,0.0,454.1480712890625,0.0,0.0,0.0,0.0,0.0,0.0,0.0,0.0,0.0,0.0
81662400,1242,31.26600000000326,2,6329,9,6329,0,2578,,,,,,0,,,,,,,,,,0,7,0,-473.99029541015625,0.0,0.0,0.0,0.0,0.0,0.0,1445.0,,0.0,,,,,,,1,3,1,0,0,0,0,0,0,1,0,26,1238,1238,0.0,0.0,0.0,0.0,454.1480712890625,0.0,0.0,0.0,0.0,0.0,0.0,0.0,0.0,0.0,0.0
81662400,1245,31.26600000000326,2,6330,9,6330,0,2690,,,,,,0,,,,,,,,,,0,7,0,-473.99029541015625,0.0,0.0,0.0,0.0,0.0,0.0,1445.0,,0.0,,,,,,,1,3,1,0,0,0,0,0,0,1,0,24,1238,1238,0.0,0.0,0.0,0.0,454.1480712890625,0.0,0.0,0.0,0.0,0.0,0.0,0.0,0.0,0.0,0.0
81662400,1248,31.812999999994645,2,6331,9,6331,0,2772,,,,,,0,,,,,,,,,,0,7,0,-473.99029541015625,0.0,0.0,0.0,0.0,0.0,0.0,1445.0,,0.0,,,,,,,1,3,1,0,0,0,0,0,0,1,0,22,1238,1238,0.0,0.0,0.0,0.0,454.1480712890625,0.0,0.0,0.0,0.0,0.0,0.0,0.0,0.0,0.0,0.0
81662400,1251,31.812999999994645,2,6332,9,6332,0,2906,,,,,,0,,,,,,,,,,0,7,0,-473.99029541015625,0.0,0.0,0.0,0.0,0.0,0.0,1445.0,,0.0,,,,,,,1,3,1,0,0,0,0,0,0,1,0,21,1238,1238,0.0,0.0,0.0,0.0,454.1480712890625,0.0,0.0,0.0,0.0,0.0,0.0,0.0,0.0,0.0,0.0
81662400,1257,31.812999999994645,2,6333,9,6333,0,2982,,,,,,0,,,,,,,,,,0,7,0,-473.99029541015625,0.0,0.0,0.0,0.0,0.0,0.0,1445.0,,0.0,,,,,,,1,3,1,0,0,0,0,0,0,1,0,19,1238,1238,0.0,0.0,0.0,0.0,454.1480712890625,0.0,0.0,0.0,0.0,0.0,0.0,0.0,0.0,0.0,0.0
81662400,1260,31.812999999994645,2,6334,9,6334,0,2935,,,,,,0,,,,,,,,,,0,7,0,-473.99029541015625,0.0,0.0,0.0,0.0,0.0,0.0,1445.0,,0.0,,,,,,,1,3,1,0,0,0,0,0,0,1,0,18,1238,1238,0.0,0.0,0.0,0.0,454.1480712890625,0.0,0.0,0.0,0.0,0.0,0.0,0.0,0.0,0.0,0.0
81662400,1263,31.812999999994645,2,6335,9,6335,0,2880,,,,,,0,,,,,,,,,,0,7,0,-473.99029541015625,0.0,0.0,0.0,0.0,0.0,0.0,1445.0,,0.0,,,,,,,1,3,1,0,0,0,0,0,0,1,0,20,1238,1238,0.0,0.0,0.0,0.0,454.1480712890625,0.0,0.0,0.0,0.0,0.0,0.0,0.0,0.0,0.0,0.0
81662400,1266,31.812999999994645,2,6336,9,6336,0,2813,,,,,,0,,,,,,,,,,0,7,0,-473.99029541015625,0.0,0.0,0.0,0.0,0.0,0.0,1445.0,,0.0,,,,,,,1,3,1,0,0,0,0,0,0,1,0,22,1238,1238,0.0,0.0,0.0,0.0,454.1480712890625,0.0,0.0,0.0,0.0,0.0,0.0,0.0,0.0,0.0,0.0
81662400,1269,31.812999999994645,2,6337,9,6337,0,2639,,,,,,0,,,,,,,,,,0,7,0,-473.99029541015625,0.0,0.0,0.0,0.0,0.0,0.0,1445.0,,0.0,,,,,,,1,3,1,0,0,0,0,0,0,1,0,26,1238,1238,0.0,0.0,0.0,0.0,454.1480712890625,0.0,0.0,0.0,0.0,0.0,0.0,0.0,0.0,0.0,0.0
