type,tx_seq,session,host_t,schema,control_seq,param_revision,input_seq,detail_flags,process_us,previous_source,source,path_reason,command_applied,far_valid,hold_count,left_near_count,right_near_count,left_far_count,right_far_count,width_source,bend_code,front_points,candidate_pwm,final_pwm,input_drop_total,tx_drop_total,motor_drop_total,pd_err_previous,pd_err,pd_p,pd_d,pd_kp,pd_kd,pwm_unclamped,pwm_mid,near_x,far_x,ref_y,near_a,far_a,track_width,left_rms,right_rms,left_span,right_span,left_gap,right_gap,left_far_rms,right_far_rms,left_far_span,right_far_span
5,2129,81662400,0.07799999999406282,2,6598,9,6598,0,4867,0,3,1,0,0,0,7,6,5,6,1,1,206,1455,1455,0,7,0,31.066085815429688,0.0,0.0,0.0,0.0,0.0,0.0,1445.0,0.0,0.0,0.0,0.0,0.0,420.0423889160156,4.6851701736450195,2.575904607772827,594.0703125,491.74212646484375,111.8328857421875,100.53524780273438,1.088206171989441,3.406107187271118,411.547119140625,592.6408081054688
5,2132,81662400,0.23399999999674037,2,6599,9,6599,0,4895,0,3,1,0,0,0,7,7,6,6,1,1,210,1455,1455,0,7,0,31.066085815429688,0.0,0.0,0.0,0.0,0.0,0.0,1445.0,0.0,0.0,0.0,0.0,0.0,420.0423889160156,4.283358097076416,3.981038808822632,583.451416015625,595.731689453125,104.77667236328125,107.92204284667969,1.2950081825256348,3.0117130279541016,463.2557373046875,618.6663208007812
5,2135,81662400,0.23399999999674037,2,6600,9,6600,5,4891,0,0,0,1,1,0,7,6,5,6,2,1,206,1450,1450,0,7,0,31.066085815429688,15.4541015625,5.408935546875,0.0,0.03500000014901161,0.03500000014901161,1450.408935546875,1445.0,-20.20880126953125,-42.4541015625,700.0,-0.05345388874411583,-0.1170571818947792,415.38214111328125,4.359165191650391,2.6249687671661377,595.07080078125,501.9797058105469,106.44793701171875,107.56988525390625,0.8299608826637268,3.282015562057495,402.301025390625,597.88623046875
5,2138,81662400,0.35899999999674037,2,6601,9,6601,1,4849,0,0,0,1,1,0,6,7,6,7,2,1,206,1447,1447,0,7,0,15.4541015625,12.411598205566406,4.344059467315674,-1.373602271080017,0.03500000014901161,0.03500000014901161,1447.970458984375,1445.0,-18.40008544921875,-39.411598205566406,700.0,-0.055207181721925735,-0.11029576510190964,412.0550231933594,3.1991539001464844,5.055817127227783,506.7098083496094,600.0144653320312,110.22119140625,109.812255859375,0.9859148263931274,4.419378280639648,501.37451171875,599.8851318359375
5,2141,81662400,0.46799999999348074,2,6602,9,6602,1,4894,0,0,0,1,1,0,7,7,5,7,2,1,208,1447,1447,0,7,0,12.411598205566406,10.743499755859375,3.7602248191833496,-0.8551790118217468,0.03500000014901161,0.03500000014901161,1447.905029296875,1445.0,-16.51313018798828,-37.743499755859375,700.0,-0.06020817160606384,-0.1067652627825737,410.8260192871094,3.331447124481201,3.9046897888183594,603.863525390625,593.704345703125,109.65557861328125,108.02102661132812,0.9233155250549316,3.6566972732543945,431.7623291015625,616.55126953125
5,2145,81662400,0.5620000000053551,2,6603,9,6603,1,4845,0,0,0,1,1,0,7,6,5,7,2,1,206,1448,1448,0,7,0,10.743499755859375,9.896438598632812,3.4637534618377686,-0.38186678290367126,0.03500000014901161,0.03500000014901161,1448.0819091796875,1445.0,-13.961326599121094,-36.89643859863281,700.0,-0.06414298713207245,-0.10043440759181976,411.6429748535156,3.3215956687927246,3.60673451423645,598.4395141601562,504.0174560546875,109.39385986328125,109.64773559570312,1.0673470497131348,3.655407667160034,447.86920166015625,689.17919921875
5,2148,81662400,0.5620000000053551,2,6604,9,6604,1,4836,0,0,0,1,1,0,6,6,5,6,2,1,213,1446,1446,0,7,0,9.896438598632812,7.744209289550781,2.7104732990264893,-1.1032785177230835,0.03500000014901161,0.03500000014901161,1446.607177734375,1445.0,-12.102806091308594,-34.74420928955078,700.0,-0.06501799821853638,-0.10520824790000916,413.4462585449219,2.1038992404937744,3.1681580543518066,502.6881103515625,503.1204528808594,110.5235595703125,105.57087707519531,1.3174883127212524,7.490757942199707,353.2974853515625,593.8095092773438
5,2151,81662400,0.6710000000020955,2,6605,9,6605,1,4848,0,0,0,1,1,0,7,7,4,7,2,1,210,1445,1445,0,7,0,7.744209289550781,3.0701751708984375,1.0745612382888794,-1.0745612382888794,0.03500000014901161,0.03500000014901161,1445.0,1445.0,-10.565811157226562,-30.070175170898438,700.0,-0.07395253330469131,-0.10733979940414429,416.43487548828125,2.1493499279022217,1.6157559156417847,591.9689331054688,601.3230590820312,107.2017822265625,106.731689453125,1.1563273668289185,9.694609642028809,319.3880615234375,586.8421630859375
5,2154,81662400,0.7810000000026776,2,6606,9,6606,1,4870,0,0,0,1,1,0,6,7,4,8,2,1,216,1445,1445,0,7,0,3.0701751708984375,0.39540863037109375,0.13839301466941833,-0.13839301466941833,0.03500000014901161,0.03500000014901161,1445.0,1445.0,-7.951866149902344,-27.395408630371094,700.0,-0.06497876346111298,-0.11570499837398529,420.4998779296875,2.0635604858398438,3.774141311645508,507.373046875,597.8095703125,109.10455322265625,112.52130126953125,1.5127007961273193,15.08870792388916,273.50457763671875,703.3834228515625
5,2157,81662400,0.7810000000026776,2,6607,9,6607,5,4892,0,0,0,1,0,0,7,6,3,7,2,1,223,1443,1443,0,7,0,0.39540863037109375,-5.170867919921875,-1.8098037242889404,0.0,0.03500000014901161,0.03500000014901161,1443.190185546875,1445.0,-6.5500335693359375,0.0,652.2620849609375,-0.06056832894682884,0.0,424.7579345703125,1.39844810962677,2.584055185317993,596.3446655273438,505.5838317871094,105.07577514648438,105.34942626953125,0.0,15.74655532836914,166.82159423828125,597.2685546875
5,2160,81662400,0.9060000000026776,2,6608,9,6608,1,4911,0,0,0,1,0,0,6,6,3,7,2,1,225,1438,1438,0,7,0,-5.170867919921875,-11.586296081542969,-4.055203437805176,-2.879776954650879,0.03500000014901161,0.03500000014901161,1438.0650634765625,1445.0,-4.655128479003906,0.0,632.8612060546875,-0.046201713383197784,0.0,428.7596435546875,1.629882574081421,3.5266201496124268,488.9369812011719,515.3768920898438,105.41267395019531,120.50537109375,0.0,18.969440460205078,203.5194091796875,586.9969482421875
5,2165,81662400,1.014999999999418,2,6609,9,6609,1,4943,0,0,0,1,0,0,7,6,2,7,2,1,231,1439,1439,0,7,0,-11.586296081542969,-13.672615051269531,-4.785415172576904,-1.074926495552063,0.03500000014901161,0.03500000014901161,1439.1396484375,1445.0,-2.6881256103515625,0.0,648.7074584960938,-0.04277824983000755,0.0,433.2665100097656,1.8678550720214844,4.459056854248047,602.39794921875,499.89776611328125,104.214111328125,104.50230407714844,0.0,24.72968292236328,99.66546630859375,606.4685668945312
5,2168,81662400,1.125,2,6610,9,6610,1,4942,0,0,0,1,0,0,7,6,3,7,2,1,231,1438,1438,0,7,0,-13.672615051269531,-15.9478759765625,-5.581756591796875,-1.0212236642837524,0.03500000014901161,0.03500000014901161,1438.39697265625,1445.0,-1.0129547119140625,0.0,631.3145751953125,-0.04340050742030144,0.0,437.8465270996094,2.471627950668335,4.006130695343018,598.643310546875,485.75982666015625,102.87060546875,103.69989013671875,0.0,28.00736427307129,196.60662841796875,608.931884765625
5,2171,81662400,1.125,2,6611,9,6611,1,4975,0,0,0,1,0,0,6,6,1,7,2,1,244,1437,1437,0,7,0,-15.9478759765625,-18.609886169433594,-6.513460159301758,-1.3701173067092896,0.03500000014901161,0.03500000014901161,1437.116455078125,1445.0,0.45127105712890625,0.0,637.5274658203125,-0.03722255676984787,0.0,442.20751953125,1.3255847692489624,4.61729097366333,494.05035400390625,497.24298095703125,103.57382202148438,112.43316650390625,0.0,32.04183578491211,0.0,587.064208984375
5,2174,81662400,1.2179999999934807,2,6612,9,6612,1,4918,0,0,0,1,0,0,6,7,1,7,2,1,242,1443,1443,0,7,0,-18.609886169433594,-12.530662536621094,-4.3857316970825195,2.7361230850219727,0.03500000014901161,0.03500000014901161,1443.350341796875,1445.0,-1.1807403564453125,0.0,632.866943359375,-0.05706518888473511,0.0,445.76715087890625,3.296954870223999,7.724853515625,480.9425048828125,598.9924926757812,103.90121459960938,109.97882080078125,0.0,39.372291564941406,0.0,585.9674682617188
5,2177,81662400,1.3279999999940628,2,6613,9,6613,1,4948,0,0,0,1,0,0,5,7,0,7,2,1,252,1435,1435,0,7,0,-12.530662536621094,-18.589004516601562,-6.5061516761779785,-3.0982956886291504,0.03500000014901161,0.03500000014901161,1435.3956298828125,1445.0,0.19010162353515625,0.0,549.487060546875,-0.05753743276000023,0.0,448.5675964355469,2.7693634033203125,10.27994155883789,406.0008850097656,607.4199829101562,108.97232055664062,111.76148986816406,0.0,46.34331130981445,0.0,594.4910278320312
5,2180,81662400,1.437000000005355,2,6614,9,6614,1,4959,0,0,0,1,0,0,5,7,0,7,2,1,255,1439,1439,0,7,0,-18.589004516601562,-17.0267333984375,-5.959356784820557,0.7048142552375793,0.03500000014901161,0.03500000014901161,1439.7454833984375,1445.0,0.06026458740234375,0.0,526.2236938476562,-0.07949012517929077,0.0,450.93121337890625,3.2817769050598145,12.73587703704834,383.08868408203125,598.1845703125,102.61744689941406,109.20700073242188,0.0,46.067317962646484,0.0,612.38623046875
5,2184,81662400,1.5460000000020955,2,6615,9,6615,1,4916,0,0,0,1,0,0,5,6,0,8,2,1,252,1442,1442,0,7,0,-17.0267333984375,-13.562911987304688,-4.747019290924072,1.7764657735824585,0.03500000014901161,0.03500000014901161,1442.0294189453125,1445.0,-1.8113327026367188,0.0,517.1968994140625,-0.09919853508472443,0.0,454.02093505859375,4.697615146636963,7.902311325073242,373.6287841796875,503.5826416015625,101.09454345703125,105.74371337890625,0.0,52.514015197753906,0.0,703.866943359375
5,2187,81662400,1.5460000000020955,2,6616,9,6616,1,4903,0,0,0,1,0,0,4,6,0,8,2,1,254,1437,1437,0,7,0,-13.562911987304688,-17.15576934814453,-6.004518985748291,-1.6136366128921509,0.03500000014901161,0.03500000014901161,1437.3818359375,1445.0,-5.874755859375,0.0,433.2523498535156,-0.11937455832958221,0.0,454.90325927734375,2.6146912574768066,10.175735473632812,288.60040283203125,503.90478515625,99.71133422851562,107.96893310546875,0.0,44.44285583496094,0.0,691.109375
5,2190,81662400,1.6560000000026776,2,6617,9,6617,1,4879,0,0,0,1,0,0,4,6,0,7,2,1,256,1445,1445,0,7,0,-17.15576934814453,-9.790458679199219,-3.4266605377197266,3.4266605377197266,0.03500000014901161,0.03500000014901161,1445.0,1445.0,-14.55877685546875,0.0,416.835205078125,-0.1574535369873047,0.0,455.58709716796875,4.355550289154053,13.85637092590332,271.2088623046875,493.94622802734375,101.03988647460938,106.98587036132812,0.0,25.270462036132812,0.0,613.4473266601562
5,2193,81662400,1.764999999999418,2,6618,9,6618,1,4850,0,0,0,1,0,0,4,6,0,7,2,1,250,1450,1450,0,7,0,-9.790458679199219,3.266632080078125,1.3066527843475342,4.204834461212158,0.03999999910593033,0.02199999988079071,1450.511474609375,1445.0,-29.19110107421875,0.0,404.735107421875,-0.22713956236839294,0.0,455.2103271484375,7.0776214599609375,16.976970672607422,259.86370849609375,508.271240234375,100.33395385742188,108.539794921875,0.0,17.981639862060547,0.0,554.7284545898438
5,2196,81662400,1.8589999999967404,2,6619,9,6619,5,4703,0,2,0,1,1,0,3,7,0,7,1,2,244,1573,1573,0,7,0,3.266632080078125,325.4769592285156,128.5634002685547,0.0,0.039500001817941666,0.019999999552965164,1573.5633544921875,1445.0,-69.49418640136719,-352.4769592285156,700.0,-0.44848620891571045,-1.1612907648086548,455.2103271484375,0.0,27.79641342163086,185.9453125,591.9624633789062,94.70526123046875,105.93402099609375,0.0,21.47628402709961,0.0,585.3021240234375
5,2199,81662400,1.8589999999967404,2,6620,9,6620,1,4786,2,2,0,1,1,0,3,7,0,7,1,2,247,1615,1615,0,7,0,325.4769592285156,386.2428283691406,152.56591796875,17.791547775268555,0.039500001817941666,0.019999999552965164,1615.357421875,1445.0,-105.37521362304688,-413.2428283691406,700.0,-0.5635421872138977,-1.1847490072250366,455.2103271484375,0.0,32.7673454284668,167.4095458984375,585.32568359375,94.07296752929688,106.49053955078125,0.0,15.167844772338867,0.0,549.2347412109375
5,2205,81662400,1.9679999999934807,2,6621,9,6621,1,4663,2,2,0,1,1,0,2,7,0,5,1,2,250,1637,1637,0,7,0,386.2428283691406,446.75506591796875,176.46826171875,15.556365966796875,0.039500001817941666,0.019999999552965164,1637.024658203125,1445.0,-145.62997436523438,-473.75506591796875,700.0,-0.6786935925483704,-1.2016255855560303,455.2103271484375,0.0,38.59864807128906,93.98406982421875,580.8052368164062,93.98406982421875,104.3980712890625,0.0,16.848899841308594,0.0,408.33489990234375
5,2208,81662400,2.077999999994063,2,6622,9,6622,1,4719,2,2,0,1,1,0,2,7,0,5,1,2,250,1636,1636,0,7,0,446.75506591796875,468.41778564453125,185.0250244140625,6.378157615661621,0.039500001817941666,0.019999999552965164,1636.4031982421875,1445.0,-178.713623046875,-495.41778564453125,700.0,-0.7875038385391235,-1.0808745622634888,455.2103271484375,0.0,40.16925811767578,85.90057373046875,588.1318359375,85.90057373046875,108.9415283203125,0.0,14.019678115844727,0.0,375.46112060546875
5,2211,81662400,2.187000000005355,2,6623,9,6623,1,4550,2,2,0,1,1,0,2,7,0,4,1,2,251,1625,1625,0,7,0,468.41778564453125,461.6243896484375,182.34164428710938,-1.7482696771621704,0.039500001817941666,0.019999999552965164,1625.5933837890625,1445.0,-195.50372314453125,-488.6243896484375,700.0,-0.8276022672653198,-0.9313493371009827,455.2103271484375,0.0,36.00815200805664,86.19863891601562,587.8538818359375,86.19863891601562,101.30303955078125,0.0,9.002336502075195,0.0,304.31146240234375
5,2214,81662400,2.2960000000020955,2,6624,9,6624,5,5142,2,0,0,1,0,0,6,7,7,4,2,2,254,1614,1614,0,7,0,461.6243896484375,422.61004638671875,169.04400634765625,0.0,0.03999999910593033,0.02199999988079071,1614.0439453125,1445.0,-193.84902954101562,0.0,700.0,-0.852536678314209,0.0,451.5727233886719,37.756195068359375,27.973207473754883,610.3695068359375,583.4698486328125,270.6195983886719,113.94482421875,23.100980758666992,6.405710697174072,609.7659301757812,283.479248046875
5,2217,81662400,2.2960000000020955,2,6625,9,6625,1,5087,0,0,0,1,0,0,6,7,7,3,2,2,254,1585,1585,0,7,0,422.61004638671875,380.525390625,152.21014404296875,-11.880228996276855,0.03999999910593033,0.02199999988079071,1585.3299560546875,1445.0,-198.87332153320312,0.0,653.4517211914062,-0.8232419490814209,0.0,450.4954833984375,33.160953521728516,18.803041458129883,513.943115234375,590.6411743164062,151.8246307373047,103.43742370605469,22.69839096069336,0.0,596.0348510742188,212.04541015625
5,2220,81662400,2.4060000000026776,2,6626,9,6626,1,5072,0,0,0,1,0,0,7,7,7,3,2,2,257,1587,1587,0,7,0,380.525390625,367.4114990234375,146.96458435058594,-4.253389835357666,0.03999999910593033,0.02199999988079071,1587.711181640625,1445.0,-188.00912475585938,0.0,700.0,-0.6880079507827759,0.0,451.08868408203125,38.98579025268555,12.111178398132324,608.787353515625,594.5151977539062,126.66230773925781,103.93502807617188,24.151445388793945,0.0,611.9116821289062,200.59771728515625
5,2224,81662400,2.5,2,6627,9,6627,1,5128,0,0,0,1,0,0,6,6,7,3,2,2,259,1556,1556,0,7,0,367.4114990234375,317.915283203125,127.16610717773438,-15.944971084594727,0.03999999910593033,0.02199999988079071,1556.22119140625,1445.0,-190.41543579101562,0.0,648.3187255859375,-0.6221835613250732,0.0,454.38983154296875,37.524757385253906,8.663536071777344,511.31939697265625,502.6148376464844,132.84658813476562,110.47052001953125,23.7918701171875,0.0,601.65185546875,159.931884765625
5,2227,81662400,2.6089999999967404,2,6628,9,6628,1,5086,0,0,0,1,0,0,7,6,7,2,2,2,260,1542,1542,0,7,0,317.915283203125,273.9615173339844,109.58460235595703,-12.453862190246582,0.03999999910593033,0.02199999988079071,1542.1307373046875,1445.0,-177.68994140625,0.0,658.1282348632812,-0.4775594472885132,0.0,457.0684814453125,37.05746841430664,11.188682556152344,618.1427612304688,506.97369384765625,121.14883422851562,110.99169921875,25.2330379486084,0.0,605.5725708007812,94.76727294921875
5,2230,81662400,2.6089999999967404,2,6629,9,6629,1,5070,0,0,0,1,0,0,6,6,8,1,2,2,267,1533,1533,0,7,0,273.9615173339844,245.0074462890625,98.00297546386719,-9.328722953796387,0.03999999910593033,0.02199999988079071,1533.6741943359375,1445.0,-170.9417724609375,0.0,655.1239013671875,-0.3961436152458191,0.0,458.80487060546875,27.72446060180664,11.705401420593262,526.8558959960938,507.52606201171875,122.10308837890625,109.71771240234375,34.114662170410156,0.0,705.93994140625,0.0
5,2233,81662400,2.7179999999934807,2,6630,9,6630,1,5082,0,0,0,1,0,0,7,6,8,1,2,2,273,1509,1509,0,7,0,245.0074462890625,196.09349060058594,78.43739318847656,-13.792093276977539,0.03999999910593033,0.02199999988079071,1509.645263671875,1445.0,-163.48297119140625,0.0,633.9675903320312,-0.2547810971736908,0.0,461.126220703125,20.416231155395508,10.356334686279297,593.1576538085938,482.8475341796875,104.72921752929688,104.58425903320312,34.796363830566406,0.0,692.8179321289062,0.0
5,2236,81662400,2.827999999994063,2,6631,9,6631,1,4980,0,0,0,1,0,0,6,5,7,0,2,2,268,1496,1496,0,7,0,196.09349060058594,158.3472137451172,63.33888244628906,-12.269613265991211,0.03999999910593033,0.02199999988079071,1496.0692138671875,1445.0,-155.29132080078125,0.0,549.0442504882812,-0.20165759325027466,0.0,460.87237548828125,20.138010025024414,7.649520397186279,520.8434448242188,398.92413330078125,114.48591613769531,107.78726196289062,29.730026245117188,0.0,573.59765625,0.0
5,2239,81662400,2.937000000005355,2,6632,9,6632,1,4979,0,0,0,1,0,0,7,5,6,0,2,2,265,1484,1484,0,7,0,158.3472137451172,123.56057739257812,49.42422866821289,-9.822237014770508,0.03999999910593033,0.02199999988079071,1484.6019287109375,1445.0,-137.9561004638672,0.0,525.0189208984375,-0.10082040727138519,0.0,457.25799560546875,18.306259155273438,6.8393778800964355,618.5621337890625,377.3697204589844,117.95870971679688,103.78579711914062,24.189151763916016,0.0,499.9307861328125,0.0
5,2244,81662400,3.0310000000026776,2,6633,9,6633,0,4918,0,3,1,0,0,0,7,4,7,0,1,2,267,1484,1484,0,7,0,123.56057739257812,0.0,0.0,0.0,0.0,0.0,0.0,1445.0,0.0,0.0,0.0,0.0,0.0,457.25799560546875,12.161009788513184,4.85847282409668,597.1838989257812,297.4228820800781,107.261474609375,105.76849365234375,37.898258209228516,0.0,567.447509765625,0.0
5,2247,81662400,3.139999999999418,2,6634,9,6634,0,4842,0,3,1,0,0,0,6,4,5,0,1,2,267,1484,1484,0,7,0,123.56057739257812,0.0,0.0,0.0,0.0,0.0,0.0,1445.0,0.0,0.0,0.0,0.0,0.0,457.25799560546875,8.979838371276855,1.6446025371551514,497.2694091796875,270.80859375,104.42446899414062,103.48406982421875,19.416385650634766,0.0,378.654541015625,0.0
5,2250,81662400,3.139999999999418,2,6635,9,6635,5,4808,0,0,2,0,0,1,7,4,5,0,2,2,258,1454,1484,0,7,0,123.56057739257812,23.659515380859375,9.463805198669434,0.0,0.03999999910593033,0.02199999988079071,1454.4637451171875,1445.0,-73.75480651855469,0.0,526.1803588867188,0.18303391337394714,0.0,447.0531005859375,23.632869720458984,11.613883018493652,600.4030151367188,379.9490966796875,106.00404357910156,193.01480102539062,30.01866912841797,0.0,373.6500244140625,0.0
5,2253,81662400,3.25,2,6636,9,6636,0,4799,0,3,1,0,0,0,7,4,4,0,1,2,260,1484,1484,0,7,0,123.56057739257812,0.0,0.0,0.0,0.0,0.0,0.0,1445.0,0.0,0.0,0.0,0.0,0.0,447.0531005859375,28.24122428894043,8.486112594604492,595.6492309570312,290.2803039550781,107.63377380371094,111.38496398925781,15.994912147521973,0.0,278.74029541015625,0.0
5,2256,81662400,3.3589999999967404,2,6637,9,6637,5,4717,0,1,5,1,1,0,7,3,4,0,1,0,260,1278,1278,0,7,0,123.56057739257812,-422.7216491699219,-166.9750518798828,0.0,0.039500001817941666,0.019999999552965164,1278.02490234375,1445.0,37.621734619140625,395.7216491699219,700.0,0.555359959602356,1.5479671955108643,447.0531005859375,33.914424896240234,0.0,593.7859497070312,208.17816162109375,106.48797607421875,123.48313903808594,28.227752685546875,0.0,275.873046875,0.0
5,2259,81662400,3.4839999999967404,2,6638,9,6638,5,4668,1,1,0,1,0,0,7,3,3,0,1,0,256,1311,1311,0,7,0,-422.7216491699219,-337.26611328125,-133.22012329101562,0.0,0.039500001817941666,0.019999999552965164,1311.7799072265625,1445.0,98.26315307617188,0.0,700.0,0.7066765427589417,0.0,447.0531005859375,40.37154006958008,0.0,594.340087890625,188.5927276611328,103.75341796875,116.34893798828125,0.0,0.0,178.13043212890625,0.0
5,2263,81662400,3.4839999999967404,2,6639,9,6639,1,4787,1,1,0,1,0,0,7,3,3,0,1,0,248,1235,1235,0,7,0,-337.26611328125,-453.6116027832031,-179.1765899658203,-29.92625617980957,0.039500001817941666,0.019999999552965164,1235.8970947265625,1445.0,167.50921630859375,0.0,700.0,0.8636747002601624,0.0,447.0531005859375,43.877708435058594,0.0,569.7730712890625,204.97125244140625,101.62545776367188,122.06719970703125,0.0,0.0,169.57733154296875,0.0
5,2266,81662400,3.5929999999934807,2,6640,9,6640,1,4606,1,1,0,1,0,0,7,3,2,0,1,0,256,1233,1233,0,7,0,-453.6116027832031,-500.0,-197.5,-13.58164119720459,0.039500001817941666,0.019999999552965164,1233.9183349609375,1445.0,222.53851318359375,0.0,700.0,0.9949924349784851,0.0,447.0531005859375,51.97687530517578,0.0,572.0731811523438,161.94357299804688,101.81132507324219,106.75492858886719,0.0,0.0,92.3804931640625,0.0
5,2269,81662400,3.702999999994063,2,6641,9,6641,1,4481,1,1,0,1,0,0,7,1,2,0,1,0,266,1247,1247,0,7,0,-500.0,-500.0,-197.5,0.0,0.039500001817941666,0.019999999552965164,1247.5,1445.0,266.6048278808594,0.0,700.0,1.0840914249420166,0.0,447.0531005859375,54.12998962402344,0.0,566.9664306640625,0.0,102.53570556640625,0.0,0.0,0.0,87.57476806640625,0.0
5,2272,81662400,3.812000000005355,2,6642,9,6642,1,4434,1,1,0,1,0,0,6,1,2,0,1,0,248,1253,1253,0,7,0,-500.0,-491.99725341796875,-194.3389129638672,2.341383218765259,0.039500001817941666,0.019999999552965164,1253.0025634765625,1445.0,250.31329345703125,0.0,623.768798828125,0.9594007730484009,0.0,447.0531005859375,29.97369384765625,0.0,473.1822509765625,0.0,102.07476806640625,0.0,0.0,0.0,82.72845458984375,0.0
5,2276,81662400,3.812000000005355,2,6643,9,6643,1,4582,1,1,0,1,0,0,7,2,2,0,1,0,245,1245,1245,0,7,0,-491.99725341796875,-500.0,-197.5,-2.0640437602996826,0.039500001817941666,0.019999999552965164,1245.4359130859375,1445.0,325.9298400878906,0.0,700.0,1.184973120689392,0.0,447.0531005859375,55.30321502685547,0.0,563.3866577148438,153.00799560546875,108.72714233398438,153.00799560546875,0.0,0.0,90.71966552734375,0.0
5,2279,81662400,3.9060000000026776,2,6644,9,6644,1,4960,1,1,0,1,0,0,7,2,2,2,1,0,248,1247,1247,0,7,0,-500.0,-500.0,-197.5,0.0,0.039500001817941666,0.019999999552965164,1247.5,1445.0,355.3002624511719,0.0,700.0,1.2143977880477905,0.0,447.0531005859375,54.431583404541016,0.0,562.689208984375,87.6778564453125,106.98507690429688,87.6778564453125,0.0,0.0,90.569091796875,90.569091796875
5,2284,81662400,4.014999999999418,2,6645,9,6645,1,4477,1,1,0,1,0,0,7,1,2,0,1,0,248,1247,1247,0,7,0,-500.0,-500.0,-197.5,0.0,0.039500001817941666,0.019999999552965164,1247.5,1445.0,377.5523681640625,0.0,700.0,1.2405449151992798,0.0,447.0531005859375,58.885826110839844,0.0,555.2185668945312,0.0,101.49655151367188,0.0,0.0,0.0,84.7864990234375,0.0
5,2287,81662400,4.125,2,6646,9,6646,1,4954,1,1,0,1,0,0,6,1,2,2,1,0,254,1247,1247,0,7,0,-500.0,-500.0,-197.5,0.0,0.039500001817941666,0.019999999552965164,1247.5,1445.0,344.1435852050781,0.0,636.5755004882812,1.0443668365478516,0.0,447.0531005859375,30.48811149597168,0.0,491.48284912109375,0.0,104.48994445800781,0.0,0.0,0.0,65.200439453125,65.200439453125
5,2290,81662400,4.23399999999674,2,6647,9,6647,1,4892,1,1,0,1,0,0,6,1,1,1,1,0,253,1247,1247,0,7,0,-500.0,-500.0,-197.5,0.0,0.039500001817941666,0.019999999552965164,1247.5,1445.0,364.1135559082031,0.0,624.0457763671875,1.0604101419448853,0.0,447.0531005859375,27.472265243530273,0.0,471.43310546875,0.0,101.72511291503906,0.0,0.0,0.0,0.0,0.0
5,2293,81662400,4.23399999999674,2,6648,9,6648,1,4920,1,1,0,1,0,0,6,1,1,1,1,0,257,1247,1247,0,7,0,-500.0,-500.0,-197.5,0.0,0.039500001817941666,0.019999999552965164,1247.5,1445.0,388.2443542480469,0.0,618.278564453125,1.0709710121154785,0.0,447.0531005859375,31.07163429260254,0.0,472.8040771484375,0.0,108.04470825195312,0.0,0.0,0.0,0.0,0.0
5,2296,81662400,4.342999999993481,2,6649,9,6649,1,4873,1,1,0,1,0,0,6,1,1,1,1,0,255,1247,1247,0,7,0,-500.0,-500.0,-197.5,0.0,0.039500001817941666,0.019999999552965164,1247.5,1445.0,425.971435546875,0.0,610.9601440429688,1.1326028108596802,0.0,447.0531005859375,40.79578399658203,0.0,462.4144287109375,0.0,108.60467529296875,0.0,0.0,0.0,0.0,0.0
5,2299,81662400,4.452999999994063,2,6650,9,6650,1,4441,1,1,0,1,0,0,5,1,0,0,1,0,258,1247,1247,0,7,0,-500.0,-500.0,-197.5,0.0,0.039500001817941666,0.019999999552965164,1247.5,1445.0,390.34259033203125,0.0,529.1222534179688,0.9434307217597961,0.0,447.0531005859375,14.528153419494629,0.0,382.365234375,0.0,117.96502685546875,0.0,0.0,0.0,0.0,0.0
5,2303,81662400,4.562000000005355,2,6651,9,6651,1,4783,1,1,0,1,0,0,5,3,0,0,1,0,261,1247,1247,0,7,0,-500.0,-500.0,-197.5,0.0,0.039500001817941666,0.019999999552965164,1247.5,1445.0,413.3523864746094,0.0,517.4163818359375,0.9567205309867859,0.0,447.0531005859375,21.03925895690918,0.0,376.51519775390625,165.67001342773438,113.20338439941406,83.15478515625,0.0,0.0,0.0,0.0
5,2306,81662400,4.562000000005355,2,6652,9,6652,1,4705,1,1,0,1,0,0,5,3,0,0,1,0,246,1247,1247,0,7,0,-500.0,-500.0,-197.5,0.0,0.039500001817941666,0.019999999552965164,1247.5,1445.0,462.84521484375,0.0,515.2909545898438,1.0676463842391968,0.0,447.0531005859375,32.14385986328125,0.0,362.7723388671875,144.93576049804688,119.11117553710938,87.37857055664062,0.0,0.0,0.0,0.0
5,2309,81662400,4.6560000000026776,2,6653,9,6653,1,4689,1,1,0,1,0,0,5,3,0,0,1,0,250,1247,1247,0,7,0,-500.0,-500.0,-197.5,0.0,0.039500001817941666,0.019999999552965164,1247.5,1445.0,547.1063842773438,0.0,503.9534912109375,1.2928255796432495,0.0,447.0531005859375,48.349327087402344,0.0,360.79071044921875,134.76199340820312,113.90560913085938,87.40975952148438,0.0,0.0,0.0,0.0
5,2312,81662400,4.764999999999418,2,6654,9,6654,1,4633,1,1,0,1,0,0,4,3,0,0,1,0,250,1247,1247,0,7,0,-500.0,-500.0,-197.5,0.0,0.039500001817941666,0.019999999552965164,1247.5,1445.0,505.4803466796875,0.0,422.1427001953125,1.146923542022705,0.0,447.0531005859375,20.37221336364746,0.0,279.9906311035156,159.0750732421875,99.18365478515625,105.75848388671875,0.0,0.0,0.0,0.0
5,2315,81662400,4.875,2,6655,9,6655,1,4644,1,1,0,1,0,0,4,3,0,0,1,0,248,1247,1247,0,7,0,-500.0,-500.0,-197.5,0.0,0.039500001817941666,0.019999999552965164,1247.5,1445.0,629.6842041015625,0.0,419.8840026855469,1.4702352285385132,0.0,447.0531005859375,27.855344772338867,0.0,271.33526611328125,143.27304077148438,106.07009887695312,106.07009887695312,0.0,0.0,0.0,0.0
5,2318,81662400,4.98399999999674,2,6656,9,6656,0,4606,1,3,1,0,0,0,4,3,0,0,1,0,243,1247,1247,0,7,0,-500.0,0.0,0.0,0.0,0.0,0.0,0.0,1445.0,0.0,0.0,0.0,0.0,0.0,447.0531005859375,34.77384567260742,0.0,250.8292236328125,127.00198364257812,97.45484924316406,88.97412109375,0.0,0.0,0.0,0.0
5,2323,81662400,4.98399999999674,2,6657,9,6657,0,4566,1,3,1,0,0,0,4,3,0,0,1,0,240,1247,1247,0,7,0,-500.0,0.0,0.0,0.0,0.0,0.0,0.0,1445.0,0.0,0.0,0.0,0.0,0.0,447.0531005859375,62.959896087646484,0.0,256.5498046875,115.91595458984375,101.66700744628906,88.72802734375,0.0,0.0,0.0,0.0
5,2326,81662400,5.092999999993481,2,6658,9,6658,0,4598,1,3,1,0,0,0,6,5,1,1,1,0,236,1247,1247,0,7,0,-500.0,0.0,0.0,0.0,0.0,0.0,0.0,1445.0,0.0,0.0,0.0,0.0,0.0,447.0531005859375,51.2237434387207,31.369997024536133,467.457275390625,330.3504638671875,118.36264038085938,118.36264038085938,0.0,0.0,0.0,0.0
5,2329,81662400,5.202999999994063,2,6659,9,6659,0,4587,1,3,1,0,0,0,5,4,1,1,1,0,240,1247,1247,0,7,0,-500.0,0.0,0.0,0.0,0.0,0.0,0.0,1445.0,0.0,0.0,0.0,0.0,0.0,447.0531005859375,40.81270217895508,34.19608688354492,483.8113708496094,356.2447814941406,209.7874755859375,209.7874755859375,0.0,0.0,0.0,0.0
5,2332,81662400,5.2960000000020955,2,6660,9,6660,0,4588,1,3,1,0,0,0,5,5,1,1,1,0,236,1247,1247,0,7,0,-500.0,0.0,0.0,0.0,0.0,0.0,0.0,1445.0,0.0,0.0,0.0,0.0,0.0,447.0531005859375,54.92154312133789,54.323150634765625,474.34197998046875,420.2001647949219,207.9835205078125,207.9835205078125,0.0,0.0,0.0,0.0
5,2335,81662400,5.2960000000020955,2,6661,9,6661,0,4469,1,3,1,0,0,0,3,2,0,0,1,0,238,1247,1247,0,7,0,-500.0,0.0,0.0,0.0,0.0,0.0,0.0,1445.0,0.0,0.0,0.0,0.0,0.0,447.0531005859375,0.0,0.0,169.96771240234375,12.18218994140625,106.12266540527344,12.18218994140625,0.0,0.0,0.0,0.0
5,2338,81662400,5.4060000000026776,2,6662,9,6662,0,4458,1,3,1,0,0,0,3,3,0,0,1,0,234,1247,1247,0,7,0,-500.0,0.0,0.0,0.0,0.0,0.0,0.0,1445.0,0.0,0.0,0.0,0.0,0.0,447.0531005859375,0.0,0.0,181.45806884765625,127.32305908203125,116.53802490234375,115.07064819335938,0.0,0.0,0.0,0.0
5,2342,81662400,5.5,2,6663,9,6663,0,4420,1,3,1,0,0,0,1,2,0,0,1,0,245,1247,1247,0,7,0,-500.0,0.0,0.0,0.0,0.0,0.0,0.0,1445.0,0.0,0.0,0.0,0.0,0.0,447.0531005859375,0.0,0.0,0.0,16.555511474609375,0.0,16.555511474609375,0.0,0.0,0.0,0.0
5,2345,81662400,5.60899999999674,2,6664,9,6664,0,4475,1,3,1,0,0,0,1,2,0,0,1,0,242,1247,1247,0,7,0,-500.0,0.0,0.0,0.0,0.0,0.0,0.0,1445.0,0.0,0.0,0.0,0.0,0.0,447.0531005859375,0.0,0.0,0.0,39.472808837890625,0.0,39.472808837890625,0.0,0.0,0.0,0.0
5,2348,81662400,5.717999999993481,2,6665,9,6665,0,4522,1,3,1,0,0,0,1,2,0,0,1,0,249,1247,1247,0,7,0,-500.0,0.0,0.0,0.0,0.0,0.0,0.0,1445.0,0.0,0.0,0.0,0.0,0.0,447.0531005859375,0.0,0.0,0.0,53.36805725097656,0.0,53.36805725097656,0.0,0.0,0.0,0.0
5,2351,81662400,5.717999999993481,2,6666,9,6666,0,4465,1,3,1,0,0,0,1,1,0,0,1,0,249,1247,1247,0,7,0,-500.0,0.0,0.0,0.0,0.0,0.0,0.0,1445.0,0.0,0.0,0.0,0.0,0.0,447.0531005859375,0.0,0.0,0.0,0.0,0.0,0.0,0.0,0.0,0.0,0.0
5,2355,81662400,5.812000000005355,2,6667,9,6667,0,4548,1,3,1,0,0,0,1,1,0,0,1,0,250,1247,1247,0,7,0,-500.0,0.0,0.0,0.0,0.0,0.0,0.0,1445.0,0.0,0.0,0.0,0.0,0.0,447.0531005859375,0.0,0.0,0.0,0.0,0.0,0.0,0.0,0.0,0.0,0.0
5,2358,81662400,5.9210000000020955,2,6668,9,6668,0,4423,1,3,1,0,0,0,1,1,0,0,1,0,249,1247,1247,0,7,0,-500.0,0.0,0.0,0.0,0.0,0.0,0.0,1445.0,0.0,0.0,0.0,0.0,0.0,447.0531005859375,0.0,0.0,0.0,0.0,0.0,0.0,0.0,0.0,0.0,0.0
5,2363,81662400,6.014999999999418,2,6669,9,6669,0,4581,1,3,1,0,0,0,1,1,0,0,1,0,251,1247,1247,0,7,0,-500.0,0.0,0.0,0.0,0.0,0.0,0.0,1445.0,0.0,0.0,0.0,0.0,0.0,447.0531005859375,0.0,0.0,0.0,0.0,0.0,0.0,0.0,0.0,0.0,0.0
5,2366,81662400,6.125,2,6670,9,6670,0,4540,1,3,1,0,0,0,1,1,0,0,1,0,249,1247,1247,0,7,0,-500.0,0.0,0.0,0.0,0.0,0.0,0.0,1445.0,0.0,0.0,0.0,0.0,0.0,447.0531005859375,0.0,0.0,0.0,0.0,0.0,0.0,0.0,0.0,0.0,0.0
5,2369,81662400,6.125,2,6671,9,6671,0,4583,1,3,1,0,0,0,1,1,0,0,1,0,252,1247,1247,0,7,0,-500.0,0.0,0.0,0.0,0.0,0.0,0.0,1445.0,0.0,0.0,0.0,0.0,0.0,447.0531005859375,0.0,0.0,0.0,0.0,0.0,0.0,0.0,0.0,0.0,0.0
5,2372,81662400,6.23399999999674,2,6672,9,6672,0,4521,1,3,1,0,0,0,1,1,0,0,1,0,246,1247,1247,0,7,0,-500.0,0.0,0.0,0.0,0.0,0.0,0.0,1445.0,0.0,0.0,0.0,0.0,0.0,447.0531005859375,0.0,0.0,0.0,0.0,0.0,0.0,0.0,0.0,0.0,0.0
5,2375,81662400,6.342999999993481,2,6673,9,6673,0,4559,1,3,1,0,0,0,1,1,0,0,1,0,252,1247,1247,0,7,0,-500.0,0.0,0.0,0.0,0.0,0.0,0.0,1445.0,0.0,0.0,0.0,0.0,0.0,447.0531005859375,0.0,0.0,0.0,0.0,0.0,0.0,0.0,0.0,0.0,0.0
5,2378,81662400,6.452999999994063,2,6674,9,6674,0,4553,1,3,1,0,0,0,1,2,0,0,1,0,255,1247,1247,0,7,0,-500.0,0.0,0.0,0.0,0.0,0.0,0.0,1445.0,0.0,0.0,0.0,0.0,0.0,447.0531005859375,0.0,0.0,0.0,54.34291076660156,0.0,54.34291076660156,0.0,0.0,0.0,0.0
5,2382,81662400,6.5460000000020955,2,6675,9,6675,0,4552,1,3,1,0,0,0,1,2,0,0,1,0,264,1247,1247,0,7,0,-500.0,0.0,0.0,0.0,0.0,0.0,0.0,1445.0,0.0,0.0,0.0,0.0,0.0,447.0531005859375,0.0,0.0,0.0,39.688201904296875,0.0,39.688201904296875,0.0,0.0,0.0,0.0
5,2385,81662400,6.6560000000026776,2,6676,9,6676,0,4626,1,3,1,0,0,0,1,1,0,0,1,0,273,1247,1247,0,7,0,-500.0,0.0,0.0,0.0,0.0,0.0,0.0,1445.0,0.0,0.0,0.0,0.0,0.0,447.0531005859375,0.0,0.0,0.0,0.0,0.0,0.0,0.0,0.0,0.0,0.0
5,2388,81662400,6.6560000000026776,2,6677,9,6677,0,4642,1,3,1,0,0,0,1,1,0,0,1,0,273,1247,1247,0,7,0,-500.0,0.0,0.0,0.0,0.0,0.0,0.0,1445.0,0.0,0.0,0.0,0.0,0.0,447.0531005859375,0.0,0.0,0.0,0.0,0.0,0.0,0.0,0.0,0.0,0.0
5,2391,81662400,6.764999999999418,2,6678,9,6678,0,4612,1,3,1,0,0,0,1,1,0,0,1,0,270,1247,1247,0,7,0,-500.0,0.0,0.0,0.0,0.0,0.0,0.0,1445.0,0.0,0.0,0.0,0.0,0.0,447.0531005859375,0.0,0.0,0.0,0.0,0.0,0.0,0.0,0.0,0.0,0.0
5,2394,81662400,6.875,2,6679,9,6679,0,4616,1,3,1,0,0,0,1,1,0,0,1,0,262,1247,1247,0,7,0,-500.0,0.0,0.0,0.0,0.0,0.0,0.0,1445.0,0.0,0.0,0.0,0.0,0.0,447.0531005859375,0.0,0.0,0.0,0.0,0.0,0.0,0.0,0.0,0.0,0.0
5,2397,81662400,6.98399999999674,2,6680,9,6680,0,4470,1,3,1,0,0,0,1,1,0,0,1,0,233,1247,1247,0,7,0,-500.0,0.0,0.0,0.0,0.0,0.0,0.0,1445.0,0.0,0.0,0.0,0.0,0.0,447.0531005859375,0.0,0.0,0.0,0.0,0.0,0.0,0.0,0.0,0.0,0.0
5,2402,81662400,6.98399999999674,2,6681,9,6681,0,4517,1,3,1,0,0,0,1,1,0,0,1,0,231,1247,1247,0,7,0,-500.0,0.0,0.0,0.0,0.0,0.0,0.0,1445.0,0.0,0.0,0.0,0.0,0.0,447.0531005859375,0.0,0.0,0.0,0.0,0.0,0.0,0.0,0.0,0.0,0.0
