err,servo_pwm,pid_select,Midline.k,Midline.b,Forward.k,Forward.b,Forward_2.k,Forward_3.k,RIGHT_duandian,LEFT_duandian,paodao_distance,valid_couter,RIGHT_cnt,LEFT_cnt,Forward_cnt,Forward_cnt_2,Forward_cnt_3,Speed_now,Speed_mubiao,danbian_flag,state_left_cnt,state_right_cnt,state_left_cnt_2,state_right_cnt_2,zhongxian_chuizhi,version,session,seq,tx_seq,t,control_seq,input_end_ms,control_end_ms,control_dt_us,valid_mask,updated_mask,clipped_mask,action_reason,motor_state,lidar_id,algorithm_id,param_revision,raw_count,radar_dps,segment,host_t
nan,1455.0,nan,nan,nan,nan,nan,nan,nan,0.0,0.0,420.0,709.0,nan,nan,nan,nan,nan,12.5,10.0,nan,nan,nan,nan,nan,nan,2,81662400,2128,2128,0.0,6598,552875,552880,78209,2081168898,2081166850,0,5,2,3,4,9,1675,4315,1,0.07799999999406282
nan,1455.0,nan,nan,nan,nan,nan,nan,nan,0.0,0.0,420.0,711.0,nan,nan,nan,nan,nan,11.1,10.0,nan,nan,nan,nan,nan,nan,2,81662400,2131,2131,0.09,6599,552965,552970,89661,2081168898,2081166850,0,5,2,3,4,9,1671,4319,1,0.23399999999674037
15.5,1450.0,0.0,nan,nan,nan,nan,nan,nan,0.0,964.0,415.0,712.0,nan,nan,nan,nan,nan,11.2,10.0,nan,nan,nan,nan,nan,nan,2,81662400,2134,2134,0.168,6600,553044,553048,78571,2081168903,2081168903,0,1,2,3,4,9,1667,4331,1,0.23399999999674037
12.4,1447.0,0.0,nan,nan,nan,nan,nan,nan,0.0,948.0,412.0,712.0,nan,nan,nan,nan,nan,10.0,10.0,nan,nan,nan,nan,nan,nan,2,81662400,2137,2137,0.258,6601,553133,553138,89154,2081168903,2081168903,0,1,2,3,4,9,1668,4306,1,0.35899999999674037
10.7,1447.0,0.0,nan,nan,nan,nan,nan,nan,0.0,902.0,411.0,714.0,nan,nan,nan,nan,nan,10.4,10.0,nan,nan,nan,nan,nan,nan,2,81662400,2140,2140,0.336,6602,553211,553216,78511,2081168903,2081168903,0,1,2,3,4,9,1674,4307,1,0.46799999999348074
9.9,1448.0,0.0,nan,nan,nan,nan,nan,nan,0.0,915.0,412.0,712.0,nan,nan,nan,nan,nan,11.0,10.0,nan,nan,nan,nan,nan,nan,2,81662400,2144,2144,0.425,6603,553301,553305,89283,2081168903,2081168903,0,1,2,3,4,9,1676,4302,1,0.46799999999348074
7.7,1446.0,0.0,nan,nan,nan,nan,nan,nan,0.0,0.0,413.0,712.0,nan,nan,nan,nan,nan,11.7,10.0,nan,nan,nan,nan,nan,nan,2,81662400,2147,2147,0.504,6604,553379,553384,78518,2081168903,2081168903,0,1,2,3,4,9,1669,4327,1,0.5620000000053551
3.1,1445.0,0.0,nan,nan,nan,nan,nan,nan,0.0,875.0,416.0,712.0,nan,nan,nan,nan,nan,11.6,10.0,nan,nan,nan,nan,nan,nan,2,81662400,2150,2150,0.582,6605,553458,553462,78546,2081168903,2081168903,0,1,2,3,4,9,1666,4330,1,0.6710000000020955
0.4,1445.0,0.0,nan,nan,nan,nan,nan,nan,0.0,797.0,420.0,707.0,nan,nan,nan,nan,nan,11.4,10.0,nan,nan,nan,nan,nan,nan,2,81662400,2153,2153,0.672,6606,553547,553552,89146,2081168903,2081168903,0,1,2,3,4,9,1667,4315,1,0.7810000000026776
-5.2,1443.0,0.0,nan,nan,nan,nan,nan,nan,0.0,0.0,425.0,709.0,nan,nan,nan,nan,nan,11.3,10.0,nan,nan,nan,nan,nan,nan,2,81662400,2156,2156,0.75,6607,553625,553630,78641,2081168903,2081168903,0,1,2,3,4,9,1671,4315,1,0.7810000000026776
-11.6,1438.0,0.0,nan,nan,nan,nan,nan,nan,0.0,0.0,429.0,712.0,nan,nan,nan,nan,nan,11.1,10.0,nan,nan,nan,nan,nan,nan,2,81662400,2159,2159,0.84,6608,553715,553720,89667,2081168903,2081168903,0,1,2,3,4,9,1671,4319,1,0.9060000000026776
-13.7,1439.0,0.0,nan,nan,nan,nan,nan,nan,0.0,703.0,433.0,714.0,nan,nan,nan,nan,nan,10.5,10.0,nan,nan,nan,nan,nan,nan,2,81662400,2164,2164,0.918,6609,553793,553798,78121,2081168903,2081168903,0,1,2,3,4,9,1670,4317,1,1.014999999999418
-15.9,1438.0,0.0,nan,nan,nan,nan,nan,nan,0.0,658.0,438.0,714.0,nan,nan,nan,nan,nan,10.2,10.0,nan,nan,nan,nan,nan,nan,2,81662400,2167,2167,1.008,6610,553883,553888,89676,2081168903,2081168903,0,1,2,3,4,9,1671,4319,1,1.014999999999418
-18.6,1437.0,0.0,nan,nan,nan,nan,nan,nan,0.0,627.0,442.0,712.0,nan,nan,nan,nan,nan,10.0,10.0,nan,nan,nan,nan,nan,nan,2,81662400,2170,2170,1.086,6611,553961,553966,78202,2081168903,2081168903,0,1,2,3,4,9,1671,4325,1,1.125
-12.5,1443.0,0.0,nan,nan,nan,nan,nan,nan,0.0,593.0,446.0,713.0,nan,nan,nan,nan,nan,10.0,10.0,nan,nan,nan,nan,nan,nan,2,81662400,2173,2173,1.175,6612,554050,554055,89430,2081168903,2081168903,0,1,2,3,4,9,1664,4327,1,1.2179999999934807
-18.6,1435.0,0.0,nan,nan,nan,nan,nan,nan,0.0,550.0,449.0,709.0,nan,nan,nan,nan,nan,9.9,10.0,nan,nan,nan,nan,nan,nan,2,81662400,2176,2176,1.254,6613,554129,554134,78703,2081168903,2081168903,0,1,2,3,4,9,1669,4317,1,1.3279999999940628
-17.0,1439.0,0.0,nan,nan,nan,nan,nan,nan,0.0,0.0,451.0,712.0,nan,nan,nan,nan,nan,9.7,10.0,nan,nan,nan,nan,nan,nan,2,81662400,2179,2179,1.343,6614,554218,554223,89217,2081168903,2081168903,0,1,2,3,4,9,1671,4311,1,1.437000000005355
-13.6,1442.0,0.0,nan,nan,nan,nan,nan,nan,0.0,0.0,454.0,711.0,nan,nan,nan,nan,nan,9.9,10.0,nan,nan,nan,nan,nan,nan,2,81662400,2183,2183,1.422,6615,554297,554302,78481,2081168903,2081168903,0,1,2,3,4,9,1673,4314,1,1.5460000000020955
-17.2,1437.0,0.0,nan,nan,nan,nan,nan,nan,0.0,0.0,455.0,713.0,nan,nan,nan,nan,nan,9.9,10.0,nan,nan,nan,nan,nan,nan,2,81662400,2186,2186,1.511,6616,554386,554391,89619,2081168903,2081168903,0,1,2,3,4,9,1670,4326,1,1.5460000000020955
-9.8,1445.0,0.0,nan,nan,nan,nan,nan,nan,0.0,0.0,456.0,711.0,nan,nan,nan,nan,nan,9.9,10.0,nan,nan,nan,nan,nan,nan,2,81662400,2189,2189,1.589,6617,554464,554469,77996,2081168903,2081168903,0,1,2,3,4,9,1664,4327,1,1.6560000000026776
3.3,1450.0,0.0,nan,nan,nan,nan,nan,nan,0.0,0.0,455.0,708.0,nan,nan,nan,nan,nan,9.6,10.0,nan,nan,nan,nan,nan,nan,2,81662400,2192,2192,1.668,6618,554543,554548,78563,2081168903,2081168903,0,1,2,3,4,9,1666,4325,1,1.764999999999418
325.5,1573.0,2.0,nan,nan,nan,nan,nan,nan,0.0,0.0,455.0,711.0,nan,nan,nan,nan,nan,10.0,10.0,nan,nan,nan,nan,nan,nan,2,81662400,2195,2195,1.757,6619,554632,554637,89030,2081168903,2081166855,0,1,2,3,4,9,1666,4324,1,1.8589999999967404
386.2,1615.0,2.0,nan,nan,nan,nan,nan,nan,0.0,0.0,455.0,707.0,nan,nan,nan,nan,nan,9.9,10.0,nan,nan,nan,nan,nan,nan,2,81662400,2198,2198,1.835,6620,554711,554715,78556,2081168903,2081166855,0,1,2,3,4,9,1671,4310,1,1.8589999999967404
446.8,1637.0,2.0,nan,nan,nan,nan,nan,nan,0.0,255.0,455.0,709.0,nan,nan,nan,nan,nan,10.2,10.0,nan,nan,nan,nan,nan,nan,2,81662400,2204,2204,1.925,6621,554800,554805,89467,2081168903,2081166855,0,1,2,3,4,9,1667,4336,1,1.9679999999934807
468.4,1636.0,2.0,nan,nan,nan,nan,nan,nan,0.0,962.0,455.0,705.0,nan,nan,nan,nan,nan,9.9,10.0,nan,nan,nan,nan,nan,nan,2,81662400,2207,2207,2.003,6622,554878,554883,78116,2081168903,2081166855,0,1,2,3,4,9,1662,4341,1,2.077999999994063
461.6,1625.0,2.0,nan,nan,nan,nan,nan,nan,0.0,220.0,455.0,713.0,nan,nan,nan,nan,nan,9.9,10.0,nan,nan,nan,nan,nan,nan,2,81662400,2210,2210,2.092,6623,554968,554972,89373,2081168903,2081166855,0,1,2,3,4,9,1661,4342,1,2.187000000005355
422.6,1614.0,0.0,nan,nan,nan,nan,nan,nan,0.0,887.0,452.0,715.0,nan,nan,nan,nan,nan,9.7,10.0,nan,nan,nan,nan,nan,nan,2,81662400,2213,2213,2.171,6624,555046,555051,79054,2081168903,2081168903,0,1,2,3,4,9,1665,4317,1,2.187000000005355
380.5,1585.0,0.0,nan,nan,nan,nan,nan,nan,0.0,855.0,450.0,712.0,nan,nan,nan,nan,nan,9.9,10.0,nan,nan,nan,nan,nan,nan,2,81662400,2216,2216,2.261,6625,555136,555141,89623,2081168903,2081168903,0,1,2,3,4,9,1668,4330,1,2.2960000000020955
367.4,1587.0,0.0,nan,nan,nan,nan,nan,nan,0.0,837.0,451.0,709.0,nan,nan,nan,nan,nan,10.2,10.0,nan,nan,nan,nan,nan,nan,2,81662400,2219,2219,2.339,6626,555214,555219,78004,2081168903,2081168903,0,1,2,3,4,9,1663,4331,1,2.4060000000026776
317.9,1556.0,0.0,nan,nan,nan,nan,nan,nan,0.0,760.0,454.0,706.0,nan,nan,nan,nan,nan,9.9,10.0,nan,nan,nan,nan,nan,nan,2,81662400,2223,2223,2.418,6627,555293,555298,78536,2081168903,2081168903,0,1,2,3,4,9,1664,4324,1,2.5
274.0,1542.0,0.0,nan,nan,nan,nan,nan,nan,0.0,0.0,457.0,706.0,nan,nan,nan,nan,nan,10.1,10.0,nan,nan,nan,nan,nan,nan,2,81662400,2226,2226,2.507,6628,555382,555387,89292,2081168903,2081168903,0,1,2,3,4,9,1670,4309,1,2.5
245.0,1533.0,0.0,nan,nan,nan,nan,nan,nan,0.0,0.0,459.0,705.0,nan,nan,nan,nan,nan,9.9,10.0,nan,nan,nan,nan,nan,nan,2,81662400,2229,2229,2.585,6629,555460,555465,78525,2081168903,2081168903,0,1,2,3,4,9,1675,4312,1,2.6089999999967404
196.1,1509.0,0.0,nan,nan,nan,nan,nan,nan,0.0,0.0,461.0,702.0,nan,nan,nan,nan,nan,10.3,10.0,nan,nan,nan,nan,nan,nan,2,81662400,2232,2232,2.675,6630,555550,555555,89727,2081168903,2081168903,0,1,2,3,4,9,1671,4322,1,2.7179999999934807
158.3,1496.0,0.0,nan,nan,nan,nan,nan,nan,0.0,0.0,461.0,707.0,nan,nan,nan,nan,nan,10.0,10.0,nan,nan,nan,nan,nan,nan,2,81662400,2235,2235,2.753,6631,555628,555633,77833,2081168903,2081168903,0,1,2,3,4,9,1666,4342,1,2.827999999994063
123.6,1484.0,0.0,nan,nan,nan,nan,nan,nan,0.0,0.0,457.0,717.0,nan,nan,nan,nan,nan,10.0,10.0,nan,nan,nan,nan,nan,nan,2,81662400,2238,2238,2.843,6632,555718,555723,89603,2081168903,2081168903,0,1,2,3,4,9,1665,4317,1,2.937000000005355
nan,1484.0,nan,nan,nan,nan,nan,nan,nan,0.0,0.0,457.0,713.0,nan,nan,nan,nan,nan,10.0,10.0,nan,nan,nan,nan,nan,nan,2,81662400,2243,2243,2.921,6633,555796,555801,78551,2081168898,2081166850,0,5,2,3,4,9,1671,4316,1,2.937000000005355
nan,1484.0,nan,nan,nan,nan,nan,nan,nan,395.0,0.0,457.0,714.0,nan,nan,nan,nan,nan,10.0,10.0,nan,nan,nan,nan,nan,nan,2,81662400,2246,2246,3.01,6634,555886,555890,89181,2081168898,2081166850,0,5,2,3,4,9,1672,4317,1,3.139999999999418
nan,1484.0,nan,nan,nan,nan,nan,nan,nan,378.0,0.0,447.0,712.0,nan,nan,nan,nan,nan,10.0,10.0,nan,nan,nan,nan,nan,nan,2,81662400,2249,2249,3.089,6635,555964,555969,78337,2081168898,2081168898,0,2,2,3,4,9,1666,4337,1,3.139999999999418
nan,1484.0,nan,nan,nan,nan,nan,nan,nan,405.0,0.0,447.0,715.0,nan,nan,nan,nan,nan,9.9,10.0,nan,nan,nan,nan,nan,nan,2,81662400,2252,2252,3.178,6636,556054,556058,89731,2081168898,2081166850,0,5,2,3,4,9,1663,4335,1,3.25
-422.7,1278.0,1.0,nan,nan,nan,nan,nan,nan,376.0,0.0,447.0,714.0,nan,nan,nan,nan,nan,10.0,10.0,nan,nan,nan,nan,nan,nan,2,81662400,2255,2255,3.256,6637,556132,556136,77938,2081168903,2081166855,0,1,2,3,4,9,1670,4312,1,3.3589999999967404
-337.3,1311.0,1.0,nan,nan,nan,nan,nan,nan,0.0,0.0,447.0,713.0,nan,nan,nan,nan,nan,9.9,10.0,nan,nan,nan,nan,nan,nan,2,81662400,2258,2258,3.335,6638,556210,556215,78700,2081168903,2081166855,0,1,2,3,4,9,1676,4304,1,3.3589999999967404
-453.6,1235.0,1.0,nan,nan,nan,nan,nan,nan,263.0,0.0,447.0,710.0,nan,nan,nan,nan,nan,10.2,10.0,nan,nan,nan,nan,nan,nan,2,81662400,2262,2262,3.424,6639,556300,556304,89419,2081168903,2081166855,0,1,2,3,4,9,1682,4283,1,3.4839999999967404
-500.0,1233.0,1.0,nan,nan,nan,nan,nan,nan,0.0,0.0,447.0,711.0,nan,nan,nan,nan,nan,10.0,10.0,nan,nan,nan,nan,nan,nan,2,81662400,2265,2265,3.503,6640,556378,556383,78557,2081168903,2081166855,0,1,2,3,4,9,1681,4290,1,3.5929999999934807
-500.0,1247.0,1.0,nan,nan,nan,nan,nan,nan,0.0,0.0,447.0,702.0,nan,nan,nan,nan,nan,9.9,10.0,nan,nan,nan,nan,nan,nan,2,81662400,2268,2268,3.592,6641,556468,556472,89148,2081168903,2081166855,0,1,2,3,4,9,1680,4300,1,3.5929999999934807
-492.0,1253.0,1.0,nan,nan,nan,nan,nan,nan,0.0,0.0,447.0,709.0,nan,nan,nan,nan,nan,9.8,10.0,nan,nan,nan,nan,nan,nan,2,81662400,2271,2271,3.671,6642,556546,556551,78613,2081168903,2081166855,0,1,2,3,4,9,1675,4312,1,3.702999999994063
-500.0,1245.0,1.0,nan,nan,nan,nan,nan,nan,0.0,0.0,447.0,711.0,nan,nan,nan,nan,nan,10.0,10.0,nan,nan,nan,nan,nan,nan,2,81662400,2275,2275,3.76,6643,556635,556640,89177,2081168903,2081166855,0,1,2,3,4,9,1665,4342,1,3.812000000005355
-500.0,1247.0,1.0,nan,nan,nan,nan,nan,nan,0.0,0.0,447.0,708.0,nan,nan,nan,nan,nan,9.5,10.0,nan,nan,nan,nan,nan,nan,2,81662400,2278,2278,3.839,6644,556714,556719,78919,2081168903,2081166855,0,1,2,3,4,9,1663,4331,1,3.9060000000026776
-500.0,1247.0,1.0,nan,nan,nan,nan,nan,nan,0.0,0.0,447.0,712.0,nan,nan,nan,nan,nan,9.4,10.0,nan,nan,nan,nan,nan,nan,2,81662400,2283,2283,3.928,6645,556803,556808,89017,2081168903,2081166855,0,1,2,3,4,9,1665,4329,1,4.014999999999418
-500.0,1247.0,1.0,nan,nan,nan,nan,nan,nan,0.0,0.0,447.0,713.0,nan,nan,nan,nan,nan,9.6,10.0,nan,nan,nan,nan,nan,nan,2,81662400,2286,2286,4.007,6646,556882,556887,78614,2081168903,2081166855,0,1,2,3,4,9,1666,4320,1,4.125
-500.0,1247.0,1.0,nan,nan,nan,nan,nan,nan,0.0,0.0,447.0,711.0,nan,nan,nan,nan,nan,10.0,10.0,nan,nan,nan,nan,nan,nan,2,81662400,2289,2289,4.096,6647,556971,556976,89638,2081168903,2081166855,0,1,2,3,4,9,1672,4309,1,4.23399999999674
-500.0,1247.0,1.0,nan,nan,nan,nan,nan,nan,0.0,0.0,447.0,710.0,nan,nan,nan,nan,nan,10.2,10.0,nan,nan,nan,nan,nan,nan,2,81662400,2292,2292,4.175,6648,557050,557055,78581,2081168903,2081166855,0,1,2,3,4,9,1671,4325,1,4.23399999999674
-500.0,1247.0,1.0,nan,nan,nan,nan,nan,nan,0.0,0.0,447.0,710.0,nan,nan,nan,nan,nan,10.3,10.0,nan,nan,nan,nan,nan,nan,2,81662400,2295,2295,4.264,6649,557139,557144,89174,2081168903,2081166855,0,1,2,3,4,9,1671,4320,1,4.342999999993481
-500.0,1247.0,1.0,nan,nan,nan,nan,nan,nan,0.0,0.0,447.0,711.0,nan,nan,nan,nan,nan,10.1,10.0,nan,nan,nan,nan,nan,nan,2,81662400,2298,2298,4.342,6650,557218,557222,78086,2081168903,2081166855,0,1,2,3,4,9,1669,4315,1,4.452999999994063
-500.0,1247.0,1.0,nan,nan,nan,nan,nan,nan,0.0,0.0,447.0,713.0,nan,nan,nan,nan,nan,10.3,10.0,nan,nan,nan,nan,nan,nan,2,81662400,2302,2302,4.432,6651,557307,557312,90045,2081168903,2081166855,0,1,2,3,4,9,1669,4330,1,4.452999999994063
-500.0,1247.0,1.0,nan,nan,nan,nan,nan,nan,0.0,0.0,447.0,716.0,nan,nan,nan,nan,nan,9.9,10.0,nan,nan,nan,nan,nan,nan,2,81662400,2305,2305,4.51,6652,557385,557390,77835,2081168903,2081166855,0,1,2,3,4,9,1662,4339,1,4.562000000005355
-500.0,1247.0,1.0,nan,nan,nan,nan,nan,nan,0.0,0.0,447.0,715.0,nan,nan,nan,nan,nan,9.9,10.0,nan,nan,nan,nan,nan,nan,2,81662400,2308,2308,4.588,6653,557464,557468,78398,2081168903,2081166855,0,1,2,3,4,9,1659,4350,1,4.6560000000026776
-500.0,1247.0,1.0,nan,nan,nan,nan,nan,nan,0.0,0.0,447.0,713.0,nan,nan,nan,nan,nan,9.8,10.0,nan,nan,nan,nan,nan,nan,2,81662400,2311,2311,4.678,6654,557553,557558,89564,2081168903,2081166855,0,1,2,3,4,9,1662,4341,1,4.764999999999418
-500.0,1247.0,1.0,nan,nan,nan,nan,nan,nan,0.0,0.0,447.0,715.0,nan,nan,nan,nan,nan,9.7,10.0,nan,nan,nan,nan,nan,nan,2,81662400,2314,2314,4.756,6655,557631,557636,78092,2081168903,2081166855,0,1,2,3,4,9,1664,4331,1,4.764999999999418
nan,1247.0,nan,nan,nan,nan,nan,nan,nan,0.0,0.0,447.0,714.0,nan,nan,nan,nan,nan,9.9,10.0,nan,nan,nan,nan,nan,nan,2,81662400,2317,2317,4.845,6656,557721,557725,89488,2081168898,2081166850,0,5,2,3,4,9,1668,4331,1,4.98399999999674
nan,1247.0,nan,nan,nan,nan,nan,nan,nan,0.0,0.0,447.0,712.0,nan,nan,nan,nan,nan,9.6,10.0,nan,nan,nan,nan,nan,nan,2,81662400,2322,2322,4.924,6657,557799,557804,78481,2081168898,2081166850,0,5,2,3,4,9,1664,4325,1,4.98399999999674
nan,1247.0,nan,nan,nan,nan,nan,nan,nan,0.0,0.0,447.0,707.0,nan,nan,nan,nan,nan,9.3,10.0,nan,nan,nan,nan,nan,nan,2,81662400,2325,2325,5.013,6658,557889,557893,89267,2081168898,2081166850,0,5,2,3,4,9,1666,4317,1,5.092999999993481
nan,1247.0,nan,nan,nan,nan,nan,nan,nan,0.0,0.0,447.0,712.0,nan,nan,nan,nan,nan,9.9,10.0,nan,nan,nan,nan,nan,nan,2,81662400,2328,2328,5.092,6659,557967,557972,78400,2081168898,2081166850,0,5,2,3,4,9,1667,4324,1,5.202999999994063
nan,1247.0,nan,nan,nan,nan,nan,nan,nan,0.0,0.0,447.0,709.0,nan,nan,nan,nan,nan,9.7,10.0,nan,nan,nan,nan,nan,nan,2,81662400,2331,2331,5.17,6660,558046,558050,78605,2081168898,2081166850,0,5,2,3,4,9,1668,4320,1,5.202999999994063
nan,1247.0,nan,nan,nan,nan,nan,nan,nan,0.0,0.0,447.0,713.0,nan,nan,nan,nan,nan,9.5,10.0,nan,nan,nan,nan,nan,nan,2,81662400,2334,2334,5.259,6661,558135,558139,88996,2081168898,2081166850,0,5,2,3,4,9,1669,4327,1,5.2960000000020955
nan,1247.0,nan,nan,nan,nan,nan,nan,nan,0.0,0.0,447.0,709.0,nan,nan,nan,nan,nan,9.6,10.0,nan,nan,nan,nan,nan,nan,2,81662400,2337,2337,5.338,6662,558213,558218,78521,2081168898,2081166850,0,5,2,3,4,9,1667,4325,1,5.4060000000026776
nan,1247.0,nan,nan,nan,nan,nan,nan,nan,0.0,0.0,447.0,708.0,nan,nan,nan,nan,nan,9.3,10.0,nan,nan,nan,nan,nan,nan,2,81662400,2341,2341,5.427,6663,558303,558307,89665,2081168898,2081166850,0,5,2,3,4,9,1670,4317,1,5.5
nan,1247.0,nan,nan,nan,nan,nan,nan,nan,0.0,0.0,447.0,709.0,nan,nan,nan,nan,nan,9.2,10.0,nan,nan,nan,nan,nan,nan,2,81662400,2344,2344,5.506,6664,558381,558386,78183,2081168898,2081166850,0,5,2,3,4,9,1669,4319,1,5.60899999999674
nan,1247.0,nan,nan,nan,nan,nan,nan,nan,0.0,0.0,447.0,710.0,nan,nan,nan,nan,nan,9.7,10.0,nan,nan,nan,nan,nan,nan,2,81662400,2347,2347,5.595,6665,558471,558475,89589,2081168898,2081166850,0,5,2,3,4,9,1668,4321,1,5.60899999999674
nan,1247.0,nan,nan,nan,nan,nan,nan,nan,0.0,0.0,447.0,706.0,nan,nan,nan,nan,nan,9.9,10.0,nan,nan,nan,nan,nan,nan,2,81662400,2350,2350,5.673,6666,558549,558553,78067,2081168898,2081166850,0,5,2,3,4,9,1668,4327,1,5.717999999993481
nan,1247.0,nan,nan,nan,nan,nan,nan,nan,0.0,0.0,447.0,708.0,nan,nan,nan,nan,nan,9.7,10.0,nan,nan,nan,nan,nan,nan,2,81662400,2354,2354,5.763,6667,558638,558643,89671,2081168898,2081166850,0,5,2,3,4,9,1665,4326,1,5.812000000005355
nan,1247.0,nan,nan,nan,nan,nan,nan,nan,200.0,0.0,447.0,710.0,nan,nan,nan,nan,nan,10.1,10.0,nan,nan,nan,nan,nan,nan,2,81662400,2357,2357,5.841,6668,558717,558721,78404,2081168898,2081166850,0,5,2,3,4,9,1666,4330,1,5.9210000000020955
nan,1247.0,nan,nan,nan,nan,nan,nan,nan,0.0,0.0,447.0,713.0,nan,nan,nan,nan,nan,9.9,10.0,nan,nan,nan,nan,nan,nan,2,81662400,2362,2362,5.931,6669,558806,558811,89804,2081168898,2081166850,0,5,2,3,4,9,1668,4324,1,6.014999999999418
nan,1247.0,nan,nan,nan,nan,nan,nan,nan,0.0,0.0,447.0,707.0,nan,nan,nan,nan,nan,9.7,10.0,nan,nan,nan,nan,nan,nan,2,81662400,2365,2365,6.009,6670,558885,558889,78056,2081168898,2081166850,0,5,2,3,4,9,1668,4326,1,6.125
nan,1247.0,nan,nan,nan,nan,nan,nan,nan,0.0,0.0,447.0,714.0,nan,nan,nan,nan,nan,10.2,10.0,nan,nan,nan,nan,nan,nan,2,81662400,2368,2368,6.088,6671,558963,558968,78558,2081168898,2081166850,0,5,2,3,4,9,1666,4329,1,6.125
nan,1247.0,nan,nan,nan,nan,nan,nan,nan,0.0,0.0,447.0,710.0,nan,nan,nan,nan,nan,9.9,10.0,nan,nan,nan,nan,nan,nan,2,81662400,2371,2371,6.177,6672,559052,559057,89084,2081168898,2081166850,0,5,2,3,4,9,1667,4329,1,6.23399999999674
nan,1247.0,nan,nan,nan,nan,nan,nan,nan,0.0,0.0,447.0,712.0,nan,nan,nan,nan,nan,9.7,10.0,nan,nan,nan,nan,nan,nan,2,81662400,2374,2374,6.255,6673,559131,559135,78549,2081168898,2081166850,0,5,2,3,4,9,1664,4335,1,6.342999999993481
nan,1247.0,nan,nan,nan,nan,nan,nan,nan,0.0,0.0,447.0,712.0,nan,nan,nan,nan,nan,9.3,10.0,nan,nan,nan,nan,nan,nan,2,81662400,2377,2377,6.345,6674,559220,559225,89473,2081168898,2081166850,0,5,2,3,4,9,1667,4331,1,6.452999999994063
nan,1247.0,nan,nan,nan,nan,nan,nan,nan,349.0,0.0,447.0,710.0,nan,nan,nan,nan,nan,9.8,10.0,nan,nan,nan,nan,nan,nan,2,81662400,2381,2381,6.423,6675,559298,559303,78234,2081168898,2081166850,0,5,2,3,4,9,1666,4324,1,6.452999999994063
nan,1247.0,nan,nan,nan,nan,nan,nan,nan,0.0,0.0,447.0,710.0,nan,nan,nan,nan,nan,9.7,10.0,nan,nan,nan,nan,nan,nan,2,81662400,2384,2384,6.513,6676,559388,559393,89581,2081168898,2081166850,0,5,2,3,4,9,1667,4321,1,6.5460000000020955
nan,1247.0,nan,nan,nan,nan,nan,nan,nan,0.0,0.0,447.0,709.0,nan,nan,nan,nan,nan,10.3,10.0,nan,nan,nan,nan,nan,nan,2,81662400,2387,2387,6.591,6677,559467,559471,78674,2081168898,2081166850,0,5,2,3,4,9,1668,4326,1,6.6560000000026776
nan,1247.0,nan,nan,nan,nan,nan,nan,nan,0.0,0.0,447.0,709.0,nan,nan,nan,nan,nan,10.5,10.0,nan,nan,nan,nan,nan,nan,2,81662400,2390,2390,6.68,6678,559556,559560,89082,2081168898,2081166850,0,5,2,3,4,9,1665,4332,1,6.764999999999418
nan,1247.0,nan,nan,nan,nan,nan,nan,nan,0.0,0.0,447.0,712.0,nan,nan,nan,nan,nan,10.2,10.0,nan,nan,nan,nan,nan,nan,2,81662400,2393,2393,6.759,6679,559634,559639,78386,2081168898,2081166850,0,5,2,3,4,9,1664,4340,1,6.764999999999418
nan,1247.0,nan,nan,nan,nan,nan,nan,nan,0.0,0.0,447.0,707.0,nan,nan,nan,nan,nan,10.0,10.0,nan,nan,nan,nan,nan,nan,2,81662400,2396,2396,6.837,6680,559713,559717,78384,2081168898,2081166850,0,5,2,3,4,9,1662,4331,1,6.875
nan,1247.0,nan,nan,nan,nan,nan,nan,nan,0.0,0.0,447.0,710.0,nan,nan,nan,nan,nan,10.3,10.0,nan,nan,nan,nan,nan,nan,2,81662400,2401,2401,6.926,6681,559802,559806,89208,2081168898,2081166850,0,5,2,3,4,9,1667,4315,1,6.98399999999674
