sample_us,encoder_raw,motor_pwm,speed_float,target_float,motor_integral,motor_prelimit,motor_flags,sample_seq,param_revision,session,host_t,encoder_signed
552802416,29,100,8.872727394104004,10.0,200.0,110.58181762695312,7,55281,9,81662400,0.07799999999406282,29
552812416,29,100,9.600000381469727,10.0,200.0,104.39999389648438,7,55282,9,81662400,0.07799999999406282,29
552822416,32,99,10.181818008422852,10.0,199.81817626953125,99.36272430419922,7,55283,9,81662400,0.07799999999406282,32
552832415,34,92,10.909090995788574,10.0,198.90908813476562,92.72181701660156,7,55284,9,81662400,0.07799999999406282,34
552842415,35,86,11.563636779785156,10.0,197.345458984375,86.36854553222656,7,55285,9,81662400,0.07799999999406282,35
552852415,35,81,12.0,10.0,195.345458984375,81.64945220947266,7,55286,9,81662400,0.07799999999406282,35
552862416,35,76,12.436363220214844,10.0,192.90908813476562,76.71000671386719,7,55287,9,81662400,0.07799999999406282,35
552872415,33,74,12.5090913772583,10.0,190.39999389648438,74.82471466064453,7,55288,9,81662400,0.07799999999406282,33
552882415,32,74,12.363636016845703,10.0,188.03636169433594,74.8674545288086,7,55289,9,81662400,0.23399999999674037,32
552892415,30,76,12.0,10.0,186.03636169433594,76.9483642578125,7,55290,9,81662400,0.23399999999674037,30
552902416,30,79,11.636363983154297,10.0,184.39999389648438,79.21289825439453,7,55291,9,81662400,0.23399999999674037,30
552912416,32,80,11.418181419372559,10.0,182.9818115234375,80.35127258300781,7,55292,9,81662400,0.23399999999674037,32
552922415,30,81,11.199999809265137,10.0,181.7818145751953,81.59981536865234,7,55293,9,81662400,0.23399999999674037,30
552932416,32,80,11.199999809265137,10.0,180.58181762695312,80.99382019042969,7,55294,9,81662400,0.23399999999674037,32
552942415,30,80,11.199999809265137,10.0,179.38182067871094,80.38782501220703,7,55295,9,81662400,0.23399999999674037,30
552952416,32,78,11.345454216003418,10.0,178.03636169433594,78.47200012207031,7,55296,9,81662400,0.23399999999674037,32
552962416,28,80,11.054545402526855,10.0,176.9818115234375,80.41217803955078,7,55297,9,81662400,0.23399999999674037,28
552972416,30,79,11.054545402526855,10.0,175.92726135253906,79.87963104248047,7,55298,9,81662400,0.23399999999674037,30
552982416,29,81,10.836363792419434,10.0,175.0908966064453,81.31180572509766,7,55299,9,81662400,0.23399999999674037,29
552992416,29,81,10.763636589050293,10.0,174.32725524902344,81.54434967041016,7,55300,9,81662400,0.23399999999674037,29
553002416,32,81,10.763636589050293,10.0,173.56361389160156,81.1587142944336,7,55301,9,81662400,0.23399999999674037,32
553012416,31,78,10.981818199157715,10.0,172.58180236816406,78.808349609375,7,55302,9,81662400,0.23399999999674037,31
553022416,31,77,11.054545402526855,10.0,171.52725219726562,77.65762329101562,7,55303,9,81662400,0.23399999999674037,31
553032415,30,76,11.127272605895996,10.0,170.3999786376953,76.47016906738281,7,55304,9,81662400,0.23399999999674037,30
553042415,30,75,11.199999809265137,10.0,169.19998168945312,75.2459945678711,7,55305,9,81662400,0.35899999999674037,30
553052416,29,76,10.981818199157715,10.0,168.21817016601562,76.60472106933594,7,55306,9,81662400,0.35899999999674037,29
553062416,29,77,10.836363792419434,10.0,167.38180541992188,77.41871643066406,7,55307,9,81662400,0.35899999999674037,29
553072416,29,78,10.690909385681152,10.0,166.69090270996094,78.3061752319336,7,55308,9,81662400,0.35899999999674037,29
553082416,30,77,10.690909385681152,10.0,166.0,77.957275390625,7,55309,9,81662400,0.35899999999674037,30
553092415,29,78,10.618182182312012,10.0,165.38182067871094,78.26327514648438,7,55310,9,81662400,0.35899999999674037,29
553102416,28,78,10.545454978942871,10.0,164.83636474609375,78.60599517822266,7,55311,9,81662400,0.35899999999674037,28
553112415,28,78,10.472726821899414,10.0,164.36363220214844,78.9854507446289,7,55312,9,81662400,0.35899999999674037,28
553122415,26,80,10.254545211791992,10.0,164.1090850830078,80.7114486694336,7,55313,9,81662400,0.35899999999674037,26
553132416,26,83,9.96363639831543,10.0,164.14544677734375,83.2025375366211,7,55314,9,81662400,0.35899999999674037,26
553142415,28,83,9.890909194946289,10.0,164.25453186035156,83.87580871582031,7,55315,9,81662400,0.35899999999674037,28
553152415,28,83,9.890909194946289,10.0,164.36361694335938,83.93089294433594,7,55316,9,81662400,0.35899999999674037,28
553162416,29,83,9.96363639831543,10.0,164.3999786376953,83.3310775756836,7,55317,9,81662400,0.35899999999674037,29
553172415,31,80,10.327272415161133,10.0,164.0727081298828,80.07490539550781,7,55318,9,81662400,0.35899999999674037,31
553182415,29,77,10.545454978942871,10.0,163.52725219726562,77.94489288330078,7,55319,9,81662400,0.35899999999674037,29
553192415,29,77,10.618182182312012,10.0,162.90907287597656,77.01453399658203,7,55320,9,81662400,0.35899999999674037,29
553202415,26,78,10.472726821899414,10.0,162.43634033203125,78.01216888427734,7,55321,9,81662400,0.46799999999348074,26
553212415,28,78,10.399999618530273,10.0,162.03634643554688,78.42835998535156,7,55322,9,81662400,0.46799999999348074,28
553222415,26,81,10.03636360168457,10.0,161.99998474121094,81.50090026855469,7,55323,9,81662400,0.46799999999348074,26
553232416,28,82,9.96363639831543,10.0,162.03634643554688,82.13744354248047,7,55324,9,81662400,0.46799999999348074,28
553242416,29,82,9.96363639831543,10.0,162.0727081298828,82.15580749511719,7,55325,9,81662400,0.46799999999348074,29
553252415,30,79,10.254545211791992,10.0,161.8181610107422,79.55453491210938,7,55326,9,81662400,0.46799999999348074,30
553262415,31,77,10.472726821899414,10.0,161.34542846679688,77.46125793457031,7,55327,9,81662400,0.46799999999348074,31
553272415,32,73,10.909090995788574,10.0,160.43634033203125,73.29307556152344,7,55328,9,81662400,0.46799999999348074,32
553282416,30,71,11.054545402526855,10.0,159.3817901611328,71.52416229248047,7,55329,9,81662400,0.5620000000053551,30
553292415,30,70,11.127272605895996,10.0,158.2545166015625,70.33671569824219,7,55330,9,81662400,0.5620000000053551,30
553302416,28,71,10.981818199157715,10.0,157.272705078125,71.07725524902344,7,55331,9,81662400,0.5620000000053551,28
553312416,28,72,10.763636589050293,10.0,156.50906372070312,72.5461654663086,7,55332,9,81662400,0.5620000000053551,28
553322416,31,72,10.690909385681152,10.0,155.8181610107422,72.81544494628906,7,55333,9,81662400,0.5620000000053551,31
553332416,32,71,10.836363792419434,10.0,154.98179626464844,71.1567153930664,7,55334,9,81662400,0.5620000000053551,32
553342416,32,69,10.981818199157715,10.0,153.99998474121094,69.42453002929688,7,55335,9,81662400,0.5620000000053551,32
553352416,33,65,11.345454216003418,10.0,152.65452575683594,65.6541748046875,7,55336,9,81662400,0.5620000000053551,33
553362416,32,62,11.636363983154297,10.0,151.01815795898438,62.355072021484375,7,55337,9,81662400,0.6710000000020955,32
553372416,32,60,11.709091186523438,10.0,149.30906677246094,60.873802185058594,7,55338,9,81662400,0.6710000000020955,32
553382416,32,60,11.709091186523438,10.0,147.5999755859375,60.010711669921875,7,55339,9,81662400,0.6710000000020955,32
553392415,30,60,11.563636779785156,10.0,146.03634643554688,60.45743942260742,7,55340,9,81662400,0.6710000000020955,30
553402416,31,60,11.418181419372559,10.0,144.6181640625,60.977630615234375,7,55341,9,81662400,0.6710000000020955,31
553412416,32,60,11.418181419372559,10.0,143.19998168945312,60.261444091796875,7,55342,9,81662400,0.6710000000020955,32
553422416,33,58,11.4909086227417,10.0,141.70907592773438,58.890357971191406,7,55343,9,81662400,0.6710000000020955,33
553432416,32,58,11.4909086227417,10.0,140.21817016601562,58.137451171875,7,55344,9,81662400,0.6710000000020955,32
553442416,32,56,11.636363983154297,10.0,138.58180236816406,56.07471466064453,7,55345,9,81662400,0.6710000000020955,32
553452416,32,54,11.709091186523438,10.0,136.87271118164062,54.59344482421875,7,55346,9,81662400,0.6710000000020955,32
553462416,31,54,11.636363983154297,10.0,135.23634338378906,54.38525390625,7,55347,9,81662400,0.6710000000020955,31
553472416,31,54,11.4909086227417,10.0,133.7454376220703,54.86872100830078,7,55348,9,81662400,0.6710000000020955,31
553482416,32,54,11.4909086227417,10.0,132.25453186035156,54.115814208984375,7,55349,9,81662400,0.6710000000020955,32
553492416,32,53,11.4909086227417,10.0,130.7636260986328,53.36290740966797,7,55350,9,81662400,0.6710000000020955,32
553502416,32,52,11.4909086227417,10.0,129.27272033691406,52.61000061035156,7,55351,9,81662400,0.6710000000020955,32
553512415,32,51,11.563636779785156,10.0,127.7090835571289,51.20217514038086,7,55352,9,81662400,0.6710000000020955,32
553522415,31,50,11.563636779785156,10.0,126.14544677734375,50.41253662109375,7,55353,9,81662400,0.7810000000026776,31
553532416,31,50,11.4909086227417,10.0,124.654541015625,50.27781677246094,7,55354,9,81662400,0.7810000000026776,31
553542416,31,50,11.418181419372559,10.0,123.23635864257812,50.17981719970703,7,55355,9,81662400,0.7810000000026776,31
553552416,31,50,11.345454216003418,10.0,121.89090728759766,50.11854553222656,7,55356,9,81662400,0.7810000000026776,31
553562415,30,50,11.199999809265137,10.0,120.69091033935547,50.74890899658203,7,55357,9,81662400,0.7810000000026776,30
553572415,30,50,11.127272605895996,10.0,119.56363677978516,50.79781723022461,7,55358,9,81662400,0.7810000000026776,30
553582416,32,49,11.199999809265137,10.0,118.36363983154297,49.573638916015625,7,55359,9,81662400,0.7810000000026776,32
553592416,31,48,11.199999809265137,10.0,117.16364288330078,48.96764373779297,7,55360,9,81662400,0.7810000000026776,31
553602415,31,48,11.199999809265137,10.0,115.9636459350586,48.36164093017578,7,55361,9,81662400,0.9060000000026776,31
553612416,31,47,11.272727012634277,10.0,114.69091796875,47.10073471069336,7,55362,9,81662400,0.9060000000026776,31
553622416,31,45,11.345454216003418,10.0,113.34546661376953,45.8031005859375,7,55363,9,81662400,0.9060000000026776,31
553632415,30,46,11.199999809265137,10.0,112.14546966552734,46.43346405029297,7,55364,9,81662400,0.9060000000026776,30
553642415,30,46,11.127272605895996,10.0,111.01819610595703,46.48237228393555,7,55365,9,81662400,0.9060000000026776,30
553652416,30,46,11.054545402526855,10.0,109.96365356445312,46.56800842285156,7,55366,9,81662400,0.9060000000026776,30
553662416,30,46,10.981818199157715,10.0,108.9818344116211,46.690372467041016,7,55367,9,81662400,0.9060000000026776,30
553672416,31,46,10.981818199157715,10.0,108.00001525878906,46.19455337524414,7,55368,9,81662400,0.9060000000026776,31
553682416,30,45,10.981818199157715,10.0,107.01819610595703,45.698734283447266,7,55369,9,81662400,0.9060000000026776,30
553692416,31,44,11.054545402526855,10.0,105.96365356445312,44.548011779785156,7,55370,9,81662400,0.9060000000026776,31
553702416,30,44,11.054545402526855,10.0,104.90911102294922,44.015464782714844,7,55371,9,81662400,0.9060000000026776,30
553712416,30,43,11.054545402526855,10.0,103.85456848144531,43.48291778564453,7,55372,9,81662400,0.9060000000026776,30
553722416,29,44,10.909090995788574,10.0,102.94548034667969,44.260196685791016,7,55373,9,81662400,0.9060000000026776,29
553732416,29,44,10.836363792419434,10.0,102.10911560058594,44.45600891113281,7,55374,9,81662400,0.9060000000026776,29
553742416,30,44,10.763636589050293,10.0,101.3454818725586,44.68855667114258,7,55375,9,81662400,0.9060000000026776,30
553752415,28,45,10.618182182312012,10.0,100.72730255126953,45.61273956298828,7,55376,9,81662400,0.9060000000026776,28
553762415,29,45,10.545454978942871,10.0,100.18184661865234,45.95546340942383,7,55377,9,81662400,1.014999999999418,29
553772416,30,45,10.618182182312012,10.0,99.56366729736328,45.02510452270508,7,55378,9,81662400,1.014999999999418,30
553782415,29,44,10.618182182312012,10.0,98.94548797607422,44.71292495727539,7,55379,9,81662400,1.014999999999418,29
553792415,29,45,10.545454978942871,10.0,98.40003204345703,45.05564880371094,7,55380,9,81662400,1.014999999999418,29
553802415,29,44,10.618182182312012,10.0,97.78185272216797,44.12528991699219,7,55381,9,81662400,1.014999999999418,29
553812416,30,43,10.690909385681152,10.0,97.0909423828125,43.15819549560547,7,55382,9,81662400,1.014999999999418,30
553822415,28,44,10.545454978942871,10.0,96.54548645019531,44.119102478027344,7,55383,9,81662400,1.014999999999418,28
553832415,28,44,10.472726821899414,10.0,96.07276153564453,44.498565673828125,7,55384,9,81662400,1.014999999999418,28
553842415,28,44,10.399999618530273,10.0,95.67276000976562,44.91474533081055,7,55385,9,81662400,1.125,28
553852415,29,44,10.399999618530273,10.0,95.27275848388672,44.712745666503906,7,55386,9,81662400,1.125,29
553862415,28,45,10.254545211791992,10.0,95.0182113647461,45.820560455322266,7,55387,9,81662400,1.125,28
553872415,27,46,10.181818008422852,10.0,94.83639526367188,46.346927642822266,7,55388,9,81662400,1.125,27
553882416,28,46,10.181818008422852,10.0,94.65457916259766,46.25511169433594,7,55389,9,81662400,1.125,28
553892415,28,46,10.181818008422852,10.0,94.47276306152344,46.163291931152344,7,55390,9,81662400,1.125,28
553902416,28,46,10.109090805053711,10.0,94.3636703491211,46.72637939453125,7,55391,9,81662400,1.125,28
553912416,28,46,10.109090805053711,10.0,94.25457763671875,46.671287536621094,7,55392,9,81662400,1.125,28
553922415,28,45,10.181818008422852,10.0,94.07276153564453,45.9612922668457,7,55393,9,81662400,1.2179999999934807,28
553932415,28,45,10.181818008422852,10.0,93.89094543457031,45.869476318359375,7,55394,9,81662400,1.2179999999934807,28
553942416,27,46,10.109090805053711,10.0,93.78185272216797,46.43256378173828,7,55395,9,81662400,1.2179999999934807,27
553952415,27,47,10.03636360168457,10.0,93.74549102783203,47.03238296508789,7,55396,9,81662400,1.2179999999934807,27
553962416,27,47,9.96363639831543,10.0,93.78185272216797,47.66892623901367,7,55397,9,81662400,1.2179999999934807,27
553972416,28,47,9.96363639831543,10.0,93.8182144165039,47.687286376953125,7,55398,9,81662400,1.2179999999934807,28
553982415,27,48,9.890909194946289,10.0,93.92730712890625,48.36056137084961,7,55399,9,81662400,1.2179999999934807,27
553992416,28,47,9.96363639831543,10.0,93.96366882324219,47.7607421875,7,55400,9,81662400,1.2179999999934807,28
554002415,28,47,10.03636360168457,10.0,93.92730712890625,47.12419891357422,7,55401,9,81662400,1.2179999999934807,28
554012416,28,46,10.109090805053711,10.0,93.8182144165039,46.450923919677734,7,55402,9,81662400,1.2179999999934807,28
554022416,28,46,10.109090805053711,10.0,93.70912170410156,46.39583206176758,7,55403,9,81662400,1.2179999999934807,28
554032416,27,46,10.109090805053711,10.0,93.60002899169922,46.34074020385742,7,55404,9,81662400,1.2179999999934807,27
554042415,28,46,10.109090805053711,10.0,93.49093627929688,46.285648345947266,7,55405,9,81662400,1.2179999999934807,28
554052415,27,46,10.03636360168457,10.0,93.45457458496094,46.88547134399414,7,55406,9,81662400,1.2179999999934807,27
554062416,27,47,9.96363639831543,10.0,93.49093627929688,47.522010803222656,7,55407,9,81662400,1.2179999999934807,27
554072416,27,48,9.890909194946289,10.0,93.60002899169922,48.19528579711914,7,55408,9,81662400,1.2179999999934807,27
554082416,28,47,9.96363639831543,10.0,93.63639068603516,47.59546661376953,7,55409,9,81662400,1.3279999999940628,28
554092415,27,48,9.890909194946289,10.0,93.7454833984375,48.268741607666016,7,55410,9,81662400,1.3279999999940628,27
554102415,27,48,9.890909194946289,10.0,93.85457611083984,48.32383346557617,7,55411,9,81662400,1.3279999999940628,27
554112415,27,48,9.890909194946289,10.0,93.96366882324219,48.37892532348633,7,55412,9,81662400,1.3279999999940628,27
554122415,27,48,9.890909194946289,10.0,94.07276153564453,48.434017181396484,7,55413,9,81662400,1.3279999999940628,27
554132415,28,48,9.890909194946289,10.0,94.18185424804688,48.48910903930664,7,55414,9,81662400,1.3279999999940628,28
554142415,26,49,9.818181991577148,10.0,94.3636703491211,49.19910430908203,7,55415,9,81662400,1.3279999999940628,26
554152416,27,49,9.818181991577148,10.0,94.54548645019531,49.290924072265625,7,55416,9,81662400,1.3279999999940628,27
554162416,27,49,9.818181991577148,10.0,94.72730255126953,49.38274002075195,7,55417,9,81662400,1.437000000005355,27
554172415,28,48,9.890909194946289,10.0,94.83639526367188,48.81965255737305,7,55418,9,81662400,1.437000000005355,28
554182416,27,49,9.818181991577148,10.0,95.0182113647461,49.52964782714844,7,55419,9,81662400,1.437000000005355,27
554192415,27,48,9.890909194946289,10.0,95.12730407714844,48.96656036376953,7,55420,9,81662400,1.437000000005355,27
554202415,27,49,9.890909194946289,10.0,95.23639678955078,49.02165222167969,7,55421,9,81662400,1.437000000005355,27
554212415,27,49,9.890909194946289,10.0,95.34548950195312,49.076744079589844,7,55422,9,81662400,1.437000000005355,27
554222416,26,50,9.745454788208008,10.0,95.60003662109375,50.441654205322266,7,55423,9,81662400,1.437000000005355,26
554232416,27,50,9.745454788208008,10.0,95.85458374023438,50.57019805908203,7,55424,9,81662400,1.437000000005355,27
554242416,27,50,9.745454788208008,10.0,96.109130859375,50.69874572753906,7,55425,9,81662400,1.5460000000020955,27
554252416,28,50,9.818181991577148,10.0,96.29094696044922,50.17237854003906,7,55426,9,81662400,1.5460000000020955,28
554262416,26,50,9.745454788208008,10.0,96.54549407958984,50.91910934448242,7,55427,9,81662400,1.5460000000020955,26
554272416,27,50,9.818181991577148,10.0,96.72731018066406,50.39274215698242,7,55428,9,81662400,1.5460000000020955,27
554282415,28,49,9.890909194946289,10.0,96.8364028930664,49.829654693603516,7,55429,9,81662400,1.5460000000020955,28
554292415,27,49,9.890909194946289,10.0,96.94549560546875,49.88474655151367,7,55430,9,81662400,1.5460000000020955,27
554302415,28,49,9.890909194946289,10.0,97.0545883178711,49.93983840942383,7,55431,9,81662400,1.5460000000020955,28
554312416,27,49,9.96363639831543,10.0,97.09095001220703,49.34001922607422,7,55432,9,81662400,1.5460000000020955,27
554322415,26,50,9.890909194946289,10.0,97.20004272460938,50.0132942199707,7,55433,9,81662400,1.6560000000026776,26
554332416,27,50,9.818181991577148,10.0,97.3818588256836,50.723289489746094,7,55434,9,81662400,1.6560000000026776,27
554342416,26,51,9.745454788208008,10.0,97.63640594482422,51.47002029418945,7,55435,9,81662400,1.6560000000026776,26
554352416,27,52,9.672727584838867,10.0,97.96367645263672,52.25347137451172,7,55436,9,81662400,1.6560000000026776,27
554362416,27,52,9.672727584838867,10.0,98.29094696044922,52.41874313354492,7,55437,9,81662400,1.6560000000026776,27
554372416,28,51,9.818181991577148,10.0,98.47276306152344,51.27419662475586,7,55438,9,81662400,1.6560000000026776,28
554382415,28,50,9.890909194946289,10.0,98.58185577392578,50.71110916137695,7,55439,9,81662400,1.6560000000026776,28
554392415,28,49,10.03636360168457,10.0,98.54549407958984,49.456382751464844,7,55440,9,81662400,1.6560000000026776,28
554402417,28,48,10.109090805053711,10.0,98.4364013671875,48.78310775756836,7,55441,9,81662400,1.6560000000026776,28
554412415,28,48,10.181818008422852,10.0,98.25458526611328,48.07311248779297,7,55442,9,81662400,1.6560000000026776,28
554422416,28,47,10.181818008422852,10.0,98.07276916503906,47.98129653930664,7,55443,9,81662400,1.6560000000026776,28
554432416,27,48,10.109090805053711,10.0,97.96367645263672,48.54438400268555,7,55444,9,81662400,1.6560000000026776,27
554442415,27,49,10.03636360168457,10.0,97.92731475830078,49.144203186035156,7,55445,9,81662400,1.6560000000026776,27
554452416,27,49,9.96363639831543,10.0,97.96367645263672,49.78074645996094,7,55446,9,81662400,1.6560000000026776,27
554462415,27,50,9.890909194946289,10.0,98.07276916503906,50.45402145385742,7,55447,9,81662400,1.6560000000026776,27
554472415,28,50,9.890909194946289,10.0,98.1818618774414,50.50911331176758,7,55448,9,81662400,1.6560000000026776,28
554482416,28,49,9.96363639831543,10.0,98.21822357177734,49.9092903137207,7,55449,9,81662400,1.764999999999418,28
554492415,28,49,10.03636360168457,10.0,98.1818618774414,49.27275085449219,7,55450,9,81662400,1.764999999999418,28
554502416,26,49,9.96363639831543,10.0,98.21822357177734,49.9092903137207,7,55451,9,81662400,1.764999999999418,26
554512416,27,49,9.96363639831543,10.0,98.25458526611328,49.92765426635742,7,55452,9,81662400,1.764999999999418,27
554522415,27,50,9.890909194946289,10.0,98.36367797851562,50.600929260253906,7,55453,9,81662400,1.764999999999418,27
554532416,25,52,9.672727584838867,10.0,98.69094848632812,52.62074279785156,7,55454,9,81662400,1.764999999999418,25
554542416,27,53,9.600000381469727,10.0,99.09095001220703,53.44092559814453,7,55455,9,81662400,1.764999999999418,27
554552416,28,52,9.745454788208008,10.0,99.34549713134766,52.33311080932617,7,55456,9,81662400,1.764999999999418,28
554562416,28,51,9.818181991577148,10.0,99.52731323242188,51.80674362182617,7,55457,9,81662400,1.8589999999967404,28
554572415,28,51,9.890909194946289,10.0,99.63640594482422,51.243656158447266,7,55458,9,81662400,1.8589999999967404,28
554582416,28,49,10.109090805053711,10.0,99.52731323242188,49.33401870727539,7,55459,9,81662400,1.8589999999967404,28
554592415,28,48,10.181818008422852,10.0,99.34549713134766,48.6240234375,7,55460,9,81662400,1.8589999999967404,28
554602415,28,48,10.181818008422852,10.0,99.16368103027344,48.53220748901367,7,55461,9,81662400,1.8589999999967404,28
554612416,27,49,10.109090805053711,10.0,99.0545883178711,49.09529495239258,7,55462,9,81662400,1.8589999999967404,27
554622415,27,49,10.03636360168457,10.0,99.01822662353516,49.69511413574219,7,55463,9,81662400,1.8589999999967404,27
554632415,28,49,10.03636360168457,10.0,98.98186492919922,49.67675018310547,7,55464,9,81662400,1.8589999999967404,28
554642416,27,50,9.96363639831543,10.0,99.01822662353516,50.31329345703125,7,55465,9,81662400,1.9679999999934807,27
554652415,27,50,9.890909194946289,10.0,99.1273193359375,50.986568450927734,7,55466,9,81662400,1.9679999999934807,27
554662416,28,50,9.96363639831543,10.0,99.16368103027344,50.386749267578125,7,55467,9,81662400,1.9679999999934807,28
554672415,28,49,10.03636360168457,10.0,99.1273193359375,49.750205993652344,7,55468,9,81662400,1.9679999999934807,28
554682415,26,51,9.890909194946289,10.0,99.23641204833984,51.04166030883789,7,55469,9,81662400,1.9679999999934807,26
554692416,26,51,9.818181991577148,10.0,99.41822814941406,51.75165557861328,7,55470,9,81662400,1.9679999999934807,26
554702415,28,51,9.890909194946289,10.0,99.5273208618164,51.188568115234375,7,55471,9,81662400,1.9679999999934807,28
554712415,28,51,9.890909194946289,10.0,99.63641357421875,51.24365997314453,7,55472,9,81662400,1.9679999999934807,28
554722415,28,51,9.890909194946289,10.0,99.7455062866211,51.29875183105469,7,55473,9,81662400,1.9679999999934807,28
554732416,28,50,10.03636360168457,10.0,99.70914459228516,50.044029235839844,7,55474,9,81662400,1.9679999999934807,28
554742416,28,48,10.181818008422852,10.0,99.52732849121094,48.71584701538086,7,55475,9,81662400,1.9679999999934807,28
554752415,28,48,10.181818008422852,10.0,99.34551239013672,48.62403106689453,7,55476,9,81662400,1.9679999999934807,28
554762415,29,47,10.254545211791992,10.0,99.0909652709961,47.87730026245117,7,55477,9,81662400,1.9679999999934807,29
554772415,28,47,10.254545211791992,10.0,98.83641815185547,47.748756408691406,7,55478,9,81662400,1.9679999999934807,28
554782415,28,47,10.254545211791992,10.0,98.58187103271484,47.620208740234375,7,55479,9,81662400,1.9679999999934807,28
554792415,27,48,10.181818008422852,10.0,98.40005493164062,48.146575927734375,7,55480,9,81662400,1.9679999999934807,27
554802415,28,48,10.181818008422852,10.0,98.2182388305664,48.05475616455078,7,55481,9,81662400,2.077999999994063,28
554812416,28,48,10.109090805053711,10.0,98.10914611816406,48.61784362792969,7,55482,9,81662400,2.077999999994063,28
554822416,27,49,10.03636360168457,10.0,98.07278442382812,49.21766662597656,7,55483,9,81662400,2.077999999994063,27
554832416,27,49,9.96363639831543,10.0,98.10914611816406,49.85420608520508,7,55484,9,81662400,2.077999999994063,27
554842415,26,50,9.890909194946289,10.0,98.2182388305664,50.52748107910156,7,55485,9,81662400,2.077999999994063,26
554852416,27,51,9.818181991577148,10.0,98.40005493164062,51.23748016357422,7,55486,9,81662400,2.077999999994063,27
554862416,28,51,9.818181991577148,10.0,98.58187103271484,51.32929611206055,7,55487,9,81662400,2.077999999994063,28
554872416,27,51,9.818181991577148,10.0,98.76368713378906,51.421112060546875,7,55488,9,81662400,2.077999999994063,27
554882415,28,50,9.890909194946289,10.0,98.8727798461914,50.85802459716797,7,55489,9,81662400,2.187000000005355,28
554892415,28,49,10.03636360168457,10.0,98.83641815185547,49.603302001953125,7,55490,9,81662400,2.187000000005355,28
554902415,27,49,10.03636360168457,10.0,98.80005645751953,49.584938049316406,7,55491,9,81662400,2.187000000005355,27
554912416,27,50,9.96363639831543,10.0,98.83641815185547,50.22148132324219,7,55492,9,81662400,2.187000000005355,27
554922415,28,49,10.03636360168457,10.0,98.80005645751953,49.584938049316406,7,55493,9,81662400,2.187000000005355,28
554932416,27,50,9.96363639831543,10.0,98.83641815185547,50.22148132324219,7,55494,9,81662400,2.187000000005355,27
554942415,27,50,9.890909194946289,10.0,98.94551086425781,50.89475631713867,7,55495,9,81662400,2.187000000005355,27
554952415,27,50,9.890909194946289,10.0,99.05460357666016,50.94984817504883,7,55496,9,81662400,2.187000000005355,27
554962415,27,51,9.890909194946289,10.0,99.1636962890625,51.004940032958984,7,55497,9,81662400,2.187000000005355,27
554972415,28,51,9.890909194946289,10.0,99.27278900146484,51.06003189086914,7,55498,9,81662400,2.187000000005355,28
554982416,28,50,9.96363639831543,10.0,99.30915069580078,50.460208892822266,7,55499,9,81662400,2.187000000005355,28
554992416,27,50,9.96363639831543,10.0,99.34551239013672,50.478572845458984,7,55500,9,81662400,2.187000000005355,27
555002416,26,51,9.890909194946289,10.0,99.45460510253906,51.15184783935547,7,55501,9,81662400,2.187000000005355,26
555012415,27,51,9.890909194946289,10.0,99.5636978149414,51.206939697265625,7,55502,9,81662400,2.187000000005355,27
555022415,28,51,9.890909194946289,10.0,99.67279052734375,51.26203155517578,7,55503,9,81662400,2.187000000005355,28
555032416,26,52,9.745454788208008,10.0,99.92733764648438,52.6269416809082,7,55504,9,81662400,2.187000000005355,26
555042416,27,52,9.745454788208008,10.0,100.181884765625,52.75548553466797,7,55505,9,81662400,2.2960000000020955,27
555052416,28,51,9.890909194946289,10.0,100.29097747802734,51.574214935302734,7,55506,9,81662400,2.2960000000020955,28
555062416,28,50,9.96363639831543,10.0,100.32733917236328,50.974395751953125,7,55507,9,81662400,2.2960000000020955,28
555072415,29,50,10.03636360168457,10.0,100.29097747802734,50.337852478027344,7,55508,9,81662400,2.2960000000020955,29
555082416,28,49,10.181818008422852,10.0,100.10916137695312,49.009674072265625,7,55509,9,81662400,2.2960000000020955,28
555092415,27,48,10.181818008422852,10.0,99.9273452758789,48.9178581237793,7,55510,9,81662400,2.2960000000020955,27
555102416,27,49,10.109090805053711,10.0,99.81825256347656,49.4809455871582,7,55511,9,81662400,2.2960000000020955,27
555112416,28,49,10.109090805053711,10.0,99.70915985107422,49.42585372924805,7,55512,9,81662400,2.2960000000020955,28
555122416,27,50,9.96363639831543,10.0,99.74552154541016,50.68057632446289,7,55513,9,81662400,2.4060000000026776,27
555132416,27,51,9.890909194946289,10.0,99.8546142578125,51.353851318359375,7,55514,9,81662400,2.4060000000026776,27
555142416,28,50,9.96363639831543,10.0,99.89097595214844,50.754032135009766,7,55515,9,81662400,2.4060000000026776,28
555152415,28,50,10.03636360168457,10.0,99.8546142578125,50.117488861083984,7,55516,9,81662400,2.4060000000026776,28
555162415,28,50,10.03636360168457,10.0,99.81825256347656,50.09912872314453,7,55517,9,81662400,2.4060000000026776,28
555172416,28,49,10.109090805053711,10.0,99.70915985107422,49.42585372924805,7,55518,9,81662400,2.4060000000026776,28
555182415,28,48,10.181818008422852,10.0,99.52734375,48.71585464477539,7,55519,9,81662400,2.4060000000026776,28
555192416,28,48,10.181818008422852,10.0,99.34552764892578,48.62403869628906,7,55520,9,81662400,2.4060000000026776,28
555202415,28,48,10.181818008422852,10.0,99.16371154785156,48.532222747802734,7,55521,9,81662400,2.5,28
555212416,28,48,10.181818008422852,10.0,98.98189544677734,48.44040298461914,7,55522,9,81662400,2.5,28
555222415,29,47,10.254545211791992,10.0,98.72734832763672,47.69367599487305,7,55523,9,81662400,2.5,29
555232415,27,48,10.181818008422852,10.0,98.5455322265625,48.22003936767578,7,55524,9,81662400,2.5,27
555242416,27,48,10.109090805053711,10.0,98.43643951416016,48.78312683105469,7,55525,9,81662400,2.5,27
555252415,27,49,10.03636360168457,10.0,98.40007781982422,49.38294982910156,7,55526,9,81662400,2.5,27
555262416,27,50,9.96363639831543,10.0,98.43643951416016,50.01948928833008,7,55527,9,81662400,2.5,27
555272416,27,51,9.818181991577148,10.0,98.61825561523438,51.34767150878906,7,55528,9,81662400,2.5,27
555282415,28,50,9.890909194946289,10.0,98.72734832763672,50.784584045410156,7,55529,9,81662400,2.5,28
555292415,27,50,9.890909194946289,10.0,98.83644104003906,50.83967590332031,7,55530,9,81662400,2.5,27
555302415,27,50,9.890909194946289,10.0,98.9455337524414,50.89476776123047,7,55531,9,81662400,2.5,27
555312416,28,50,9.96363639831543,10.0,98.98189544677734,50.294944763183594,7,55532,9,81662400,2.5,28
555322415,28,49,10.03636360168457,10.0,98.9455337524414,49.65840530395508,7,55533,9,81662400,2.5,28
555332416,27,50,9.96363639831543,10.0,98.98189544677734,50.294944763183594,7,55534,9,81662400,2.5,27
555342416,27,50,9.96363639831543,10.0,99.01825714111328,50.31330871582031,7,55535,9,81662400,2.5,27
555352415,28,49,10.03636360168457,10.0,98.98189544677734,49.67676544189453,7,55536,9,81662400,2.5,28
555362415,28,49,10.03636360168457,10.0,98.9455337524414,49.65840530395508,7,55537,9,81662400,2.6089999999967404,28
555372415,28,49,10.03636360168457,10.0,98.90917205810547,49.64004135131836,7,55538,9,81662400,2.6089999999967404,28
555382416,28,48,10.109090805053711,10.0,98.80007934570312,48.966766357421875,7,55539,9,81662400,2.6089999999967404,28
555392416,28,48,10.181818008422852,10.0,98.6182632446289,48.256771087646484,7,55540,9,81662400,2.6089999999967404,28
555402415,28,48,10.181818008422852,10.0,98.43644714355469,48.16495132446289,7,55541,9,81662400,2.6089999999967404,28
555412415,28,48,10.181818008422852,10.0,98.25463104248047,48.07313537597656,7,55542,9,81662400,2.6089999999967404,28
555422416,27,48,10.109090805053711,10.0,98.14553833007812,48.63622283935547,7,55543,9,81662400,2.6089999999967404,27
555432415,27,49,10.03636360168457,10.0,98.10917663574219,49.236045837402344,7,55544,9,81662400,2.6089999999967404,27
555442415,28,49,10.03636360168457,10.0,98.07281494140625,49.217681884765625,7,55545,9,81662400,2.7179999999934807,28
555452416,27,49,9.96363639831543,10.0,98.10917663574219,49.854225158691406,7,55546,9,81662400,2.7179999999934807,27
555462415,27,50,9.890909194946289,10.0,98.21826934814453,50.52750015258789,7,55547,9,81662400,2.7179999999934807,27
555472415,27,50,9.890909194946289,10.0,98.32736206054688,50.58259201049805,7,55548,9,81662400,2.7179999999934807,27
555482415,27,50,9.890909194946289,10.0,98.43645477294922,50.6376838684082,7,55549,9,81662400,2.7179999999934807,27
555492415,28,50,9.890909194946289,10.0,98.54554748535156,50.692771911621094,7,55550,9,81662400,2.7179999999934807,28
555502416,28,50,9.96363639831543,10.0,98.5819091796875,50.092952728271484,7,55551,9,81662400,2.7179999999934807,28
555512415,28,49,10.03636360168457,10.0,98.54554748535156,49.4564094543457,7,55552,9,81662400,2.7179999999934807,28
555522415,29,48,10.181818008422852,10.0,98.36373138427734,48.128231048583984,7,55553,9,81662400,2.827999999994063,29
555532415,29,46,10.327272415161133,10.0,98.03646087646484,46.72659683227539,7,55554,9,81662400,2.827999999994063,29
555542415,28,46,10.327272415161133,10.0,97.70919036865234,46.56132507324219,7,55555,9,81662400,2.827999999994063,28
555552415,28,46,10.327272415161133,10.0,97.38191986083984,46.396053314208984,7,55556,9,81662400,2.827999999994063,28
555562415,28,46,10.327272415161133,10.0,97.05464935302734,46.23078155517578,7,55557,9,81662400,2.827999999994063,28
555572415,27,47,10.181818008422852,10.0,96.87283325195312,47.375328063964844,7,55558,9,81662400,2.827999999994063,27
555582415,27,48,10.03636360168457,10.0,96.83647155761719,48.593326568603516,7,55559,9,81662400,2.827999999994063,27
555592415,28,48,10.03636360168457,10.0,96.80010986328125,48.57496643066406,7,55560,9,81662400,2.827999999994063,28
555602416,27,49,9.96363639831543,10.0,96.83647155761719,49.21150588989258,7,55561,9,81662400,2.827999999994063,27
555612416,28,49,9.96363639831543,10.0,96.87283325195312,49.2298698425293,7,55562,9,81662400,2.827999999994063,28
555622416,27,49,9.96363639831543,10.0,96.90919494628906,49.248233795166016,7,55563,9,81662400,2.827999999994063,27
555632416,27,49,9.96363639831543,10.0,96.945556640625,49.26659393310547,7,55564,9,81662400,2.827999999994063,27
555642415,27,49,9.890909194946289,10.0,97.05464935302734,49.93986892700195,7,55565,9,81662400,2.827999999994063,27
555652416,28,49,9.96363639831543,10.0,97.09101104736328,49.340049743652344,7,55566,9,81662400,2.827999999994063,28
555662416,28,49,9.96363639831543,10.0,97.12737274169922,49.35841369628906,7,55567,9,81662400,2.827999999994063,28
555672415,28,48,10.03636360168457,10.0,97.09101104736328,48.72187042236328,7,55568,9,81662400,2.827999999994063,28
555682416,28,48,10.109090805053711,10.0,96.98191833496094,48.0485954284668,7,55569,9,81662400,2.937000000005355,28
555692415,28,47,10.181818008422852,10.0,96.80010223388672,47.338600158691406,7,55570,9,81662400,2.937000000005355,28
555702416,27,47,10.109090805053711,10.0,96.69100952148438,47.90168762207031,7,55571,9,81662400,2.937000000005355,27
555712415,27,48,10.03636360168457,10.0,96.65464782714844,48.50150680541992,7,55572,9,81662400,2.937000000005355,27
555722415,28,48,10.03636360168457,10.0,96.6182861328125,48.4831428527832,7,55573,9,81662400,2.937000000005355,28
555732416,27,49,9.96363639831543,10.0,96.65464782714844,49.119686126708984,7,55574,9,81662400,2.937000000005355,27
555742415,27,49,9.890909194946289,10.0,96.76374053955078,49.79296112060547,7,55575,9,81662400,2.937000000005355,27
555752416,28,49,9.96363639831543,10.0,96.80010223388672,49.19314193725586,7,55576,9,81662400,2.937000000005355,28
555762415,28,48,10.03636360168457,10.0,96.76374053955078,48.55659866333008,7,55577,9,81662400,3.0310000000026776,28
555772416,27,49,9.96363639831543,10.0,96.80010223388672,49.19314193725586,7,55578,9,81662400,3.0310000000026776,27
555782416,27,49,9.96363639831543,10.0,96.83646392822266,49.21150207519531,7,55579,9,81662400,3.0310000000026776,27
555792415,28,48,10.03636360168457,10.0,96.80010223388672,48.5749626159668,7,55580,9,81662400,3.0310000000026776,28
555802415,28,48,10.03636360168457,10.0,96.76374053955078,48.55659866333008,7,55581,9,81662400,3.0310000000026776,28
555812415,28,48,10.03636360168457,10.0,96.72737884521484,48.53823471069336,7,55582,9,81662400,3.0310000000026776,28
555822415,27,48,10.03636360168457,10.0,96.6910171508789,48.519874572753906,7,55583,9,81662400,3.0310000000026776,27
555832415,27,48,10.03636360168457,10.0,96.65465545654297,48.50151062011719,7,55584,9,81662400,3.0310000000026776,27
555842416,27,49,9.96363639831543,10.0,96.6910171508789,49.13805389404297,7,55585,9,81662400,3.139999999999418,27
555852415,27,49,9.890909194946289,10.0,96.80010986328125,49.81132888793945,7,55586,9,81662400,3.139999999999418,27
555862416,27,50,9.818181991577148,10.0,96.98192596435547,50.521324157714844,7,55587,9,81662400,3.139999999999418,27
555872415,28,49,9.890909194946289,10.0,97.09101867675781,49.95823669433594,7,55588,9,81662400,3.139999999999418,28
555882416,28,49,9.96363639831543,10.0,97.12738037109375,49.35841751098633,7,55589,9,81662400,3.139999999999418,28
555892415,28,48,10.03636360168457,10.0,97.09101867675781,48.72187423706055,7,55590,9,81662400,3.139999999999418,28
555902415,27,48,10.03636360168457,10.0,97.05465698242188,48.70351028442383,7,55591,9,81662400,3.139999999999418,27
555912416,28,48,10.109090805053711,10.0,96.94556427001953,48.030235290527344,7,55592,9,81662400,3.139999999999418,28
555922416,26,49,9.96363639831543,10.0,96.98192596435547,49.28496170043945,7,55593,9,81662400,3.139999999999418,26
555932416,28,49,9.96363639831543,10.0,97.0182876586914,49.30332565307617,7,55594,9,81662400,3.139999999999418,28
555942416,28,49,9.96363639831543,10.0,97.05464935302734,49.321685791015625,7,55595,9,81662400,3.139999999999418,28
555952415,28,48,10.03636360168457,10.0,97.0182876586914,48.68514633178711,7,55596,9,81662400,3.139999999999418,28
555962416,28,48,10.03636360168457,10.0,96.98192596435547,48.66678237915039,7,55597,9,81662400,3.139999999999418,28
555972416,27,47,10.109090805053711,10.0,96.87283325195312,47.993507385253906,7,55598,9,81662400,3.139999999999418,27
555982416,28,47,10.109090805053711,10.0,96.76374053955078,47.93841552734375,7,55599,9,81662400,3.139999999999418,28
555992415,27,48,10.03636360168457,10.0,96.72737884521484,48.53823471069336,7,55600,9,81662400,3.139999999999418,27
556002415,28,48,10.03636360168457,10.0,96.6910171508789,48.519874572753906,7,55601,9,81662400,3.25,28
556012415,28,48,10.03636360168457,10.0,96.65465545654297,48.50151062011719,7,55602,9,81662400,3.25,28
556022415,27,48,10.03636360168457,10.0,96.61829376220703,48.48314666748047,7,55603,9,81662400,3.25,27
556032416,26,49,9.890909194946289,10.0,96.72738647460938,49.774600982666016,7,55604,9,81662400,3.25,26
556042415,27,49,9.890909194946289,10.0,96.83647918701172,49.82969284057617,7,55605,9,81662400,3.25,27
556052415,28,49,9.890909194946289,10.0,96.94557189941406,49.88478469848633,7,55606,9,81662400,3.25,28
556062416,27,50,9.818181991577148,10.0,97.12738800048828,50.594783782958984,7,55607,9,81662400,3.25,27
556072415,28,50,9.890909194946289,10.0,97.23648071289062,50.03169631958008,7,55608,9,81662400,3.25,28
556082415,28,48,10.03636360168457,10.0,97.20011901855469,48.77696990966797,7,55609,9,81662400,3.3589999999967404,28
556092415,27,48,10.03636360168457,10.0,97.16375732421875,48.75860595703125,7,55610,9,81662400,3.3589999999967404,27
556102415,28,48,10.03636360168457,10.0,97.12739562988281,48.7402458190918,7,55611,9,81662400,3.3589999999967404,28
556112415,27,48,10.03636360168457,10.0,97.09103393554688,48.72188186645508,7,55612,9,81662400,3.3589999999967404,27
556122415,28,48,10.03636360168457,10.0,97.05467224121094,48.70351791381836,7,55613,9,81662400,3.3589999999967404,28
556132416,27,49,9.96363639831543,10.0,97.09103393554688,49.34006118774414,7,55614,9,81662400,3.3589999999967404,27
556142415,28,48,10.03636360168457,10.0,97.05467224121094,48.70351791381836,7,55615,9,81662400,3.3589999999967404,28
556152415,28,48,10.03636360168457,10.0,97.018310546875,48.685157775878906,7,55616,9,81662400,3.3589999999967404,28
556162415,27,48,10.03636360168457,10.0,96.98194885253906,48.66679382324219,7,55617,9,81662400,3.4839999999967404,27
556172416,27,49,9.96363639831543,10.0,97.018310546875,49.30333709716797,7,55618,9,81662400,3.4839999999967404,27
556182416,26,49,9.890909194946289,10.0,97.12740325927734,49.97661209106445,7,55619,9,81662400,3.4839999999967404,26
556192415,28,50,9.890909194946289,10.0,97.23649597167969,50.03170394897461,7,55620,9,81662400,3.4839999999967404,28
556202415,28,50,9.890909194946289,10.0,97.34558868408203,50.086795806884766,7,55621,9,81662400,3.4839999999967404,28
556212415,27,50,9.890909194946289,10.0,97.45468139648438,50.14188766479492,7,55622,9,81662400,3.4839999999967404,27
556222415,27,50,9.890909194946289,10.0,97.56377410888672,50.19697952270508,7,55623,9,81662400,3.4839999999967404,27
556232415,26,50,9.890909194946289,10.0,97.67286682128906,50.252071380615234,7,55624,9,81662400,3.4839999999967404,26
556242415,28,50,9.890909194946289,10.0,97.7819595336914,50.30716323852539,7,55625,9,81662400,3.4839999999967404,28
556252415,28,50,9.890909194946289,10.0,97.89105224609375,50.36225509643555,7,55626,9,81662400,3.4839999999967404,28
556262415,27,50,9.890909194946289,10.0,98.0001449584961,50.4173469543457,7,55627,9,81662400,3.4839999999967404,27
556272416,28,49,9.96363639831543,10.0,98.03650665283203,49.81752395629883,7,55628,9,81662400,3.4839999999967404,28
556282416,28,48,10.109090805053711,10.0,97.92741394042969,48.52606964111328,7,55629,9,81662400,3.4839999999967404,28
556292415,29,47,10.181818008422852,10.0,97.74559783935547,47.81607437133789,7,55630,9,81662400,3.4839999999967404,29
556302415,28,47,10.181818008422852,10.0,97.56378173828125,47.72425842285156,7,55631,9,81662400,3.4839999999967404,28
556312415,27,47,10.181818008422852,10.0,97.38196563720703,47.63243865966797,7,55632,9,81662400,3.4839999999967404,27
556322415,26,48,10.03636360168457,10.0,97.3456039428711,48.850440979003906,7,55633,9,81662400,3.5929999999934807,26
556332416,27,49,9.96363639831543,10.0,97.38196563720703,49.48698043823242,7,55634,9,81662400,3.5929999999934807,27
556342416,28,50,9.890909194946289,10.0,97.49105834960938,50.160255432128906,7,55635,9,81662400,3.5929999999934807,28
556352416,27,50,9.818181991577148,10.0,97.6728744506836,50.87025451660156,7,55636,9,81662400,3.5929999999934807,27
556362415,28,50,9.890909194946289,10.0,97.78196716308594,50.307167053222656,7,55637,9,81662400,3.5929999999934807,28
556372416,27,49,9.96363639831543,10.0,97.81832885742188,49.70734405517578,7,55638,9,81662400,3.5929999999934807,27
556382415,28,49,10.03636360168457,10.0,97.78196716308594,49.070804595947266,7,55639,9,81662400,3.5929999999934807,28
556392416,27,49,9.96363639831543,10.0,97.81832885742188,49.70734405517578,7,55640,9,81662400,3.5929999999934807,27
556402416,27,49,9.96363639831543,10.0,97.85469055175781,49.7257080078125,7,55641,9,81662400,3.702999999994063,27
556412416,28,49,9.96363639831543,10.0,97.89105224609375,49.74407196044922,7,55642,9,81662400,3.702999999994063,28
556422415,28,49,10.03636360168457,10.0,97.85469055175781,49.10752868652344,7,55643,9,81662400,3.702999999994063,28
556432416,27,49,9.96363639831543,10.0,97.89105224609375,49.74407196044922,7,55644,9,81662400,3.702999999994063,27
556442416,27,49,9.96363639831543,10.0,97.92741394042969,49.76243209838867,7,55645,9,81662400,3.702999999994063,27
556452415,26,50,9.890909194946289,10.0,98.03650665283203,50.435707092285156,7,55646,9,81662400,3.702999999994063,26
556462415,28,50,9.890909194946289,10.0,98.14559936523438,50.49079895019531,7,55647,9,81662400,3.702999999994063,28
556472415,28,50,9.890909194946289,10.0,98.25469207763672,50.54589080810547,7,55648,9,81662400,3.702999999994063,28
556482416,28,49,9.96363639831543,10.0,98.29105377197266,49.94607162475586,7,55649,9,81662400,3.812000000005355,28
556492416,27,49,9.96363639831543,10.0,98.3274154663086,49.96443557739258,7,55650,9,81662400,3.812000000005355,27
556502415,27,49,10.03636360168457,10.0,98.29105377197266,49.3278923034668,7,55651,9,81662400,3.812000000005355,27
556512416,27,49,9.96363639831543,10.0,98.3274154663086,49.96443557739258,7,55652,9,81662400,3.812000000005355,27
556522415,27,50,9.890909194946289,10.0,98.43650817871094,50.63771057128906,7,55653,9,81662400,3.812000000005355,27
556532416,27,51,9.818181991577148,10.0,98.61832427978516,51.34770584106445,7,55654,9,81662400,3.812000000005355,27
556542416,27,51,9.818181991577148,10.0,98.80014038085938,51.43952178955078,7,55655,9,81662400,3.812000000005355,27
556552416,26,52,9.745454788208008,10.0,99.0546875,52.18625259399414,7,55656,9,81662400,3.812000000005355,26
556562416,27,52,9.745454788208008,10.0,99.30923461914062,52.314796447753906,7,55657,9,81662400,3.812000000005355,27
556572416,27,52,9.745454788208008,10.0,99.56378173828125,52.44334411621094,7,55658,9,81662400,3.812000000005355,27
556582416,28,51,9.818181991577148,10.0,99.74559783935547,51.91697692871094,7,55659,9,81662400,3.812000000005355,28
556592416,27,52,9.818181991577148,10.0,99.92741394042969,52.00879669189453,7,55660,9,81662400,3.812000000005355,27
556602416,28,50,9.96363639831543,10.0,99.96377563476562,50.790794372558594,7,55661,9,81662400,3.812000000005355,28
556612415,28,50,10.03636360168457,10.0,99.92741394042969,50.15425491333008,7,55662,9,81662400,3.812000000005355,28
556622416,28,49,10.109090805053711,10.0,99.81832122802734,49.480979919433594,7,55663,9,81662400,3.812000000005355,28
556632415,27,50,10.03636360168457,10.0,99.7819595336914,50.0807991027832,7,55664,9,81662400,3.812000000005355,27
556642416,26,50,9.96363639831543,10.0,99.81832122802734,50.717342376708984,7,55665,9,81662400,3.9060000000026776,26
556652415,27,51,9.890909194946289,10.0,99.92741394042969,51.39061737060547,7,55666,9,81662400,3.9060000000026776,27
556662416,27,52,9.818181991577148,10.0,100.1092300415039,52.10061264038086,7,55667,9,81662400,3.9060000000026776,27
556672416,24,54,9.527273178100586,10.0,100.58195495605469,54.81206512451172,7,55668,9,81662400,3.9060000000026776,24
556682415,28,54,9.600000381469727,10.0,100.9819564819336,54.3958854675293,7,55669,9,81662400,3.9060000000026776,28
556692415,26,54,9.600000381469727,10.0,101.3819580078125,54.59788513183594,7,55670,9,81662400,3.9060000000026776,26
556702416,26,55,9.527273178100586,10.0,101.85468292236328,55.45479202270508,7,55671,9,81662400,3.9060000000026776,26
556712416,27,55,9.527273178100586,10.0,102.32740783691406,55.69351577758789,7,55672,9,81662400,3.9060000000026776,27
556722415,25,55,9.600000381469727,10.0,102.72740936279297,55.277339935302734,7,55673,9,81662400,4.014999999999418,25
556732416,24,58,9.309090614318848,10.0,103.41831970214844,58.09897994995117,7,55674,9,81662400,4.014999999999418,24
556742415,26,58,9.309090614318848,10.0,104.1092300415039,58.44789123535156,7,55675,9,81662400,4.014999999999418,26
556752415,25,59,9.236363410949707,10.0,104.87286376953125,59.45170593261719,7,55676,9,81662400,4.014999999999418,25
556762415,25,61,9.090909004211426,10.0,105.78195190429688,61.14715576171875,7,55677,9,81662400,4.014999999999418,25
556772415,26,60,9.163636207580566,10.0,106.61831665039062,60.95134353637695,7,55678,9,81662400,4.014999999999418,26
556782415,26,60,9.309090614318848,10.0,107.3092269897461,60.06388854980469,7,55679,9,81662400,4.014999999999418,26
556792415,26,60,9.309090614318848,10.0,108.00013732910156,60.41279983520508,7,55680,9,81662400,4.014999999999418,26
556802416,26,60,9.381817817687988,10.0,108.61831665039062,60.10679626464844,7,55681,9,81662400,4.125,26
556812416,25,60,9.381817817687988,10.0,109.23649597167969,60.418975830078125,7,55682,9,81662400,4.125,25
556822416,26,60,9.381817817687988,10.0,109.85467529296875,60.73115921020508,7,55683,9,81662400,4.125,26
556832415,25,61,9.309090614318848,10.0,110.54558563232422,61.69824981689453,7,55684,9,81662400,4.125,25
556842415,26,62,9.309090614318848,10.0,111.23649597167969,62.04716110229492,7,55685,9,81662400,4.125,26
556852415,26,62,9.309090614318848,10.0,111.92740631103516,62.39606857299805,7,55686,9,81662400,4.125,26
556862416,28,60,9.527273178100586,10.0,112.40013122558594,60.780242919921875,7,55687,9,81662400,4.125,28
556872416,26,61,9.527273178100586,10.0,112.87285614013672,61.01897048950195,7,55688,9,81662400,4.125,26
556882416,26,60,9.600000381469727,10.0,113.27285766601562,60.60279083251953,7,55689,9,81662400,4.23399999999674,26
556892416,26,60,9.600000381469727,10.0,113.67285919189453,60.80479049682617,7,55690,9,81662400,4.23399999999674,26
556902416,27,60,9.672727584838867,10.0,114.00012969970703,60.35187911987305,7,55691,9,81662400,4.23399999999674,27
556912415,27,61,9.600000381469727,10.0,114.40013122558594,61.172061920166016,7,55692,9,81662400,4.23399999999674,27
556922416,28,60,9.745454788208008,10.0,114.65467834472656,60.064247131347656,7,55693,9,81662400,4.23399999999674,28
556932415,28,58,9.890909194946289,10.0,114.7637710571289,58.88297653198242,7,55694,9,81662400,4.23399999999674,28
556942415,28,57,10.03636360168457,10.0,114.72740936279297,57.62825012207031,7,55695,9,81662400,4.23399999999674,28
556952416,28,56,10.109090805053711,10.0,114.61831665039062,56.95497512817383,7,55696,9,81662400,4.23399999999674,28
556962415,28,56,10.181818008422852,10.0,114.4365005493164,56.24497985839844,7,55697,9,81662400,4.23399999999674,28
556972415,26,57,10.03636360168457,10.0,114.40013885498047,57.46297836303711,7,55698,9,81662400,4.23399999999674,26
556982416,27,58,9.96363639831543,10.0,114.4365005493164,58.09952163696289,7,55699,9,81662400,4.23399999999674,27
556992416,28,58,9.96363639831543,10.0,114.47286224365234,58.11788558959961,7,55700,9,81662400,4.23399999999674,28
557002415,27,58,9.890909194946289,10.0,114.58195495605469,58.791160583496094,7,55701,9,81662400,4.23399999999674,27
557012415,28,58,9.890909194946289,10.0,114.69104766845703,58.84625244140625,7,55702,9,81662400,4.23399999999674,28
557022416,29,56,10.109090805053711,10.0,114.58195495605469,56.936614990234375,7,55703,9,81662400,4.23399999999674,29
557032415,28,56,10.181818008422852,10.0,114.40013885498047,56.22661590576172,7,55704,9,81662400,4.23399999999674,28
557042416,27,56,10.109090805053711,10.0,114.29104614257812,56.789703369140625,7,55705,9,81662400,4.342999999993481,27
557052415,28,56,10.181818008422852,10.0,114.1092300415039,56.079708099365234,7,55706,9,81662400,4.342999999993481,28
557062416,28,55,10.181818008422852,10.0,113.92741394042969,55.987892150878906,7,55707,9,81662400,4.342999999993481,28
557072416,26,57,9.96363639831543,10.0,113.96377563476562,57.86079406738281,7,55708,9,81662400,4.342999999993481,26
557082416,28,57,9.96363639831543,10.0,114.00013732910156,57.87915802001953,7,55709,9,81662400,4.342999999993481,28
557092416,27,57,9.96363639831543,10.0,114.0364990234375,57.89752197265625,7,55710,9,81662400,4.342999999993481,27
557102415,29,57,10.03636360168457,10.0,114.00013732910156,57.26097869873047,7,55711,9,81662400,4.342999999993481,29
557112415,28,57,10.03636360168457,10.0,113.96377563476562,57.24261474609375,7,55712,9,81662400,4.342999999993481,28
557122415,29,55,10.254545211791992,10.0,113.709228515625,55.259525299072266,7,55713,9,81662400,4.342999999993481,29
557132415,28,55,10.254545211791992,10.0,113.45468139648438,55.130977630615234,7,55714,9,81662400,4.342999999993481,28
557142415,27,55,10.254545211791992,10.0,113.20013427734375,55.00243377685547,7,55715,9,81662400,4.342999999993481,27
557152415,26,56,10.03636360168457,10.0,113.16377258300781,56.83861541748047,7,55716,9,81662400,4.342999999993481,26
557162415,28,56,10.03636360168457,10.0,113.12741088867188,56.82025146484375,7,55717,9,81662400,4.342999999993481,28
557172415,27,58,9.890909194946289,10.0,113.23650360107422,58.1117057800293,7,55718,9,81662400,4.342999999993481,27
557182415,28,58,9.890909194946289,10.0,113.34559631347656,58.16679763793945,7,55719,9,81662400,4.342999999993481,28
557192416,28,57,9.96363639831543,10.0,113.3819580078125,57.566978454589844,7,55720,9,81662400,4.342999999993481,28
557202415,28,56,10.109090805053711,10.0,113.27286529541016,56.2755241394043,7,55721,9,81662400,4.452999999994063,28
557212415,27,56,10.03636360168457,10.0,113.23650360107422,56.875343322753906,7,55722,9,81662400,4.452999999994063,27
557222416,28,56,10.109090805053711,10.0,113.12741088867188,56.20206832885742,7,55723,9,81662400,4.452999999994063,28
557232415,27,56,10.03636360168457,10.0,113.09104919433594,56.8018913269043,7,55724,9,81662400,4.452999999994063,27
557242416,27,57,9.96363639831543,10.0,113.12741088867188,57.43843078613281,7,55725,9,81662400,4.452999999994063,27
557252416,28,57,9.96363639831543,10.0,113.16377258300781,57.45679473876953,7,55726,9,81662400,4.452999999994063,28
557262416,29,56,10.109090805053711,10.0,113.05467987060547,56.165340423583984,7,55727,9,81662400,4.452999999994063,29
557272416,28,56,10.109090805053711,10.0,112.94558715820312,56.11024856567383,7,55728,9,81662400,4.452999999994063,28
557282415,29,54,10.254545211791992,10.0,112.6910400390625,54.745338439941406,7,55729,9,81662400,4.562000000005355,29
557292415,28,53,10.327272415161133,10.0,112.36376953125,53.96188735961914,7,55730,9,81662400,4.562000000005355,28
557302415,28,53,10.327272415161133,10.0,112.0364990234375,53.79661560058594,7,55731,9,81662400,4.562000000005355,28
557312415,28,54,10.254545211791992,10.0,111.78195190429688,54.286251068115234,7,55732,9,81662400,4.562000000005355,28
557322415,28,54,10.254545211791992,10.0,111.52740478515625,54.1577033996582,7,55733,9,81662400,4.562000000005355,28
557332415,28,54,10.181818008422852,10.0,111.34558868408203,54.6840705871582,7,55734,9,81662400,4.562000000005355,28
557342415,28,54,10.181818008422852,10.0,111.16377258300781,54.59225082397461,7,55735,9,81662400,4.562000000005355,28
557352416,27,55,10.109090805053711,10.0,111.05467987060547,55.155338287353516,7,55736,9,81662400,4.562000000005355,27
557362415,27,55,10.03636360168457,10.0,111.01831817626953,55.75516128540039,7,55737,9,81662400,4.6560000000026776,27
557372416,27,56,9.96363639831543,10.0,111.05467987060547,56.391700744628906,7,55738,9,81662400,4.6560000000026776,27
557382415,27,57,9.890909194946289,10.0,111.16377258300781,57.06497573852539,7,55739,9,81662400,4.6560000000026776,27
557392416,27,57,9.818181991577148,10.0,111.34558868408203,57.77497482299805,7,55740,9,81662400,4.6560000000026776,27
557402416,27,57,9.818181991577148,10.0,111.52740478515625,57.866790771484375,7,55741,9,81662400,4.6560000000026776,27
557412416,28,57,9.890909194946289,10.0,111.6364974975586,57.30370330810547,7,55742,9,81662400,4.6560000000026776,28
557422416,28,56,9.96363639831543,10.0,111.67285919189453,56.70388412475586,7,55743,9,81662400,4.6560000000026776,28
557432415,28,56,10.03636360168457,10.0,111.6364974975586,56.06734085083008,7,55744,9,81662400,4.6560000000026776,28
557442415,27,56,10.03636360168457,10.0,111.60013580322266,56.04897689819336,7,55745,9,81662400,4.6560000000026776,27
557452416,26,56,9.96363639831543,10.0,111.6364974975586,56.68552017211914,7,55746,9,81662400,4.6560000000026776,26
557462415,27,57,9.890909194946289,10.0,111.74559020996094,57.358795166015625,7,55747,9,81662400,4.6560000000026776,27
557472416,25,59,9.672727584838867,10.0,112.07286071777344,59.37860870361328,7,55748,9,81662400,4.6560000000026776,25
557482416,26,60,9.527273178100586,10.0,112.54558563232422,60.85369873046875,7,55749,9,81662400,4.6560000000026776,26
557492416,27,61,9.527273178100586,10.0,113.018310546875,61.09242248535156,7,55750,9,81662400,4.6560000000026776,27
557502415,27,60,9.600000381469727,10.0,113.4183120727539,60.676246643066406,7,55751,9,81662400,4.6560000000026776,27
557512416,27,60,9.600000381469727,10.0,113.81831359863281,60.87824630737305,7,55752,9,81662400,4.6560000000026776,27
557522416,28,59,9.818181991577148,10.0,114.00012969970703,59.115516662597656,7,55753,9,81662400,4.764999999999418,28
557532416,28,57,9.96363639831543,10.0,114.03649139404297,57.897518157958984,7,55754,9,81662400,4.764999999999418,28
557542416,25,59,9.818181991577148,10.0,114.21830749511719,59.2256965637207,7,55755,9,81662400,4.764999999999418,25
557552416,27,59,9.818181991577148,10.0,114.4001235961914,59.31751251220703,7,55756,9,81662400,4.764999999999418,27
557562416,26,60,9.745454788208008,10.0,114.65467071533203,60.06424331665039,7,55757,9,81662400,4.764999999999418,26
557572415,26,61,9.600000381469727,10.0,115.05467224121094,61.50260543823242,7,55758,9,81662400,4.764999999999418,26
557582416,27,62,9.527273178100586,10.0,115.52739715576172,62.35951232910156,7,55759,9,81662400,4.764999999999418,27
557592416,27,61,9.672727584838867,10.0,115.85466766357422,61.288421630859375,7,55760,9,81662400,4.764999999999418,27
557602416,27,61,9.672727584838867,10.0,116.18193817138672,61.45369338989258,7,55761,9,81662400,4.875,27
557612416,27,60,9.745454788208008,10.0,116.43648529052734,60.96405792236328,7,55762,9,81662400,4.875,27
557622416,26,61,9.745454788208008,10.0,116.69103240966797,61.09260559082031,7,55763,9,81662400,4.875,26
557632416,26,61,9.672727584838867,10.0,117.01830291748047,61.87605667114258,7,55764,9,81662400,4.875,26
557642415,26,62,9.600000381469727,10.0,117.41830444335938,62.69623947143555,7,55765,9,81662400,4.875,26
557652416,26,63,9.527273178100586,10.0,117.89102935791016,63.55314636230469,7,55766,9,81662400,4.875,26
557662416,28,63,9.600000381469727,10.0,118.29103088378906,63.136966705322266,7,55767,9,81662400,4.875,28
557672416,28,62,9.745454788208008,10.0,118.54557800292969,62.029151916503906,7,55768,9,81662400,4.875,28
557682416,27,61,9.818181991577148,10.0,118.7273941040039,61.502784729003906,7,55769,9,81662400,4.98399999999674,27
557692416,28,60,9.96363639831543,10.0,118.76375579833984,60.284786224365234,7,55770,9,81662400,4.98399999999674,28
557702416,28,58,10.109090805053711,10.0,118.6546630859375,58.99333190917969,7,55771,9,81662400,4.98399999999674,28
557712415,27,59,10.03636360168457,10.0,118.61830139160156,59.5931510925293,7,55772,9,81662400,4.98399999999674,27
557722415,26,60,9.890909194946289,10.0,118.7273941040039,60.884605407714844,7,55773,9,81662400,4.98399999999674,26
557732416,28,60,9.96363639831543,10.0,118.76375579833984,60.284786224365234,7,55774,9,81662400,4.98399999999674,28
557742417,26,61,9.818181991577148,10.0,118.94557189941406,61.61296463012695,7,55775,9,81662400,4.98399999999674,26
557752416,26,63,9.672727584838867,10.0,119.27284240722656,63.01459884643555,7,55776,9,81662400,4.98399999999674,26
557762416,27,63,9.672727584838867,10.0,119.60011291503906,63.17987060546875,7,55777,9,81662400,5.092999999993481,27
557772415,25,64,9.600000381469727,10.0,120.00011444091797,64.00005340576172,7,55778,9,81662400,5.092999999993481,25
557782416,27,64,9.527273178100586,10.0,120.47283935546875,64.85696411132812,7,55779,9,81662400,5.092999999993481,27
557792416,26,65,9.527273178100586,10.0,120.94556427001953,65.09568786621094,7,55780,9,81662400,5.092999999993481,26
557802415,27,64,9.600000381469727,10.0,121.34556579589844,64.67950439453125,7,55781,9,81662400,5.092999999993481,27
557812416,26,65,9.527273178100586,10.0,121.81829071044922,65.53641510009766,7,55782,9,81662400,5.092999999993481,26
557822416,27,64,9.672727584838867,10.0,122.14556121826172,64.46532440185547,7,55783,9,81662400,5.092999999993481,27
557832416,28,63,9.745454788208008,10.0,122.40010833740234,63.97568893432617,7,55784,9,81662400,5.092999999993481,28
557842416,27,63,9.818181991577148,10.0,122.58192443847656,63.44932174682617,7,55785,9,81662400,5.092999999993481,27
557852415,28,62,9.890909194946289,10.0,122.6910171508789,62.886234283447266,7,55786,9,81662400,5.092999999993481,28
557862415,26,62,9.890909194946289,10.0,122.80010986328125,62.94132614135742,7,55787,9,81662400,5.092999999993481,26
557872416,25,64,9.745454788208008,10.0,123.05465698242188,64.30623626708984,7,55788,9,81662400,5.092999999993481,25
557882416,24,67,9.454545021057129,10.0,123.60011291503906,67.0544204711914,7,55789,9,81662400,5.092999999993481,24
557892415,25,68,9.309090614318848,10.0,124.29102325439453,68.63969421386719,7,55790,9,81662400,5.092999999993481,25
557902415,26,70,9.163636207580566,10.0,125.12738800048828,70.29842376708984,7,55791,9,81662400,5.092999999993481,26
557912415,27,70,9.236363410949707,10.0,125.89102172851562,70.06587982177734,7,55792,9,81662400,5.092999999993481,27
557922416,27,69,9.381817817687988,10.0,126.50920104980469,69.14169311523438,7,55793,9,81662400,5.202999999994063,27
557932416,28,66,9.672727584838867,10.0,126.83647155761719,66.834228515625,7,55794,9,81662400,5.202999999994063,28
557942415,28,65,9.890909194946289,10.0,126.94556427001953,65.03477478027344,7,55795,9,81662400,5.202999999994063,28
557952416,27,64,9.96363639831543,10.0,126.98192596435547,64.4349594116211,7,55796,9,81662400,5.202999999994063,27
557962415,26,65,9.890909194946289,10.0,127.09101867675781,65.10823059082031,7,55797,9,81662400,5.202999999994063,26
557972415,27,65,9.890909194946289,10.0,127.20011138916016,65.16332244873047,7,55798,9,81662400,5.202999999994063,27
557982416,25,67,9.672727584838867,10.0,127.52738189697266,67.18314361572266,7,55799,9,81662400,5.202999999994063,25
557992416,26,68,9.527273178100586,10.0,128.00010681152344,68.65823364257812,7,55800,9,81662400,5.202999999994063,26
558002416,25,70,9.381817817687988,10.0,128.6182861328125,70.20677947998047,7,55801,9,81662400,5.2960000000020955,25
558012416,26,70,9.381817817687988,10.0,129.23646545410156,70.51895904541016,7,55802,9,81662400,5.2960000000020955,26
558022415,26,71,9.309090614318848,10.0,129.9273681640625,71.48604583740234,7,55803,9,81662400,5.2960000000020955,26
558032416,28,69,9.527273178100586,10.0,130.4001007080078,69.87023162841797,7,55804,9,81662400,5.2960000000020955,28
558042416,28,68,9.672727584838867,10.0,130.7273712158203,68.79913330078125,7,55805,9,81662400,5.2960000000020955,28
558052415,28,66,9.890909194946289,10.0,130.83645629882812,66.99967956542969,7,55806,9,81662400,5.2960000000020955,28
558062416,25,67,9.818181991577148,10.0,131.01828002929688,67.70968627929688,7,55807,9,81662400,5.2960000000020955,25
558072416,25,68,9.745454788208008,10.0,131.2728271484375,68.45641326904297,7,55808,9,81662400,5.2960000000020955,25
558082416,23,71,9.381817817687988,10.0,131.89100646972656,71.85950469970703,7,55809,9,81662400,5.4060000000026776,23
558092415,25,74,9.163636207580566,10.0,132.7273712158203,74.13641357421875,7,55810,9,81662400,5.4060000000026776,25
558102415,25,76,8.945454597473145,10.0,133.78192138671875,76.52350616455078,7,55811,9,81662400,5.4060000000026776,25
558112415,26,76,9.018181800842285,10.0,134.76373291015625,76.40113830566406,7,55812,9,81662400,5.4060000000026776,26
558122415,27,75,9.163636207580566,10.0,135.60009765625,75.58714294433594,7,55813,9,81662400,5.4060000000026776,27
558132416,28,72,9.527273178100586,10.0,136.0728302001953,72.7349624633789,7,55814,9,81662400,5.4060000000026776,28
558142416,28,71,9.745454788208008,10.0,136.32737731933594,71.00895690917969,7,55815,9,81662400,5.4060000000026776,28
558152416,27,69,9.890909194946289,10.0,136.43646240234375,69.82768249511719,7,55816,9,81662400,5.4060000000026776,27
558162416,25,70,9.818181991577148,10.0,136.6182861328125,70.53768920898438,7,55817,9,81662400,5.4060000000026776,25
558172416,25,71,9.672727584838867,10.0,136.945556640625,71.93932342529297,7,55818,9,81662400,5.4060000000026776,25
558182415,25,74,9.454545021057129,10.0,137.4910125732422,74.06932830810547,7,55819,9,81662400,5.4060000000026776,25
558192415,26,75,9.309090614318848,10.0,138.18191528320312,75.65459442138672,7,55820,9,81662400,5.4060000000026776,26
558202415,27,76,9.309090614318848,10.0,138.87281799316406,76.00350189208984,7,55821,9,81662400,5.4060000000026776,27
558212415,29,73,9.600000381469727,10.0,139.27281188964844,73.7327651977539,7,55822,9,81662400,5.4060000000026776,29
558222416,28,71,9.818181991577148,10.0,139.4546356201172,71.97004699707031,7,55823,9,81662400,5.4060000000026776,28
558232415,28,70,10.03636360168457,10.0,139.41827392578125,70.09713745117188,7,55824,9,81662400,5.4060000000026776,28
558242416,27,69,10.109090805053711,10.0,139.30918884277344,69.42387390136719,7,55825,9,81662400,5.5,27
558252416,25,70,9.96363639831543,10.0,139.34555053710938,70.6785888671875,7,55826,9,81662400,5.5,25
558262416,24,73,9.600000381469727,10.0,139.74554443359375,73.97149658203125,7,55827,9,81662400,5.5,24
558272415,24,76,9.309090614318848,10.0,140.4364471435547,76.79312896728516,7,55828,9,81662400,5.5,24
558282415,25,79,9.090909004211426,10.0,141.3455352783203,79.10676574707031,7,55829,9,81662400,5.5,25
558292416,27,79,9.090909004211426,10.0,142.25462341308594,79.56585693359375,7,55830,9,81662400,5.5,27
558302415,28,78,9.309090614318848,10.0,142.94552612304688,78.06021881103516,7,55831,9,81662400,5.5,28
558312415,28,75,9.600000381469727,10.0,143.34552001953125,75.78948211669922,7,55832,9,81662400,5.5,28
558322415,30,72,10.03636360168457,10.0,143.3091583251953,72.0620346069336,7,55833,9,81662400,5.60899999999674,30
558332415,30,68,10.399999618530273,10.0,142.90916442871094,68.76913452148438,7,55834,9,81662400,5.60899999999674,30
558342416,28,67,10.472726821899414,10.0,142.43643188476562,67.91221618652344,7,55835,9,81662400,5.60899999999674,28
558352415,26,68,10.327272415161133,10.0,142.10916137695312,68.98331451416016,7,55836,9,81662400,5.60899999999674,26
558362415,24,71,10.03636360168457,10.0,142.0727996826172,71.43767547607422,7,55837,9,81662400,5.60899999999674,24
558372416,25,74,9.672727584838867,10.0,142.4000701904297,74.69384765625,7,55838,9,81662400,5.60899999999674,25
558382415,24,78,9.236363410949707,10.0,143.16371154785156,78.78858947753906,7,55839,9,81662400,5.60899999999674,24
558392415,25,81,9.018181800842285,10.0,144.14552307128906,81.13894653320312,7,55840,9,81662400,5.60899999999674,25
558402415,28,80,9.163636207580566,10.0,144.9818878173828,80.32494354248047,7,55841,9,81662400,5.717999999993481,28
558412415,28,78,9.454545021057129,10.0,145.52734375,78.12767791748047,7,55842,9,81662400,5.717999999993481,28
558422416,29,75,9.745454788208008,10.0,145.78189086914062,75.78349304199219,7,55843,9,81662400,5.717999999993481,29
558432415,28,73,10.03636360168457,10.0,145.7455291748047,73.29240417480469,7,55844,9,81662400,5.717999999993481,28
558442415,28,71,10.254545211791992,10.0,145.49098205566406,71.30931091308594,7,55845,9,81662400,5.717999999993481,28
558452415,27,71,10.181818008422852,10.0,145.3091583251953,71.8356704711914,7,55846,9,81662400,5.717999999993481,27
558462416,25,73,9.96363639831543,10.0,145.34552001953125,73.70858001708984,7,55847,9,81662400,5.717999999993481,25
558472416,26,75,9.745454788208008,10.0,145.60006713867188,75.69166564941406,7,55848,9,81662400,5.717999999993481,26
558482416,26,77,9.600000381469727,10.0,146.00006103515625,77.1300277709961,7,55849,9,81662400,5.812000000005355,26
558492416,27,77,9.527273178100586,10.0,146.47279357910156,77.9869384765625,7,55850,9,81662400,5.812000000005355,27
558502415,28,77,9.600000381469727,10.0,146.87278747558594,77.57074737548828,7,55851,9,81662400,5.812000000005355,28
558512416,28,75,9.818181991577148,10.0,147.0546112060547,75.80803680419922,7,55852,9,81662400,5.812000000005355,28
558522416,28,74,9.96363639831543,10.0,147.09097290039062,74.59002685546875,7,55853,9,81662400,5.812000000005355,28
558532416,28,73,10.109090805053711,10.0,146.9818878173828,73.298583984375,7,55854,9,81662400,5.812000000005355,28
558542415,26,73,10.03636360168457,10.0,146.94552612304688,73.89839935302734,7,55855,9,81662400,5.812000000005355,26
558552415,26,75,9.890909194946289,10.0,147.0546112060547,75.18984985351562,7,55856,9,81662400,5.812000000005355,26
558562416,26,76,9.745454788208008,10.0,147.3091583251953,76.55475616455078,7,55857,9,81662400,5.812000000005355,26
558572416,27,77,9.672727584838867,10.0,147.6364288330078,77.33821105957031,7,55858,9,81662400,5.812000000005355,27
558582416,28,77,9.672727584838867,10.0,147.9636993408203,77.50347900390625,7,55859,9,81662400,5.812000000005355,28
558592415,29,75,9.890909194946289,10.0,148.07278442382812,75.70402526855469,7,55860,9,81662400,5.812000000005355,29
558602416,29,73,10.109090805053711,10.0,147.9636993408203,73.79439544677734,7,55861,9,81662400,5.812000000005355,29
558612415,27,73,10.181818008422852,10.0,147.78187561035156,73.08438873291016,7,55862,9,81662400,5.812000000005355,27
558622416,26,73,10.109090805053711,10.0,147.67279052734375,73.64749145507812,7,55863,9,81662400,5.812000000005355,26
558632416,26,74,9.96363639831543,10.0,147.7091522216797,74.90221405029297,7,55864,9,81662400,5.812000000005355,26
558642416,26,76,9.745454788208008,10.0,147.9636993408203,76.88529968261719,7,55865,9,81662400,5.9210000000020955,26
558652416,28,77,9.672727584838867,10.0,148.2909698486328,77.66875457763672,7,55866,9,81662400,5.9210000000020955,28
558662416,27,77,9.672727584838867,10.0,148.6182403564453,77.83402252197266,7,55867,9,81662400,5.9210000000020955,27
558672416,28,76,9.818181991577148,10.0,148.80006408691406,76.68949127197266,7,55868,9,81662400,5.9210000000020955,28
558682416,28,75,9.96363639831543,10.0,148.83642578125,75.47148132324219,7,55869,9,81662400,5.9210000000020955,28
558692415,29,73,10.181818008422852,10.0,148.65460205078125,73.52511596679688,7,55870,9,81662400,5.9210000000020955,29
558702416,27,74,10.109090805053711,10.0,148.54551696777344,74.08821868896484,7,55871,9,81662400,5.9210000000020955,27
558712416,27,74,10.109090805053711,10.0,148.43643188476562,74.03312683105469,7,55872,9,81662400,5.9210000000020955,27
558722415,25,75,9.890909194946289,10.0,148.54551696777344,75.94275665283203,7,55873,9,81662400,6.014999999999418,25
558732416,23,79,9.527273178100586,10.0,149.01824951171875,79.27239990234375,7,55874,9,81662400,6.014999999999418,23
558742415,24,82,9.163636207580566,10.0,149.8546142578125,82.78567504882812,7,55875,9,81662400,6.014999999999418,24
558752415,25,84,9.018181800842285,10.0,150.83642578125,84.51785278320312,7,55876,9,81662400,6.014999999999418,25
558762416,25,86,8.872727394104004,10.0,151.9636993408203,86.323486328125,7,55877,9,81662400,6.014999999999418,25
558772416,28,84,9.090909004211426,10.0,152.87278747558594,84.92803192138672,7,55878,9,81662400,6.014999999999418,28
558782415,28,82,9.454545021057129,10.0,153.41824340820312,82.11257934570312,7,55879,9,81662400,6.014999999999418,28
558792416,28,79,9.745454788208008,10.0,153.67279052734375,79.76839447021484,7,55880,9,81662400,6.014999999999418,28
558802415,27,78,9.890909194946289,10.0,153.78187561035156,78.58711242675781,7,55881,9,81662400,6.014999999999418,27
558812415,25,78,9.890909194946289,10.0,153.89096069335938,78.64220428466797,7,55882,9,81662400,6.014999999999418,25
558822416,24,81,9.600000381469727,10.0,154.29095458984375,81.31692504882812,7,55883,9,81662400,6.014999999999418,24
558832415,24,84,9.309090614318848,10.0,154.9818572998047,84.13856506347656,7,55884,9,81662400,6.014999999999418,24
558842415,24,87,9.018181800842285,10.0,155.9636688232422,87.10710144042969,7,55885,9,81662400,6.014999999999418,24
558852416,25,88,8.872727394104004,10.0,157.0909423828125,88.9127426147461,7,55886,9,81662400,6.014999999999418,25
558862415,28,87,9.090909004211426,10.0,158.00003051757812,87.51728820800781,7,55887,9,81662400,6.014999999999418,28
558872416,28,85,9.381817817687988,10.0,158.6182098388672,85.35674285888672,7,55888,9,81662400,6.014999999999418,28
558882416,29,82,9.745454788208008,10.0,158.8727569580078,82.39437866210938,7,55889,9,81662400,6.125,29
558892415,30,78,10.181818008422852,10.0,158.69093322753906,78.59346771240234,7,55890,9,81662400,6.125,30
558902415,28,76,10.399999618530273,10.0,158.2909393310547,76.53692626953125,7,55891,9,81662400,6.125,28
558912415,26,77,10.254545211791992,10.0,158.03639221191406,77.64474487304688,7,55892,9,81662400,6.125,26
558922416,26,78,10.109090805053711,10.0,157.92730712890625,78.82601928710938,7,55893,9,81662400,6.125,26
558932415,28,79,10.03636360168457,10.0,157.8909454345703,79.42583465576172,7,55894,9,81662400,6.125,28
558942415,28,80,9.890909194946289,10.0,158.00003051757812,80.71728515625,7,55895,9,81662400,6.125,28
558952416,28,80,9.890909194946289,10.0,158.10911560058594,80.77236938476562,7,55896,9,81662400,6.125,28
558962415,30,78,10.181818008422852,10.0,157.9272918701172,78.20782470703125,7,55897,9,81662400,6.23399999999674,30
558972416,29,76,10.399999618530273,10.0,157.5272979736328,76.15129089355469,7,55898,9,81662400,6.23399999999674,29
558982416,26,77,10.254545211791992,10.0,157.2727508544922,77.25910186767578,7,55899,9,81662400,6.23399999999674,26
558992416,26,78,10.109090805053711,10.0,157.16366577148438,78.44038391113281,7,55900,9,81662400,6.23399999999674,26
559002415,25,80,9.890909194946289,10.0,157.2727508544922,80.35000610351562,7,55901,9,81662400,6.23399999999674,25
559012416,24,84,9.454545021057129,10.0,157.81820678710938,84.33456420898438,7,55902,9,81662400,6.23399999999674,24
559022415,26,86,9.236363410949707,10.0,158.58184814453125,86.57474517822266,7,55903,9,81662400,6.23399999999674,26
559032416,28,85,9.381817817687988,10.0,159.2000274658203,85.65055847167969,7,55904,9,81662400,6.23399999999674,28
559042416,28,84,9.527273178100586,10.0,159.67276000976562,84.65292358398438,7,55905,9,81662400,6.342999999993481,28
559052415,30,81,9.890909194946289,10.0,159.78184509277344,81.61710357666016,7,55906,9,81662400,6.342999999993481,30
559062415,31,77,10.399999618530273,10.0,159.38185119628906,77.08783721923828,7,55907,9,81662400,6.342999999993481,31
559072416,31,73,10.763636589050293,10.0,158.6182098388672,73.61128234863281,7,55908,9,81662400,6.342999999993481,31
559082416,29,72,10.836363792419434,10.0,157.78184509277344,72.57073974609375,7,55909,9,81662400,6.342999999993481,29
559092416,27,72,10.763636589050293,10.0,157.01820373535156,72.80327606201172,7,55910,9,81662400,6.342999999993481,27
559102415,26,75,10.472726821899414,10.0,156.54547119140625,75.03728485107422,7,55911,9,81662400,6.342999999993481,26
559112416,26,78,10.109090805053711,10.0,156.43638610839844,78.07310485839844,7,55912,9,81662400,6.342999999993481,26
559122416,26,81,9.745454788208008,10.0,156.69093322753906,81.29255676269531,7,55913,9,81662400,6.452999999994063,26
559132416,28,82,9.672727584838867,10.0,157.01820373535156,82.07600402832031,7,55914,9,81662400,6.452999999994063,28
559142416,29,80,9.818181991577148,10.0,157.2000274658203,80.93147277832031,7,55915,9,81662400,6.452999999994063,29
559152415,31,77,10.181818008422852,10.0,157.01820373535156,77.74873352050781,7,55916,9,81662400,6.452999999994063,31
559162415,29,75,10.399999618530273,10.0,156.6182098388672,75.69219970703125,7,55917,9,81662400,6.452999999994063,29
559172415,28,74,10.545454978942871,10.0,156.07275390625,74.18037414550781,7,55918,9,81662400,6.452999999994063,28
559182416,26,75,10.399999618530273,10.0,155.67276000976562,75.21475219726562,7,55919,9,81662400,6.452999999994063,26
559192416,25,77,10.109090805053711,10.0,155.5636749267578,77.63238525390625,7,55920,9,81662400,6.452999999994063,25
559202415,24,82,9.600000381469727,10.0,155.9636688232422,82.1616439819336,7,55921,9,81662400,6.452999999994063,24
559212416,26,84,9.381817817687988,10.0,156.58184814453125,84.32837677001953,7,55922,9,81662400,6.452999999994063,26
559222415,27,85,9.309090614318848,10.0,157.2727508544922,85.29546356201172,7,55923,9,81662400,6.452999999994063,27
559232415,28,84,9.454545021057129,10.0,157.81820678710938,84.33456420898438,7,55924,9,81662400,6.452999999994063,28
559242416,30,81,9.818181991577148,10.0,158.00003051757812,81.3354721069336,7,55925,9,81662400,6.452999999994063,30
559252415,29,78,10.181818008422852,10.0,157.81820678710938,78.15274047851562,7,55926,9,81662400,6.452999999994063,29
559262415,28,76,10.327272415161133,10.0,157.49093627929688,76.75110626220703,7,55927,9,81662400,6.452999999994063,28
559272415,28,75,10.399999618530273,10.0,157.0909423828125,75.9309310913086,7,55928,9,81662400,6.452999999994063,28
559282415,26,77,10.254545211791992,10.0,156.83639526367188,77.03874206542969,7,55929,9,81662400,6.5460000000020955,26
559292416,26,79,9.96363639831543,10.0,156.8727569580078,79.52983093261719,7,55930,9,81662400,6.5460000000020955,26
559302416,27,80,9.818181991577148,10.0,157.05458068847656,80.85801696777344,7,55931,9,81662400,6.5460000000020955,27
559312416,28,80,9.818181991577148,10.0,157.2364044189453,80.94983673095703,7,55932,9,81662400,6.5460000000020955,28
559322415,29,80,9.890909194946289,10.0,157.34548950195312,80.3867416381836,7,55933,9,81662400,6.5460000000020955,29
559332415,28,79,10.03636360168457,10.0,157.3091278076172,79.13201904296875,7,55934,9,81662400,6.5460000000020955,28
559342415,26,79,10.03636360168457,10.0,157.27276611328125,79.11365509033203,7,55935,9,81662400,6.5460000000020955,26
559352416,26,79,9.96363639831543,10.0,157.3091278076172,79.75019836425781,7,55936,9,81662400,6.5460000000020955,26
559362416,26,81,9.818181991577148,10.0,157.49095153808594,81.07838439941406,7,55937,9,81662400,6.6560000000026776,26
559372416,26,83,9.600000381469727,10.0,157.8909454345703,83.13491821289062,7,55938,9,81662400,6.6560000000026776,26
559382415,28,83,9.600000381469727,10.0,158.2909393310547,83.3369140625,7,55939,9,81662400,6.6560000000026776,28
559392416,27,82,9.672727584838867,10.0,158.6182098388672,82.8840103149414,7,55940,9,81662400,6.6560000000026776,27
559402415,29,81,9.890909194946289,10.0,158.727294921875,81.08454895019531,7,55941,9,81662400,6.6560000000026776,29
559412415,28,79,10.03636360168457,10.0,158.69093322753906,79.829833984375,7,55942,9,81662400,6.6560000000026776,28
559422416,30,77,10.327272415161133,10.0,158.36366271972656,77.19183349609375,7,55943,9,81662400,6.6560000000026776,30
559432415,30,75,10.472726821899414,10.0,157.89093017578125,75.71673583984375,7,55944,9,81662400,6.6560000000026776,30
559442416,28,74,10.545454978942871,10.0,157.34547424316406,74.8230972290039,7,55945,9,81662400,6.6560000000026776,28
559452415,27,75,10.399999618530273,10.0,156.9454803466797,75.85747528076172,7,55946,9,81662400,6.6560000000026776,27
559462415,26,76,10.254545211791992,10.0,156.69093322753906,76.96528625488281,7,55947,9,81662400,6.6560000000026776,26
559472415,27,78,10.03636360168457,10.0,156.65457153320312,78.80146789550781,7,55948,9,81662400,6.6560000000026776,27
559482416,27,80,9.818181991577148,10.0,156.83639526367188,80.74783325195312,7,55949,9,81662400,6.6560000000026776,27
559492416,28,80,9.818181991577148,10.0,157.01821899414062,80.83965301513672,7,55950,9,81662400,6.6560000000026776,28
559502416,29,79,9.96363639831543,10.0,157.05458068847656,79.62165069580078,7,55951,9,81662400,6.6560000000026776,29
559512415,31,76,10.327272415161133,10.0,156.72731018066406,76.365478515625,7,55952,9,81662400,6.6560000000026776,31
559522416,30,74,10.545454978942871,10.0,156.18185424804688,74.23546600341797,7,55953,9,81662400,6.764999999999418,30
559532416,29,72,10.690909385681152,10.0,155.49095153808594,72.65019989013672,7,55954,9,81662400,6.764999999999418,29
559542416,28,72,10.690909385681152,10.0,154.800048828125,72.30130004882812,7,55955,9,81662400,6.764999999999418,28
559552415,27,73,10.545454978942871,10.0,154.2545928955078,73.26219940185547,7,55956,9,81662400,6.764999999999418,27
559562415,27,75,10.254545211791992,10.0,154.0000457763672,75.60638427734375,7,55957,9,81662400,6.764999999999418,27
559572415,27,77,10.03636360168457,10.0,153.96368408203125,77.44257354736328,7,55958,9,81662400,6.764999999999418,27
559582415,27,78,9.890909194946289,10.0,154.07276916503906,78.73401641845703,7,55959,9,81662400,6.764999999999418,27
559592415,28,78,9.890909194946289,10.0,154.18185424804688,78.78910827636719,7,55960,9,81662400,6.764999999999418,28
559602416,28,78,9.96363639831543,10.0,154.2182159423828,78.18928527832031,7,55961,9,81662400,6.875,28
559612416,29,76,10.109090805053711,10.0,154.109130859375,76.89784240722656,7,55962,9,81662400,6.875,29
559622415,28,76,10.181818008422852,10.0,153.92730712890625,76.18783569335938,7,55963,9,81662400,6.875,28
559632415,27,76,10.181818008422852,10.0,153.7454833984375,76.09601593017578,7,55964,9,81662400,6.875,27
559642416,27,76,10.109090805053711,10.0,153.6363983154297,76.65911102294922,7,55965,9,81662400,6.875,27
559652416,28,76,10.109090805053711,10.0,153.52731323242188,76.6040267944336,7,55966,9,81662400,6.875,28
559662415,30,75,10.181818008422852,10.0,153.34548950195312,75.89401245117188,7,55967,9,81662400,6.875,30
559672415,29,75,10.254545211791992,10.0,153.0909423828125,75.14729309082031,7,55968,9,81662400,6.875,29
559682415,29,73,10.399999618530273,10.0,152.69094848632812,73.70893096923828,7,55969,9,81662400,6.98399999999674,29
559692415,28,72,10.472726821899414,10.0,152.2182159423828,72.85202026367188,7,55970,9,81662400,6.98399999999674,28
559702415,27,73,10.399999618530273,10.0,151.81822204589844,73.26820373535156,7,55971,9,81662400,6.98399999999674,27
559712416,24,76,9.96363639831543,10.0,151.85458374023438,76.99565124511719,7,55972,9,81662400,6.98399999999674,24
559722416,26,78,9.745454788208008,10.0,152.109130859375,78.97874450683594,7,55973,9,81662400,6.98399999999674,26
559732416,27,80,9.600000381469727,10.0,152.50912475585938,80.41709899902344,7,55974,9,81662400,6.98399999999674,27
559742416,27,81,9.527273178100586,10.0,152.9818572998047,81.27401733398438,7,55975,9,81662400,6.98399999999674,27
559752415,28,80,9.600000381469727,10.0,153.38185119628906,80.85782623291016,7,55976,9,81662400,6.98399999999674,28
