t,seq,err,servo_pwm,pid_select,Midline.k,Midline.b,Forward.k,Forward.b,Forward_2.k,Forward_3.k,RIGHT_duandian,LEFT_duandian,paodao_distance,valid_couter,RIGHT_cnt,LEFT_cnt,Forward_cnt,Forward_cnt_2,Forward_cnt_3,Speed_now,Speed_mubiao,danbian_flag,state_left_cnt,state_right_cnt,state_left_cnt_2,state_right_cnt_2,zhongxian_chuizhi,mode_prev,d_pwm,d_err
0.000,0,0,1445,0,0.007,100,0.015,80,0.013,0.012,843,828,700,442,120,131,0,0,0,7.9,8,0,0,0,0,0,50,,,
0.115,1,-5.9,1421,0,-0.016,100,-0.031,80,-0.028,-0.025,862,859,700,442,119,124,0,0,0,7.9,8,0,0,0,0,0,50,0,-24.0,-5.9
0.230,2,-16.1,1380,0,-0.011,100,-0.023,80,-0.021,-0.018,802,818,700,448,107,120,0,0,0,7.5,8,0,0,0,0,0,50,0,-41.0,-10.2
0.344,3,1.9,1453,0,-0.005,100,-0.009,80,-0.008,-0.007,240,837,700,450,104,113,0,0,0,7.5,8,0,0,0,0,0,50,0,73.0,18.0
0.459,4,-11.7,1398,0,-0.02,100,-0.04,80,-0.036,-0.032,877,830,700,457,114,116,0,0,0,7.6,8,0,0,0,0,0,50,0,-55.0,-13.6
0.574,5,1.3,1450,0,0.002,100,0.003,80,0.003,0.003,819,852,700,437,128,119,0,0,0,8,8,0,0,0,0,0,50,0,52.0,13.0
0.689,6,-7.7,1414,0,0.05,100,0.1,80,0.09,0.08,869,820,700,454,118,124,0,0,0,8,8,0,0,0,0,0,50,0,-36.0,-9.0
0.803,7,-0.8,1442,0,0.017,100,0.033,80,0.03,0.027,886,833,700,446,121,106,0,0,0,8.1,8,0,0,0,0,0,50,0,28.0,6.9
0.918,8,-7,1417,0,-0.005,100,-0.01,80,-0.009,-0.008,872,879,700,443,126,98,0,0,0,7.7,8,0,0,0,0,0,50,0,-25.0,-6.2
1.033,9,-5.6,1423,0,-0.002,100,-0.005,80,-0.004,-0.004,881,867,700,447,117,133,0,0,0,7.7,8,0,0,0,0,0,50,0,6.0,1.4
1.148,10,-5.1,1424,0,-0.008,100,-0.015,80,-0.014,-0.012,859,847,700,441,119,113,0,0,0,7.7,8,0,0,0,0,0,50,0,1.0,0.5
1.262,11,14,1501,0,0.016,100,0.033,80,0.029,0.026,849,867,700,458,119,123,0,0,0,7.6,8,0,0,0,0,0,50,0,77.0,19.1
1.377,12,-15.5,1383,0,0.009,100,0.017,80,0.016,0.014,808,799,700,442,121,140,0,0,0,7.6,8,0,0,0,0,0,50,0,-118.0,-29.5
1.492,13,-10,1405,0,-0.016,100,-0.031,80,-0.028,-0.025,855,862,700,448,127,123,0,0,0,7.6,8,0,0,0,0,0,50,0,22.0,5.5
1.607,14,-12.4,1395,0,-0.002,100,-0.004,80,-0.004,-0.003,851,824,700,443,129,119,0,0,0,7.8,8,0,0,0,0,0,50,0,-10.0,-2.4
1.721,15,1.1,1449,0,-0.015,100,-0.03,80,-0.027,-0.024,847,800,700,452,98,126,0,0,0,7.5,8,0,0,0,0,0,50,0,54.0,13.5
1.836,16,-21,1361,0,0.019,100,0.038,80,0.034,0.03,829,869,700,437,132,132,0,0,0,7.6,8,0,0,0,0,0,50,0,-88.0,-22.1
1.951,17,-0.8,1442,0,-0.007,100,-0.014,80,-0.012,-0.011,846,826,700,445,119,110,0,0,0,7.9,8,0,0,0,0,0,50,0,81.0,20.2
2.066,18,-7.5,1415,0,-0.032,100,-0.064,80,-0.057,-0.051,881,846,700,450,113,114,0,0,0,8.2,8,0,0,0,0,0,50,0,-27.0,-6.7
2.181,19,-6.7,1418,0,0,100,0,80,0,0,841,843,700,443,136,111,0,0,0,7.8,8,0,0,0,0,0,50,0,3.0,0.8
2.295,20,-12.6,1394,0,0.008,100,0.017,80,0.015,0.013,885,814,700,444,102,125,0,0,0,7.8,8,0,0,0,0,0,50,0,-24.0,-5.9
2.410,21,-0.3,1444,0,0.002,100,0.004,80,0.003,0.003,831,861,700,448,108,105,0,0,0,7.7,8,0,0,0,0,0,50,0,50.0,12.3
2.525,22,16,1509,0,-0.013,100,-0.025,80,-0.023,-0.02,857,849,700,445,126,114,0,0,0,7.6,8,0,0,0,0,0,50,0,65.0,16.3
2.640,23,-1.8,1438,0,0.001,100,0.001,80,0.001,0.001,879,867,700,445,106,127,0,0,0,7.8,8,0,0,0,0,0,50,0,-71.0,-17.8
2.754,24,11.6,1491,0,-0.004,100,-0.007,80,-0.006,-0.006,864,870,700,457,115,133,0,0,0,8,8,0,0,0,0,0,50,0,53.0,13.4
2.869,25,-15,1385,0,0.022,100,0.043,80,0.039,0.034,862,872,700,461,108,101,0,0,0,8.5,8,0,0,0,0,0,50,0,-106.0,-26.6
2.984,26,9.8,1484,0,-0.025,100,-0.051,80,-0.046,-0.041,850,871,700,433,122,118,0,0,0,8,8,0,0,0,0,0,50,0,99.0,24.8
3.099,27,-2.9,1433,0,0.001,100,0.002,80,0.002,0.002,828,812,700,442,103,123,0,0,0,8,8,0,0,0,0,0,50,0,-51.0,-12.7
3.213,28,-0.7,1442,0,0.01,100,0.02,80,0.018,0.016,825,834,700,442,121,110,0,0,0,7.7,8,0,0,0,0,0,50,0,9.0,2.2
3.328,29,4.3,1462,0,0.008,100,0.017,80,0.015,0.014,901,815,700,449,119,103,0,0,0,8,8,0,0,0,0,0,50,0,20.0,5.0
3.443,30,-5.5,1423,0,0.019,100,0.037,80,0.033,0.03,848,852,700,459,119,95,0,0,0,7.9,8,0,0,0,0,0,50,0,-39.0,-9.8
3.558,31,-8.3,1412,0,-0.049,100,-0.098,80,-0.089,-0.079,769,837,700,450,108,108,0,0,0,8.3,8,0,0,0,0,0,50,0,-11.0,-2.8
3.673,32,13.6,1499,0,0.004,100,0.008,80,0.007,0.006,851,849,700,456,125,120,0,0,0,8.2,8,0,0,0,0,0,50,0,87.0,21.9
3.787,33,-12.5,1395,0,0.013,100,0.026,80,0.023,0.02,833,877,700,448,119,104,0,0,0,7.9,8,0,0,0,0,0,50,0,-104.0,-26.1
3.902,34,20.7,1528,0,0.037,100,0.073,80,0.066,0.058,838,869,700,429,122,117,0,0,0,8,8,0,0,0,0,0,50,0,133.0,33.2
4.017,35,1,1449,0,-0.027,100,-0.054,80,-0.048,-0.043,843,846,700,452,119,133,0,0,0,8.3,8,0,0,0,0,0,50,0,-79.0,-19.7
4.132,36,-6.7,1418,0,-0.01,100,-0.019,80,-0.018,-0.016,805,889,700,457,126,119,0,0,0,8.5,8,0,0,0,0,0,50,0,-31.0,-7.7
4.246,37,2.6,1455,0,-0.006,100,-0.013,80,-0.011,-0.01,845,851,700,454,119,112,0,0,0,8.8,8,0,0,0,0,0,50,0,37.0,9.3
4.361,38,-7.6,1415,0,0.04,100,0.08,80,0.072,0.064,863,852,700,441,119,126,0,0,0,8.6,8,0,0,0,0,0,50,0,-40.0,-10.2
4.476,39,-4.7,1426,0,-0.006,100,-0.011,80,-0.01,-0.009,844,853,700,448,111,126,0,0,0,8.1,8,0,0,0,0,0,50,0,11.0,2.9
4.591,40,-9.2,1408,0,0.014,100,0.029,80,0.026,0.023,888,842,700,451,119,108,0,0,0,7.9,8,0,0,0,0,0,50,0,-18.0,-4.5
4.705,41,5.5,1467,0,0.05,100,0.101,80,0.091,0.081,844,845,700,452,107,106,0,0,0,7.7,8,0,0,0,0,0,50,0,59.0,14.7
4.820,42,15.4,1506,0,-0.023,100,-0.045,80,-0.041,-0.036,877,888,700,454,139,116,0,0,0,7.8,8,0,0,0,0,0,50,0,39.0,9.9
4.935,43,-7.1,1417,0,-0.034,100,-0.068,80,-0.061,-0.054,851,887,700,442,111,112,0,0,0,8.1,8,0,0,0,0,0,50,0,-89.0,-22.5
5.050,44,3.5,1459,0,-0.005,100,-0.01,80,-0.009,-0.008,855,857,700,449,122,117,0,0,0,8,8,0,0,0,0,0,50,0,42.0,10.6
5.164,45,6,1469,0,0.047,100,0.094,80,0.084,0.075,865,851,700,453,100,103,0,0,0,7.6,8,0,0,0,0,0,50,0,10.0,2.5
5.279,46,10.3,1486,0,0.018,100,0.035,80,0.032,0.028,846,807,700,444,126,140,0,0,0,7.5,8,0,0,0,0,0,50,0,17.0,4.3
5.394,47,2.6,1455,0,-0.019,100,-0.039,80,-0.035,-0.031,821,849,700,440,121,106,0,0,0,7.6,8,0,0,0,0,0,50,0,-31.0,-7.7
5.509,48,13.3,1498,0,0.027,100,0.053,80,0.048,0.043,877,838,700,448,116,114,0,0,0,7.8,8,0,0,0,0,0,50,0,43.0,10.7
5.624,49,-15.6,1383,0,-0.036,100,-0.072,80,-0.065,-0.058,870,845,700,458,102,110,0,0,0,7.8,8,0,0,0,0,0,50,0,-115.0,-28.9
5.738,50,2.1,1453,0,0.01,100,0.02,80,0.018,0.016,841,876,700,440,110,126,0,0,0,7.9,8,0,0,0,0,0,50,0,70.0,17.7
5.853,51,5.6,1467,0,-0.047,100,-0.095,80,-0.085,-0.076,884,865,700,446,117,106,0,0,0,8.3,8,0,0,0,0,0,50,0,14.0,3.5
5.968,52,30.4,1567,0,-0.004,100,-0.009,80,-0.008,-0.007,890,834,700,436,116,127,0,0,0,8.3,8,0,0,0,0,0,50,0,100.0,24.8
6.083,53,-77.7,1170,1,-0.027,100,-0.055,80,-0.049,-0.044,858,824,700,449,114,109,0,0,0,8.1,8,0,0,0,0,0,0,0,-397.0,-108.1
6.197,54,-71.8,1170,1,-0.031,100,-0.062,80,-0.056,-0.049,818,849,700,450,113,108,0,0,0,7.7,8,0,0,0,0,0,0,1,0.0,5.9
6.312,55,-81,1170,1,-0.034,100,-0.069,80,-0.062,-0.055,887,831,700,443,125,116,0,0,0,7.7,8,0,0,0,0,0,0,1,0.0,-9.2
6.427,56,-88.8,1170,1,-0.038,100,-0.076,80,-0.068,-0.06,823,847,700,442,119,100,0,0,0,8,8,0,0,0,0,0,0,1,0.0,-7.8
6.542,57,-85.5,1170,1,-0.041,100,-0.082,80,-0.074,-0.066,805,849,700,441,112,106,0,0,0,7.6,8,0,0,0,0,0,0,1,0.0,3.3
6.656,58,-105.6,1170,1,-0.045,100,-0.089,80,-0.08,-0.072,832,865,700,442,107,99,0,0,0,7.8,8,0,0,0,0,0,0,1,0.0,-20.1
6.771,59,-103.4,1170,1,-0.048,100,-0.096,80,-0.087,-0.077,856,849,700,465,109,102,0,0,0,7.8,8,0,0,0,0,0,0,1,0.0,2.2
6.886,60,-117.6,1170,1,-0.052,100,-0.103,80,-0.093,-0.083,869,871,700,447,133,89,0,0,0,7.5,8,0,0,0,0,0,0,1,0.0,-14.2
7.001,61,-117.3,1170,1,-0.055,100,-0.11,80,-0.099,-0.088,876,823,700,442,133,126,0,0,0,7.2,8,0,0,0,0,0,0,1,0.0,0.3
7.115,62,-120.4,1170,1,-0.058,100,-0.117,80,-0.105,-0.094,803,840,700,449,108,117,0,0,0,7.3,8,0,0,0,0,0,0,1,0.0,-3.1
7.230,63,-131.5,1170,1,-0.062,100,-0.124,80,-0.111,-0.099,897,847,700,445,112,117,0,0,0,7.4,8,0,0,0,0,0,0,1,0.0,-11.1
7.345,64,-132,1170,1,-0.065,100,-0.131,80,-0.118,-0.105,847,856,700,442,117,112,0,0,0,7.3,8,0,0,0,0,0,0,1,0.0,-0.5
7.460,65,-146.4,1170,1,-0.069,100,-0.138,80,-0.124,-0.11,816,852,700,447,99,118,0,0,0,7.2,8,0,0,0,0,0,0,1,0.0,-14.4
7.575,66,-148.7,1170,1,-0.072,100,-0.144,80,-0.13,-0.116,839,841,700,445,120,105,0,0,0,7.3,8,0,0,0,0,0,0,1,0.0,-2.3
7.689,67,-141.6,1170,1,-0.076,100,-0.151,80,-0.136,-0.121,846,839,700,453,122,120,0,0,0,7,8,0,0,0,0,0,0,1,0.0,7.1
7.804,68,-147.7,1170,1,-0.079,100,-0.158,80,-0.142,-0.127,844,866,700,437,125,129,0,0,0,7.2,8,0,0,0,0,0,0,1,0.0,-6.1
7.919,69,-157.5,1170,1,-0.083,100,-0.165,80,-0.149,-0.132,811,874,700,453,105,105,0,0,0,6.7,8,0,0,0,0,0,0,1,0.0,-9.8
8.034,70,-500,1170,3,-0.076,100,-0.152,80,-0.137,-0.121,326,857,700,449,117,105,60,12,0,7.3,8,0,0,0,0,0,0,1,0.0,-342.5
8.148,71,-500,1170,3,-0.079,100,-0.157,80,-0.142,-0.126,315,853,700,449,127,123,60,12,0,7.2,8,0,0,0,0,0,0,3,0.0,0.0
8.263,72,-500,1170,3,-0.082,100,-0.163,80,-0.147,-0.131,285,859,700,454,119,121,60,12,0,6.9,8,0,0,0,0,0,0,3,0.0,0.0
8.378,73,-500,1170,3,-0.084,100,-0.169,80,-0.152,-0.135,266,828,700,457,123,111,60,12,0,7,8,0,0,0,0,0,0,3,0.0,0.0
8.493,74,-500,1170,3,-0.087,100,-0.175,80,-0.157,-0.14,308,847,700,463,131,121,60,12,0,7.3,8,0,0,0,0,0,0,3,0.0,0.0
8.607,75,-500,1170,3,-0.09,100,-0.18,80,-0.162,-0.144,314,849,700,448,119,119,60,12,0,7.9,8,0,0,0,0,0,0,3,0.0,0.0
8.722,76,-500,1170,3,-0.093,100,-0.186,80,-0.167,-0.149,297,826,700,456,130,102,60,12,0,7.9,8,0,0,0,0,0,0,3,0.0,0.0
8.837,77,-500,1170,3,-0.096,100,-0.192,80,-0.173,-0.153,316,812,700,453,115,128,60,12,0,8,8,0,0,0,0,0,0,3,0.0,0.0
8.952,78,-500,1170,3,-0.099,100,-0.198,80,-0.178,-0.158,303,829,700,455,122,108,60,12,0,7.8,8,0,0,0,0,0,0,3,0.0,0.0
9.067,79,-500,1170,3,-0.102,100,-0.203,80,-0.183,-0.163,293,834,700,467,139,118,60,12,0,8.2,8,0,0,0,0,0,0,3,0.0,0.0
9.181,80,-500,1170,3,-0.105,100,-0.209,80,-0.188,-0.167,302,826,700,443,103,103,60,12,0,8.2,8,0,0,0,0,0,0,3,0.0,0.0
9.296,81,-500,1170,3,-0.107,100,-0.215,80,-0.193,-0.172,309,855,700,453,111,114,60,12,0,8.1,8,0,0,0,0,0,0,3,0.0,0.0
9.411,82,-500,1170,3,-0.11,100,-0.221,80,-0.198,-0.176,295,832,700,455,104,107,60,12,0,8.1,8,0,0,0,0,0,0,3,0.0,0.0
9.526,83,-500,1170,3,-0.113,100,-0.226,80,-0.204,-0.181,311,847,700,448,116,130,60,12,0,8.6,8,0,0,0,0,0,0,3,0.0,0.0
9.640,84,-500,1170,3,-0.116,100,-0.232,80,-0.209,-0.186,326,898,700,455,99,124,60,12,0,8.6,8,0,0,0,0,0,0,3,0.0,0.0
9.755,85,-500,1170,3,-0.119,100,-0.238,80,-0.214,-0.19,275,841,700,444,116,111,60,12,0,8.6,8,0,0,0,0,0,0,3,0.0,0.0
9.870,86,-500,1170,3,-0.122,100,-0.243,80,-0.219,-0.195,317,856,700,450,101,109,60,12,0,9,8,0,0,0,0,0,0,3,0.0,0.0
9.985,87,-500,1170,3,-0.125,100,-0.249,80,-0.224,-0.199,305,800,700,452,118,114,60,12,0,8.5,8,0,0,0,0,0,0,3,0.0,0.0
10.099,88,-500,1170,3,-0.127,100,-0.255,80,-0.229,-0.204,300,808,700,465,133,125,60,12,0,8.9,8,0,0,0,0,0,0,3,0.0,0.0
10.214,89,-500,1170,3,-0.13,100,-0.261,80,-0.235,-0.209,296,848,700,446,119,107,60,12,0,8.8,8,0,0,0,0,0,0,3,0.0,0.0
10.329,90,-500,1170,3,-0.133,100,-0.266,80,-0.24,-0.213,308,844,700,441,117,127,60,12,0,8.8,8,0,0,0,0,0,0,3,0.0,0.0
10.444,91,-500,1170,3,-0.136,100,-0.272,80,-0.245,-0.218,301,833,700,461,100,111,60,12,0,8.6,8,0,0,0,0,0,0,3,0.0,0.0
10.558,92,-500,1170,3,-0.139,100,-0.278,80,-0.25,-0.222,276,885,700,447,113,123,60,12,0,8.7,8,0,0,0,0,0,0,3,0.0,0.0
10.673,93,-500,1170,3,-0.142,100,-0.284,80,-0.255,-0.227,290,813,700,452,135,116,60,12,0,8.7,8,0,0,0,0,0,0,3,0.0,0.0
10.788,94,-500,1170,3,-0.145,100,-0.289,80,-0.26,-0.232,307,820,700,434,126,116,60,12,0,8.4,8,0,0,0,0,0,0,3,0.0,0.0
10.903,95,-500,1170,3,-0.148,100,-0.295,80,-0.266,-0.236,319,851,700,453,124,103,60,12,0,8.5,8,0,0,0,0,0,0,3,0.0,0.0
11.018,96,-350,1170,8,-0.25,100,-0.5,80,-0.45,-0.4,290,816,700,440,102,115,60,12,0,8.4,8,1,0,0,0,0,0,3,0.0,150.0
11.132,97,-350,1170,8,-0.25,100,-0.5,80,-0.45,-0.4,277,834,700,449,129,143,60,12,0,8.2,8,1,0,0,0,0,0,8,0.0,0.0
11.247,98,-350,1170,8,-0.25,100,-0.5,80,-0.45,-0.4,256,870,700,449,110,108,60,12,0,8,8,1,0,0,0,0,0,8,0.0,0.0
11.362,99,-350,1170,8,-0.25,100,-0.5,80,-0.45,-0.4,272,840,700,435,115,125,60,12,0,8,8,1,0,0,0,0,0,8,0.0,0.0
11.477,100,-350,1170,8,-0.25,100,-0.5,80,-0.45,-0.4,263,866,700,443,134,120,60,12,0,7.7,8,1,0,0,0,0,0,8,0.0,0.0
11.591,101,-350,1170,8,-0.25,100,-0.5,80,-0.45,-0.4,268,835,700,456,114,117,60,12,0,8.4,8,1,0,0,0,0,0,8,0.0,0.0
11.706,102,-350,1170,8,-0.25,100,-0.5,80,-0.45,-0.4,267,806,700,450,133,121,60,12,0,8.3,8,1,0,0,0,0,0,8,0.0,0.0
11.821,103,-350,1170,8,-0.25,100,-0.5,80,-0.45,-0.4,279,902,700,451,137,108,60,12,0,8.3,8,1,0,0,0,0,0,8,0.0,0.0
11.936,104,-350,1170,8,-0.25,100,-0.5,80,-0.45,-0.4,274,839,700,450,118,106,60,12,0,8.2,8,1,0,0,0,0,0,8,0.0,0.0
12.050,105,-350,1170,8,-0.25,100,-0.5,80,-0.45,-0.4,278,844,700,451,109,129,60,12,0,7.9,8,1,0,0,0,0,0,8,0.0,0.0
12.165,106,-350,1170,8,-0.25,100,-0.5,80,-0.45,-0.4,271,869,700,462,106,128,60,12,0,7.9,8,1,0,0,0,0,0,8,0.0,0.0
12.280,107,-350,1170,8,-0.25,100,-0.5,80,-0.45,-0.4,273,833,700,450,124,112,60,12,0,8.1,8,1,0,0,0,0,0,8,0.0,0.0
12.395,108,-350,1170,8,-0.25,100,-0.5,80,-0.45,-0.4,271,854,700,446,112,116,60,12,0,8.4,8,1,0,0,0,0,0,8,0.0,0.0
12.509,109,-420,1170,0,-0.035,100,-0.069,80,-0.062,-0.055,880,834,700,460,119,104,0,0,0,8,8,0,2,0,0,0,50,8,0.0,-70.0
12.624,110,-420,1170,0,0.023,100,0.047,80,0.042,0.037,880,839,700,455,113,121,0,0,0,8.1,8,0,2,0,0,0,50,0,0.0,0.0
12.739,111,-420,1170,0,-0.013,100,-0.027,80,-0.024,-0.021,838,852,700,445,115,129,0,0,0,8.1,8,0,2,0,0,0,50,0,0.0,0.0
12.854,112,-420,1170,0,0.022,100,0.044,80,0.04,0.035,880,865,700,443,128,114,0,0,0,8.7,8,0,2,0,0,0,50,0,0.0,0.0
12.969,113,-420,1170,0,0.043,100,0.085,80,0.077,0.068,801,826,700,456,127,117,0,0,0,8.7,8,0,2,0,0,0,50,0,0.0,0.0
13.083,114,-420,1170,0,0.016,100,0.033,80,0.029,0.026,848,876,700,455,109,127,0,0,0,8.1,8,0,2,0,0,0,50,0,0.0,0.0
13.198,115,-420,1170,0,-0.022,100,-0.044,80,-0.04,-0.036,859,827,700,437,119,122,0,0,0,7.8,8,0,2,0,0,0,50,0,0.0,0.0
13.313,116,-420,1170,0,-0.004,100,-0.007,80,-0.006,-0.006,876,850,700,454,130,114,0,0,0,7.8,8,0,1,0,0,0,50,0,0.0,0.0
13.428,117,-420,1170,0,-0.004,100,-0.008,80,-0.007,-0.006,852,827,700,446,124,109,0,0,0,8.1,8,0,1,0,0,0,50,0,0.0,0.0
13.542,118,-420,1170,0,0.01,100,0.02,80,0.018,0.016,839,901,700,464,129,111,0,0,0,8.2,8,0,1,0,0,0,50,0,0.0,0.0
13.657,119,-420,1170,0,0.011,100,0.022,80,0.02,0.017,852,851,700,435,117,95,0,0,0,8.1,8,0,1,0,0,0,50,0,0.0,0.0
13.772,120,-420,1170,0,-0.018,100,-0.036,80,-0.033,-0.029,832,845,700,438,102,107,0,0,0,8.1,8,0,1,0,0,0,50,0,0.0,0.0
13.887,121,-420,1170,0,-0.024,100,-0.048,80,-0.044,-0.039,890,824,700,439,122,114,0,0,0,8.3,8,0,1,0,0,0,50,0,0.0,0.0
14.001,122,71.1,1720,2,0.025,100,0.05,80,0.045,0.04,894,855,700,454,117,126,0,0,0,8,8,0,0,0,0,0,0,0,550.0,491.1
14.116,123,82.3,1720,2,0.028,100,0.057,80,0.051,0.046,800,843,700,443,117,104,0,0,0,7.9,8,0,0,0,0,0,0,2,0.0,11.2
14.231,124,73.4,1720,2,0.032,100,0.064,80,0.057,0.051,879,822,700,458,111,111,0,0,0,7.8,8,0,0,0,0,0,0,2,0.0,-8.9
14.346,125,73.2,1720,2,0.035,100,0.071,80,0.064,0.057,841,822,700,432,127,111,0,0,0,7.7,8,0,0,0,0,0,0,2,0.0,-0.2
14.461,126,97.7,1720,2,0.039,100,0.078,80,0.07,0.062,879,821,700,444,110,116,0,0,0,8,8,0,0,0,0,0,0,2,0.0,24.5
14.575,127,93.7,1720,2,0.042,100,0.085,80,0.076,0.068,790,822,700,451,122,115,0,0,0,8,8,0,0,0,0,0,0,2,0.0,-4.0
14.690,128,300,1720,3,0.046,100,0.091,80,0.082,0.073,850,832,700,442,113,125,60,12,0,8,8,0,0,0,0,0,0,2,0.0,206.3
14.805,129,300,1720,3,0.049,100,0.098,80,0.088,0.079,901,908,700,470,127,120,60,12,0,8.1,8,0,0,0,0,0,0,3,0.0,0.0
14.920,130,300,1720,3,0.053,100,0.105,80,0.095,0.084,845,836,700,446,107,117,60,12,0,8,8,0,0,0,0,0,0,3,0.0,0.0
15.034,131,120.6,1720,2,0.056,100,0.112,80,0.101,0.09,876,859,700,450,118,114,0,0,0,8.1,8,0,0,0,0,0,0,3,0.0,-179.4
15.149,132,115.7,1720,2,0.059,100,0.119,80,0.107,0.095,884,851,700,444,121,110,0,0,0,7.9,8,0,0,0,0,0,0,2,0.0,-4.9
15.264,133,110.8,1720,2,0.063,100,0.126,80,0.113,0.101,793,832,700,458,126,104,0,0,0,7.9,8,0,0,0,0,0,0,2,0.0,-4.9
15.379,134,140.5,1720,2,0.066,100,0.133,80,0.119,0.106,858,850,700,460,121,121,0,0,0,8.6,8,0,0,0,0,0,0,2,0.0,29.7
15.493,135,129.6,1720,2,0.07,100,0.14,80,0.126,0.112,824,851,700,450,143,109,0,0,0,8.5,8,0,0,0,0,0,0,2,0.0,-10.9
15.608,136,500,1720,4,0.078,100,0.155,80,0.14,0.124,861,313,700,436,110,123,60,0,14,8.2,8,0,0,0,0,0,0,2,0.0,370.4
15.723,137,500,1720,4,0.081,100,0.161,80,0.145,0.129,841,328,700,447,101,106,60,0,14,8,8,0,0,0,0,0,0,4,0.0,0.0
15.838,138,500,1720,4,0.083,100,0.167,80,0.15,0.134,842,314,700,449,119,117,60,0,14,7.8,8,0,0,0,0,0,0,4,0.0,0.0
15.952,139,500,1720,4,0.086,100,0.173,80,0.155,0.138,829,323,700,457,115,127,60,0,14,8,8,0,0,0,0,0,0,4,0.0,0.0
16.067,140,500,1720,4,0.089,100,0.178,80,0.161,0.143,885,317,700,439,122,112,60,0,14,8.2,8,0,0,0,0,0,0,4,0.0,0.0
16.182,141,500,1720,4,0.092,100,0.184,80,0.166,0.147,828,333,700,449,118,109,60,0,14,8.4,8,0,0,0,0,0,0,4,0.0,0.0
16.297,142,500,1720,4,0.095,100,0.19,80,0.171,0.152,865,320,700,443,105,106,60,0,14,8,8,0,0,0,0,0,0,4,0.0,0.0
16.412,143,500,1720,4,0.098,100,0.196,80,0.176,0.156,812,339,700,444,116,120,60,0,14,7.9,8,0,0,0,0,0,0,4,0.0,0.0
16.526,144,500,1720,4,0.101,100,0.201,80,0.181,0.161,880,340,700,437,118,121,60,0,14,8.1,8,0,0,0,0,0,0,4,0.0,0.0
16.641,145,500,1720,4,0.104,100,0.207,80,0.186,0.166,841,342,700,451,129,128,60,0,14,8.2,8,0,0,0,0,0,0,4,0.0,0.0
16.756,146,500,1720,4,0.106,100,0.213,80,0.192,0.17,833,305,700,459,115,106,60,0,14,8.2,8,0,0,0,0,0,0,4,0.0,0.0
16.871,147,500,1720,4,0.109,100,0.219,80,0.197,0.175,819,326,700,456,115,108,60,0,14,8,8,0,0,0,0,0,0,4,0.0,0.0
16.985,148,500,1720,4,0.112,100,0.224,80,0.202,0.179,834,319,700,444,133,117,60,0,14,8.7,8,0,0,0,0,0,0,4,0.0,0.0
17.100,149,500,1720,4,0.115,100,0.23,80,0.207,0.184,872,325,700,445,125,123,60,0,14,8.5,8,0,0,0,0,0,0,4,0.0,0.0
17.215,150,500,1720,4,0.118,100,0.236,80,0.212,0.189,877,322,700,440,105,133,60,0,14,8,8,0,0,0,0,0,0,4,0.0,0.0
17.330,151,500,1720,4,0.121,100,0.241,80,0.217,0.193,865,335,700,448,120,119,60,0,14,8,8,0,0,0,0,0,0,4,0.0,0.0
17.444,152,500,1720,4,0.124,100,0.247,80,0.222,0.198,890,324,700,451,128,117,60,0,14,7.8,8,0,0,0,0,0,0,4,0.0,0.0
17.559,153,350,1720,9,0.25,100,0.5,80,0.45,0.4,878,277,700,429,112,120,60,0,14,7.9,8,1,0,0,0,0,0,4,0.0,-150.0
17.674,154,350,1720,9,0.25,100,0.5,80,0.45,0.4,856,287,700,450,117,101,60,0,14,8.3,8,1,0,0,0,0,0,9,0.0,0.0
17.789,155,350,1720,9,0.25,100,0.5,80,0.45,0.4,868,277,700,460,107,115,60,0,14,8,8,1,0,0,0,0,0,9,0.0,0.0
17.903,156,350,1720,9,0.25,100,0.5,80,0.45,0.4,860,261,700,450,112,104,60,0,14,7.7,8,1,0,0,0,0,0,9,0.0,0.0
18.018,157,350,1720,9,0.25,100,0.5,80,0.45,0.4,804,250,700,453,140,103,60,0,14,7.8,8,1,0,0,0,0,0,9,0.0,0.0
18.133,158,350,1720,9,0.25,100,0.5,80,0.45,0.4,845,291,700,440,106,121,60,0,14,7.7,8,1,0,0,0,0,0,9,0.0,0.0
18.248,159,350,1720,9,0.25,100,0.5,80,0.45,0.4,825,277,700,454,125,100,60,0,14,7.6,8,1,0,0,0,0,0,9,0.0,0.0
18.363,160,350,1720,9,0.25,100,0.5,80,0.45,0.4,836,267,700,462,98,144,60,0,14,7.9,8,1,0,0,0,0,0,9,0.0,0.0
18.477,161,350,1720,9,0.25,100,0.5,80,0.45,0.4,881,272,700,455,112,92,60,0,14,7.6,8,1,0,0,0,0,0,9,0.0,0.0
18.592,162,350,1720,9,0.25,100,0.5,80,0.45,0.4,895,288,700,462,119,105,60,0,14,8.1,8,1,0,0,0,0,0,9,0.0,0.0
18.707,163,350,1720,9,0.25,100,0.5,80,0.45,0.4,807,258,700,449,139,130,60,0,14,8,8,1,0,0,0,0,0,9,0.0,0.0
18.822,164,350,1720,9,0.25,100,0.5,80,0.45,0.4,831,281,700,447,106,119,60,0,14,7.7,8,1,0,0,0,0,0,9,0.0,0.0
18.936,165,350,1720,9,0.25,100,0.5,80,0.45,0.4,856,256,700,461,143,122,60,0,14,7.4,8,1,0,0,0,0,0,9,0.0,0.0
19.051,166,-8.6,1411,0,0.018,100,0.035,80,0.032,0.028,842,870,700,452,126,112,0,0,0,7.6,8,0,0,0,0,0,50,9,-309.0,-358.6
19.166,167,-4.9,1426,0,-0.043,100,-0.086,80,-0.077,-0.069,839,814,700,442,121,122,0,0,0,7.6,8,0,0,0,0,0,50,0,15.0,3.7
19.281,168,-17,1377,0,-0.02,100,-0.041,80,-0.037,-0.033,826,869,700,456,116,132,0,0,0,8.1,8,0,0,0,0,0,50,0,-49.0,-12.1
19.395,169,-18.2,1372,0,0.037,100,0.075,80,0.067,0.06,834,780,700,462,109,119,0,0,0,8.7,8,0,0,0,0,0,50,0,-5.0,-1.2
19.510,170,-2.6,1435,0,0.003,100,0.005,80,0.005,0.004,813,833,700,451,131,118,0,0,0,8.8,8,0,0,0,0,0,50,0,63.0,15.6
19.625,171,28.2,1558,0,-0.018,100,-0.036,80,-0.032,-0.029,856,802,700,460,110,123,0,0,0,8.3,8,0,0,0,0,0,50,0,123.0,30.8
19.740,172,-0.7,1442,0,-0.026,100,-0.052,80,-0.047,-0.042,841,837,700,456,126,112,0,0,0,8.2,8,0,0,0,0,0,50,0,-116.0,-28.9
19.855,173,-10.9,1401,0,0.007,100,0.014,80,0.013,0.011,847,876,700,456,119,116,0,0,0,8.8,8,0,0,0,0,0,50,0,-41.0,-10.2
19.969,174,-10.3,1404,0,-0.023,100,-0.045,80,-0.041,-0.036,825,840,700,455,116,116,0,0,0,8.6,8,0,0,0,0,0,50,0,3.0,0.6
20.084,175,-14.6,1387,0,0.041,100,0.082,80,0.074,0.066,863,895,700,461,117,125,0,0,0,8.7,8,0,0,0,0,0,50,0,-17.0,-4.3
20.199,176,32.5,1575,0,-0.031,100,-0.061,80,-0.055,-0.049,879,892,700,456,132,111,0,0,0,8.7,8,0,0,0,0,0,50,0,188.0,47.1
20.314,177,5,1465,0,-0.022,100,-0.044,80,-0.04,-0.036,833,834,700,451,124,103,0,0,0,8.5,8,0,0,0,0,0,50,0,-110.0,-27.5
20.428,178,24.3,1542,0,0.03,100,0.059,80,0.053,0.047,869,841,700,454,124,100,0,0,0,8.4,8,0,0,0,0,0,50,0,77.0,19.3
20.543,179,9.1,1481,0,0.075,100,0.149,80,0.134,0.12,803,875,700,449,134,105,0,0,0,8.5,8,0,0,0,0,0,50,0,-61.0,-15.2
20.658,180,2,1453,0,0.038,100,0.075,80,0.068,0.06,845,839,700,446,135,108,0,0,0,8.4,8,0,0,0,0,0,50,0,-28.0,-7.1
20.773,181,10.8,1488,0,-0.032,100,-0.064,80,-0.058,-0.051,867,847,700,449,109,113,0,0,0,7.7,8,0,0,0,0,0,50,0,35.0,8.8
20.887,182,19,1521,0,-0.029,100,-0.057,80,-0.052,-0.046,823,887,700,462,123,108,0,0,0,7.8,8,0,0,0,0,0,50,0,33.0,8.2
21.002,183,-0.8,1442,0,0.032,100,0.063,80,0.057,0.051,874,850,700,449,114,137,0,0,0,7.8,8,0,0,0,0,0,50,0,-79.0,-19.8
21.117,184,0.1,1445,0,-0.029,100,-0.058,80,-0.052,-0.047,838,869,700,448,113,118,0,0,0,8,8,0,0,0,0,0,50,0,3.0,0.9
21.232,185,-20.6,1362,0,-0.033,100,-0.067,80,-0.06,-0.054,871,838,700,460,126,118,0,0,0,8.1,8,0,0,0,0,0,50,0,-83.0,-20.7
21.346,186,26.3,1550,0,0.017,100,0.034,80,0.031,0.027,841,869,700,442,120,116,0,0,0,8.2,8,0,0,0,0,0,50,0,188.0,46.9
21.461,187,-24.3,1348,0,-0.004,100,-0.009,80,-0.008,-0.007,843,839,700,447,119,119,0,0,0,7.7,8,0,0,0,0,0,50,0,-202.0,-50.6
21.576,188,-14,1389,0,0.016,100,0.033,80,0.029,0.026,819,844,700,444,114,129,0,0,0,8.1,8,0,0,0,0,0,50,0,41.0,10.3
21.691,189,-4.7,1426,0,-0.008,100,-0.015,80,-0.014,-0.012,856,877,700,443,109,106,0,0,0,7.5,8,0,0,0,0,0,50,0,37.0,9.3
21.806,190,-10.5,1403,0,-0.022,100,-0.043,80,-0.039,-0.034,858,827,700,453,112,119,0,0,0,7.6,8,0,0,0,0,0,50,0,-23.0,-5.8
21.920,191,20.1,1526,0,0.008,100,0.017,80,0.015,0.013,834,848,700,452,128,109,0,0,0,7.5,8,0,0,0,0,0,50,0,123.0,30.6
22.035,192,-2.6,1435,0,0.028,100,0.057,80,0.051,0.045,837,855,700,443,114,139,0,0,0,7.3,8,0,0,0,0,0,50,0,-91.0,-22.7
22.150,193,-4.9,1425,0,-0.013,100,-0.026,80,-0.024,-0.021,836,846,700,451,140,120,0,0,0,7.5,8,0,0,0,0,0,50,0,-10.0,-2.3
22.265,194,17.4,1514,0,0.007,100,0.014,80,0.012,0.011,865,814,700,449,117,96,0,0,0,7.6,8,0,0,0,0,0,50,0,89.0,22.3
22.379,195,10.6,1487,0,-0.01,100,-0.019,80,-0.017,-0.015,839,844,700,453,107,108,0,0,0,7.6,8,0,0,0,0,0,50,0,-27.0,-6.8
22.494,196,3.5,1459,0,0.004,100,0.007,80,0.007,0.006,841,836,700,449,131,107,0,0,0,7.4,8,0,0,0,0,0,50,0,-28.0,-7.1
22.609,197,18.3,1518,0,0.021,100,0.042,80,0.038,0.034,240,870,700,436,107,113,0,0,0,7.2,8,0,0,0,0,0,50,0,59.0,14.8
22.724,198,-3.9,1429,0,-0.013,100,-0.026,80,-0.023,-0.021,852,797,700,438,113,113,0,0,0,7.4,8,0,0,0,0,0,50,0,-89.0,-22.2
22.838,199,-13.9,1390,0,-0.034,100,-0.069,80,-0.062,-0.055,825,850,700,454,110,110,0,0,0,7.6,8,0,0,0,0,0,50,0,-39.0,-10.0
22.953,200,-11,1401,0,0.011,100,0.022,80,0.02,0.018,799,881,700,443,123,128,0,0,0,7.6,8,0,0,0,0,0,50,0,11.0,2.9
23.068,201,4.1,1461,0,0.026,100,0.053,80,0.047,0.042,853,881,700,449,134,119,0,0,0,8,8,0,0,0,0,0,50,0,60.0,15.1
23.183,202,1,1449,0,-0.023,100,-0.046,80,-0.041,-0.037,843,869,700,455,123,120,0,0,0,7.6,8,0,0,0,0,0,50,0,-12.0,-3.1
23.297,203,-26.5,1339,0,-0.003,100,-0.005,80,-0.005,-0.004,866,831,700,430,126,111,0,0,0,7.7,8,0,0,0,0,0,50,0,-110.0,-27.5
23.412,204,10.5,1487,0,-0.046,100,-0.092,80,-0.083,-0.074,867,844,700,442,113,140,0,0,0,8,8,0,0,0,0,0,50,0,148.0,37.0
23.527,205,-10,1405,0,-0.018,100,-0.035,80,-0.032,-0.028,843,824,700,463,112,100,0,0,0,8.3,8,0,0,0,0,0,50,0,-82.0,-20.5
23.642,206,14.1,1501,0,0.028,100,0.055,80,0.05,0.044,871,879,700,448,106,103,0,0,0,8,8,0,0,0,0,0,50,0,96.0,24.1
23.757,207,11.8,1492,0,-0.017,100,-0.034,80,-0.03,-0.027,907,852,700,456,138,122,0,0,0,7.8,8,0,0,0,0,0,50,0,-9.0,-2.3
23.871,208,-14.6,1387,0,0.009,100,0.019,80,0.017,0.015,884,838,700,458,121,106,0,0,0,7.7,8,0,0,0,0,0,50,0,-105.0,-26.4
23.986,209,-4.6,1427,0,-0.019,100,-0.038,80,-0.034,-0.03,857,853,700,455,104,122,0,0,0,8,8,0,0,0,0,0,50,0,40.0,10.0
24.101,210,10.8,1488,0,0.011,100,0.023,80,0.021,0.018,876,836,700,457,109,96,0,0,0,7.8,8,0,0,0,0,0,50,0,61.0,15.4
24.216,211,12.3,1494,0,-0.018,100,-0.036,80,-0.033,-0.029,842,815,700,440,116,121,0,0,0,7.5,8,0,0,0,0,0,50,0,6.0,1.5
24.330,212,-27.6,1335,0,0.019,100,0.038,80,0.034,0.03,820,823,700,449,104,136,0,0,0,7.7,8,0,0,0,0,0,50,0,-159.0,-39.9
24.445,213,-10.3,1404,0,0.006,100,0.012,80,0.011,0.01,855,885,700,458,112,129,0,0,0,7.6,8,0,0,0,0,0,50,0,69.0,17.3
24.560,214,-9.2,1408,0,-0.009,100,-0.018,80,-0.016,-0.014,897,858,700,467,123,109,0,0,0,7.7,8,0,0,0,0,0,50,0,4.0,1.1
24.675,215,8.8,1480,0,-0.03,100,-0.059,80,-0.053,-0.047,878,880,700,444,121,118,0,0,0,7.6,8,0,0,0,0,0,50,0,72.0,18.0
24.789,216,-11.7,1398,0,0.014,100,0.028,80,0.026,0.023,799,839,700,447,123,105,0,0,0,7.6,8,0,0,0,0,0,50,0,-82.0,-20.5
24.904,217,7.1,1473,0,-0.005,100,-0.009,80,-0.008,-0.007,834,816,700,452,110,118,0,0,0,7.3,8,0,0,0,0,0,50,0,75.0,18.8
25.019,218,12.7,1496,0,0.026,100,0.052,80,0.046,0.041,889,843,700,458,123,129,0,0,0,7.2,8,0,0,0,0,0,50,0,23.0,5.6
25.134,219,0.1,1446,0,0.03,100,0.06,80,0.054,0.048,871,868,700,453,122,120,0,0,0,7.4,8,0,0,0,0,0,50,0,-50.0,-12.6
25.249,220,11.9,1493,0,-0.013,100,-0.026,80,-0.023,-0.02,893,847,700,449,117,138,0,0,0,7.8,8,0,0,0,0,0,50,0,47.0,11.8
25.363,221,-3.7,1430,0,-0.032,100,-0.064,80,-0.057,-0.051,832,842,700,451,129,107,0,0,0,8.3,8,0,0,0,0,0,50,0,-63.0,-15.6
25.478,222,4.2,1462,0,0.017,100,0.034,80,0.03,0.027,895,833,700,452,109,117,0,0,0,8.4,8,0,0,0,0,0,50,0,32.0,7.9
25.593,223,-3.2,1432,0,-0.058,100,-0.116,80,-0.105,-0.093,865,864,700,439,134,120,0,0,0,8.3,8,0,0,0,0,0,50,0,-30.0,-7.4
25.708,224,12.2,1494,0,0.035,100,0.071,80,0.063,0.056,837,870,700,449,119,117,0,0,0,8.2,8,0,0,0,0,0,50,0,62.0,15.4
25.822,225,13.4,1498,0,0.003,100,0.006,80,0.006,0.005,846,843,700,442,114,117,0,0,0,8.2,8,0,0,0,0,0,50,0,4.0,1.2
25.937,226,-6.8,1418,0,-0.003,100,-0.006,80,-0.005,-0.005,835,900,700,453,119,139,0,0,0,8.5,8,0,0,0,0,0,50,0,-80.0,-20.2
26.052,227,-61.1,1201,1,-0.027,100,-0.053,80,-0.048,-0.042,858,858,700,466,111,124,0,0,0,8.4,8,0,0,0,0,0,0,0,-217.0,-54.3
26.167,228,-70.1,1170,1,-0.03,100,-0.06,80,-0.054,-0.048,842,849,700,441,116,104,0,0,0,8.7,8,0,0,0,0,0,0,1,-31.0,-9.0
26.281,229,-85.8,1170,1,-0.033,100,-0.067,80,-0.06,-0.054,841,833,700,454,135,98,0,0,0,8.4,8,0,0,0,0,0,0,1,0.0,-15.7
26.396,230,-89,1170,1,-0.037,100,-0.074,80,-0.066,-0.059,862,826,700,455,120,116,0,0,0,8.1,8,0,0,0,0,0,0,1,0.0,-3.2
26.511,231,-90.7,1170,1,-0.04,100,-0.081,80,-0.073,-0.065,811,865,700,457,132,107,0,0,0,8,8,0,0,0,0,0,0,1,0.0,-1.7
26.626,232,-107.6,1170,1,-0.044,100,-0.088,80,-0.079,-0.07,885,832,700,446,104,118,0,0,0,7.9,8,0,0,0,0,0,0,1,0.0,-16.9
26.740,233,-103.9,1170,1,-0.047,100,-0.094,80,-0.085,-0.076,873,833,700,456,116,118,0,0,0,8,8,0,0,0,0,0,0,1,0.0,3.7
26.855,234,-108.5,1170,1,-0.051,100,-0.101,80,-0.091,-0.081,866,822,700,453,138,131,0,0,0,8.2,8,0,0,0,0,0,0,1,0.0,-4.6
26.970,235,-112.4,1170,1,-0.054,100,-0.108,80,-0.097,-0.087,818,856,700,450,99,111,0,0,0,8.9,8,0,0,0,0,0,0,1,0.0,-3.9
27.085,236,-116.1,1170,1,-0.058,100,-0.115,80,-0.104,-0.092,828,841,700,442,127,112,0,0,0,8.7,8,0,0,0,0,0,0,1,0.0,-3.7
27.200,237,-136.9,1170,1,-0.061,100,-0.122,80,-0.11,-0.098,830,866,700,455,116,120,0,0,0,8.6,8,0,0,0,0,0,0,1,0.0,-20.8
27.314,238,-143.2,1170,1,-0.064,100,-0.129,80,-0.116,-0.103,878,856,700,457,137,120,0,0,0,8.2,8,0,0,0,0,0,0,1,0.0,-6.3
27.429,239,-130.9,1170,1,-0.068,100,-0.136,80,-0.122,-0.109,845,850,700,457,133,106,0,0,0,7.8,8,0,0,0,0,0,0,1,0.0,12.3
27.544,240,-133,1170,1,-0.071,100,-0.143,80,-0.128,-0.114,834,791,700,446,141,119,0,0,0,7.9,8,0,0,0,0,0,0,1,0.0,-2.1
27.659,241,-141.5,1170,1,-0.075,100,-0.15,80,-0.135,-0.12,824,831,700,446,136,126,0,0,0,7.8,8,0,0,0,0,0,0,1,0.0,-8.5
27.773,242,-150,1170,1,-0.078,100,-0.156,80,-0.141,-0.125,862,886,700,442,117,104,0,0,0,8.3,8,0,0,0,0,0,0,1,0.0,-8.5
27.888,243,-154.9,1170,1,-0.082,100,-0.163,80,-0.147,-0.131,886,833,700,444,108,118,0,0,0,8.1,8,0,0,0,0,0,0,1,0.0,-4.9
28.003,244,-500,1170,3,-0.075,100,-0.15,80,-0.135,-0.12,285,834,700,464,106,133,60,12,0,7.8,8,0,0,0,0,0,0,1,0.0,-345.1
28.118,245,-500,1170,3,-0.078,100,-0.156,80,-0.14,-0.125,326,876,700,447,130,121,60,12,0,7.6,8,0,0,0,0,0,0,3,0.0,0.0
28.232,246,-500,1170,3,-0.081,100,-0.162,80,-0.145,-0.129,331,819,700,432,118,116,60,12,0,7.4,8,0,0,0,0,0,0,3,0.0,0.0
28.347,247,-500,1170,3,-0.084,100,-0.167,80,-0.151,-0.134,324,865,700,458,125,115,60,12,0,7.5,8,0,0,0,0,0,0,3,0.0,0.0
28.462,248,-500,1170,3,-0.087,100,-0.173,80,-0.156,-0.138,279,880,700,457,119,110,60,12,0,7.9,8,0,0,0,0,0,0,3,0.0,0.0
28.577,249,-500,1170,3,-0.089,100,-0.179,80,-0.161,-0.143,315,857,700,451,104,125,60,12,0,7.8,8,0,0,0,0,0,0,3,0.0,0.0
28.691,250,-500,1170,3,-0.092,100,-0.185,80,-0.166,-0.148,258,867,700,438,130,142,60,12,0,7.8,8,0,0,0,0,0,0,3,0.0,0.0
28.806,251,-500,1170,3,-0.095,100,-0.19,80,-0.171,-0.152,310,859,700,442,135,108,60,12,0,8.2,8,0,0,0,0,0,0,3,0.0,0.0
28.921,252,-500,1170,3,-0.098,100,-0.196,80,-0.176,-0.157,289,827,700,449,131,105,60,12,0,8,8,0,0,0,0,0,0,3,0.0,0.0
29.036,253,-500,1170,3,-0.101,100,-0.202,80,-0.182,-0.161,323,862,700,456,125,135,60,12,0,8.1,8,0,0,0,0,0,0,3,0.0,0.0
29.151,254,-500,1170,3,-0.104,100,-0.208,80,-0.187,-0.166,285,843,700,446,113,122,60,12,0,7.6,8,0,0,0,0,0,0,3,0.0,0.0
29.265,255,-500,1170,3,-0.107,100,-0.213,80,-0.192,-0.171,289,844,700,440,114,118,60,12,0,7.5,8,0,0,0,0,0,0,3,0.0,0.0
29.380,0,-500,1170,3,-0.11,100,-0.219,80,-0.197,-0.175,302,828,700,455,116,101,60,12,0,8,8,0,0,0,0,0,0,3,0.0,0.0
29.495,1,-500,1170,3,-0.112,100,-0.225,80,-0.202,-0.18,301,831,700,450,134,111,60,12,0,7.9,8,0,0,0,0,0,0,3,0.0,0.0
29.610,2,-500,1170,3,-0.115,100,-0.23,80,-0.207,-0.184,283,824,700,438,124,143,60,12,0,7.6,8,0,0,0,0,0,0,3,0.0,0.0
29.724,3,-500,1170,3,-0.118,100,-0.236,80,-0.213,-0.189,296,822,700,444,139,98,60,12,0,7.6,8,0,0,0,0,0,0,3,0.0,0.0
29.839,4,-500,1170,3,-0.121,100,-0.242,80,-0.218,-0.194,313,854,700,453,126,97,60,12,0,7.7,8,0,0,0,0,0,0,3,0.0,0.0
29.954,5,-500,1170,3,-0.124,100,-0.248,80,-0.223,-0.198,279,875,700,443,114,127,60,12,0,7.7,8,0,0,0,0,0,0,3,0.0,0.0
30.069,8,-500,1170,3,-0.127,100,-0.253,80,-0.228,-0.203,301,846,700,444,138,105,60,12,0,7.6,8,0,0,0,0,0,0,3,0.0,0.0
30.183,9,-500,1170,3,-0.13,100,-0.259,80,-0.233,-0.207,305,903,700,446,130,108,60,12,0,7.4,8,0,0,0,0,0,0,3,0.0,0.0
30.298,10,-500,1170,3,-0.132,100,-0.265,80,-0.238,-0.212,311,866,700,441,131,114,60,12,0,7.9,8,0,0,0,0,0,0,3,0.0,0.0
30.413,11,-500,1170,3,-0.135,100,-0.271,80,-0.244,-0.217,276,825,700,461,139,124,60,12,0,7.7,8,0,0,0,0,0,0,3,0.0,0.0
30.528,12,-500,1170,3,-0.138,100,-0.276,80,-0.249,-0.221,284,857,700,450,116,107,60,12,0,7.5,8,0,0,0,0,0,0,3,0.0,0.0
30.643,13,-500,1170,3,-0.141,100,-0.282,80,-0.254,-0.226,295,850,700,448,113,113,60,12,0,7.6,8,0,0,0,0,0,0,3,0.0,0.0
30.757,14,-500,1170,3,-0.144,100,-0.288,80,-0.259,-0.23,294,808,700,451,115,112,60,12,0,7.6,8,0,0,0,0,0,0,3,0.0,0.0
30.872,15,-500,1170,3,-0.147,100,-0.294,80,-0.264,-0.235,315,883,700,456,112,129,60,12,0,7.5,8,0,0,0,0,0,0,3,0.0,0.0
30.987,16,-500,1170,3,-0.15,100,-0.299,80,-0.269,-0.239,303,831,700,450,114,81,60,12,0,7.6,8,0,0,0,0,0,0,3,0.0,0.0
31.102,17,-350,1170,8,-0.25,100,-0.5,80,-0.45,-0.4,273,878,700,448,118,112,60,12,0,7.6,8,1,0,0,0,0,0,3,0.0,150.0
31.216,18,-350,1170,8,-0.25,100,-0.5,80,-0.45,-0.4,281,850,700,450,118,122,60,12,0,7.6,8,1,0,0,0,0,0,8,0.0,0.0
31.331,19,-350,1170,8,-0.25,100,-0.5,80,-0.45,-0.4,290,831,700,447,134,128,60,12,0,7.6,8,1,0,0,0,0,0,8,0.0,0.0
31.446,20,-350,1170,8,-0.25,100,-0.5,80,-0.45,-0.4,277,860,700,438,106,122,60,12,0,7.6,8,1,0,0,0,0,0,8,0.0,0.0
31.561,21,-350,1170,8,-0.25,100,-0.5,80,-0.45,-0.4,266,814,700,457,131,146,60,12,0,7.3,8,1,0,0,0,0,0,8,0.0,0.0
31.675,22,-350,1170,8,-0.25,100,-0.5,80,-0.45,-0.4,263,764,700,457,126,123,60,12,0,7.3,8,1,0,0,0,0,0,8,0.0,0.0
31.790,23,-350,1170,8,-0.25,100,-0.5,80,-0.45,-0.4,265,823,700,462,132,125,60,12,0,7.1,8,1,0,0,0,0,0,8,0.0,0.0
31.905,24,-350,1170,8,-0.25,100,-0.5,80,-0.45,-0.4,268,852,700,446,128,120,60,12,0,7.4,8,1,0,0,0,0,0,8,0.0,0.0
32.020,25,-350,1170,8,-0.25,100,-0.5,80,-0.45,-0.4,267,870,700,446,105,127,60,12,0,7.5,8,1,0,0,0,0,0,8,0.0,0.0
32.134,26,-350,1170,8,-0.25,100,-0.5,80,-0.45,-0.4,259,809,700,443,108,125,60,12,0,7.5,8,1,0,0,0,0,0,8,0.0,0.0
32.249,27,-350,1170,8,-0.25,100,-0.5,80,-0.45,-0.4,261,858,700,454,120,113,60,12,0,7.5,8,1,0,0,0,0,0,8,0.0,0.0
32.364,28,-350,1170,8,-0.25,100,-0.5,80,-0.45,-0.4,261,844,700,469,116,121,60,12,0,7.7,8,1,0,0,0,0,0,8,0.0,0.0
32.479,29,-350,1170,8,-0.25,100,-0.5,80,-0.45,-0.4,287,832,700,443,117,119,60,12,0,7.7,8,1,0,0,0,0,0,8,0.0,0.0
32.594,30,-420,1170,0,-0.001,100,-0.003,80,-0.002,-0.002,816,844,700,465,127,120,0,0,0,8,8,0,2,0,0,0,50,8,0.0,-70.0
32.708,31,-420,1170,0,0.025,100,0.051,80,0.046,0.041,892,877,700,452,121,121,0,0,0,7.9,8,0,2,0,0,0,50,0,0.0,0.0
32.823,32,-420,1170,0,-0.02,100,-0.039,80,-0.035,-0.031,797,833,700,450,120,101,0,0,0,7.4,8,0,2,0,0,0,50,0,0.0,0.0
32.938,33,-420,1170,0,0.022,100,0.043,80,0.039,0.035,852,892,700,440,130,122,0,0,0,8,8,0,2,0,0,0,50,0,0.0,0.0
33.053,34,-420,1170,0,0.023,100,0.047,80,0.042,0.037,832,835,700,443,119,103,0,0,0,7.8,8,0,2,0,0,0,50,0,0.0,0.0
33.167,35,-420,1170,0,0.014,100,0.029,80,0.026,0.023,848,860,700,443,114,118,0,0,0,7.3,8,0,2,0,0,0,50,0,0.0,0.0
33.282,36,-420,1170,0,0.023,100,0.047,80,0.042,0.037,849,850,700,455,115,129,0,0,0,7.4,8,0,1,0,0,0,50,0,0.0,0.0
33.397,37,-420,1170,0,0.004,100,0.008,80,0.007,0.006,851,863,700,457,123,126,0,0,0,7.8,8,0,1,0,0,0,50,0,0.0,0.0
33.512,38,-420,1170,0,0.031,100,0.063,80,0.056,0.05,849,798,700,450,108,116,0,0,0,8.2,8,0,1,0,0,0,50,0,0.0,0.0
33.626,39,-420,1170,0,0.053,100,0.105,80,0.095,0.084,862,811,700,446,139,107,0,0,0,8.3,8,0,1,0,0,0,50,0,0.0,0.0
33.741,40,-420,1170,0,0.002,100,0.003,80,0.003,0.003,240,840,700,453,136,98,0,0,0,7.7,8,0,1,0,0,0,50,0,0.0,0.0
33.856,41,-420,1170,0,-0.014,100,-0.028,80,-0.026,-0.023,909,861,700,458,125,112,0,0,0,7.7,8,0,1,0,0,0,50,0,0.0,0.0
33.971,42,-420,1170,0,-0.013,100,-0.026,80,-0.023,-0.02,805,901,700,445,123,102,0,0,0,7.6,8,0,1,0,0,0,50,0,0.0,0.0
34.085,43,82.8,1720,2,0.028,100,0.055,80,0.05,0.044,837,852,700,453,126,107,0,0,0,7.6,8,0,0,0,0,0,0,0,550.0,502.8
34.200,44,79.1,1720,2,0.031,100,0.062,80,0.056,0.05,877,861,700,450,112,125,0,0,0,7.3,8,0,0,0,0,0,0,2,0.0,-3.7
34.315,45,79.4,1720,2,0.034,100,0.069,80,0.062,0.055,873,868,700,447,116,119,0,0,0,7.7,8,0,0,0,0,0,0,2,0.0,0.3
34.430,46,101.3,1720,2,0.038,100,0.076,80,0.068,0.061,846,888,700,462,119,121,0,0,0,7.7,8,0,0,0,0,0,0,2,0.0,21.9
34.545,47,84.9,1720,2,0.041,100,0.083,80,0.074,0.066,910,856,700,446,116,88,0,0,0,8.1,8,0,0,0,0,0,0,2,0.0,-16.4
34.659,48,300,1720,3,0.045,100,0.09,80,0.081,0.072,870,874,700,457,112,114,60,12,0,8,8,0,0,0,0,0,0,2,0.0,215.1
34.774,49,300,1720,3,0.048,100,0.096,80,0.087,0.077,817,859,700,453,115,102,60,12,0,7.8,8,0,0,0,0,0,0,3,0.0,0.0
34.889,50,300,1720,3,0.052,100,0.103,80,0.093,0.083,812,856,700,440,116,119,60,12,0,8,8,0,0,0,0,0,0,3,0.0,0.0
35.004,51,124,1720,2,0.055,100,0.11,80,0.099,0.088,821,875,700,445,124,119,0,0,0,8.1,8,0,0,0,0,0,0,3,0.0,-176.0
35.118,52,111.4,1720,2,0.059,100,0.117,80,0.105,0.094,853,846,700,450,115,121,0,0,0,8.1,8,0,0,0,0,0,0,2,0.0,-12.6
35.233,53,134.1,1720,2,0.062,100,0.124,80,0.112,0.099,861,857,700,437,122,122,0,0,0,7.8,8,0,0,0,0,0,0,2,0.0,22.7
35.348,54,123.9,1720,2,0.065,100,0.131,80,0.118,0.105,828,870,700,470,123,125,0,0,0,7.5,8,0,0,0,0,0,0,2,0.0,-10.2
35.463,55,127.6,1720,2,0.069,100,0.138,80,0.124,0.11,857,880,700,461,134,123,0,0,0,7.2,8,0,0,0,0,0,0,2,0.0,3.7
35.577,56,500,1720,4,0.077,100,0.154,80,0.138,0.123,833,330,700,453,130,123,60,0,14,7.5,8,0,0,0,0,0,0,2,0.0,372.4
35.692,57,500,1720,4,0.08,100,0.16,80,0.144,0.128,863,312,700,457,129,124,60,0,14,7.5,8,0,0,0,0,0,0,4,0.0,0.0
35.807,58,500,1720,4,0.083,100,0.165,80,0.149,0.132,820,328,700,456,151,125,60,0,14,7.5,8,0,0,0,0,0,0,4,0.0,0.0
35.922,59,500,1720,4,0.086,100,0.171,80,0.154,0.137,834,312,700,444,117,107,60,0,14,7.3,8,0,0,0,0,0,0,4,0.0,0.0
36.037,60,500,1720,4,0.088,100,0.177,80,0.159,0.141,861,335,700,447,126,103,60,0,14,7.7,8,0,0,0,0,0,0,4,0.0,0.0
36.151,61,500,1720,4,0.091,100,0.183,80,0.164,0.146,845,326,700,443,127,118,60,0,14,7.3,8,0,0,0,0,0,0,4,0.0,0.0
36.266,62,500,1720,4,0.094,100,0.188,80,0.169,0.151,824,313,700,453,110,137,60,0,14,7.2,8,0,0,0,0,0,0,4,0.0,0.0
36.381,63,500,1720,4,0.097,100,0.194,80,0.175,0.155,823,302,700,451,126,105,60,0,14,6.9,8,0,0,0,0,0,0,4,0.0,0.0
36.496,64,500,1720,4,0.1,100,0.2,80,0.18,0.16,853,329,700,462,125,113,60,0,14,6.7,8,0,0,0,0,0,0,4,0.0,0.0
36.610,65,500,1720,4,0.103,100,0.206,80,0.185,0.164,816,315,700,445,135,114,60,0,14,6.6,8,0,0,0,0,0,0,4,0.0,0.0
36.725,66,500,1720,4,0.106,100,0.211,80,0.19,0.169,862,311,700,440,115,115,60,0,14,6.4,8,0,0,0,0,0,0,4,0.0,0.0
36.840,67,500,1720,4,0.108,100,0.217,80,0.195,0.174,856,305,700,445,110,111,60,0,14,6.1,8,0,0,0,0,0,0,4,0.0,0.0
36.955,68,500,1720,4,0.111,100,0.223,80,0.2,0.178,822,322,700,453,117,107,60,0,14,6.2,8,0,0,0,0,0,0,4,0.0,0.0
37.069,69,500,1720,4,0.114,100,0.228,80,0.206,0.183,833,341,700,443,140,119,60,0,14,6.9,8,0,0,0,0,0,0,4,0.0,0.0
37.184,70,500,1720,4,0.117,100,0.234,80,0.211,0.187,865,317,700,444,109,125,60,0,14,7.4,8,0,0,0,0,0,0,4,0.0,0.0
37.299,71,500,1720,4,0.12,100,0.24,80,0.216,0.192,823,327,700,440,122,115,60,0,14,7.9,8,0,0,0,0,0,0,4,0.0,0.0
37.414,72,500,1720,4,0.123,100,0.246,80,0.221,0.197,878,309,700,457,129,110,60,0,14,8.1,8,0,0,0,0,0,0,4,0.0,0.0
37.528,73,350,1720,9,0.25,100,0.5,80,0.45,0.4,834,280,700,440,94,103,60,0,14,8.5,8,1,0,0,0,0,0,4,0.0,-150.0
37.643,74,350,1720,9,0.25,100,0.5,80,0.45,0.4,865,262,700,442,119,111,60,0,14,8.5,8,1,0,0,0,0,0,9,0.0,0.0
37.758,75,350,1720,9,0.25,100,0.5,80,0.45,0.4,829,265,700,444,112,126,60,0,14,8,8,1,0,0,0,0,0,9,0.0,0.0
37.873,76,350,1720,9,0.25,100,0.5,80,0.45,0.4,816,269,700,459,113,128,60,0,14,7.9,8,1,0,0,0,0,0,9,0.0,0.0
37.988,77,350,1720,9,0.25,100,0.5,80,0.45,0.4,800,279,700,451,127,113,60,0,14,8.3,8,1,0,0,0,0,0,9,0.0,0.0
38.102,78,350,1720,9,0.25,100,0.5,80,0.45,0.4,874,267,700,454,123,109,60,0,14,8.2,8,1,0,0,0,0,0,9,0.0,0.0
38.217,79,350,1720,9,0.25,100,0.5,80,0.45,0.4,850,282,700,454,109,111,60,0,14,8.1,8,1,0,0,0,0,0,9,0.0,0.0
38.332,80,350,1720,9,0.25,100,0.5,80,0.45,0.4,803,260,700,448,122,124,60,0,14,7.9,8,1,0,0,0,0,0,9,0.0,0.0
38.447,81,350,1720,9,0.25,100,0.5,80,0.45,0.4,872,279,700,446,119,117,60,0,14,7.9,8,1,0,0,0,0,0,9,0.0,0.0
38.561,82,350,1720,9,0.25,100,0.5,80,0.45,0.4,837,279,700,445,135,90,60,0,14,7.5,8,1,0,0,0,0,0,9,0.0,0.0
38.676,83,350,1720,9,0.25,100,0.5,80,0.45,0.4,809,239,700,462,129,115,60,0,14,7.9,8,1,0,0,0,0,0,9,0.0,0.0
38.791,84,350,1720,9,0.25,100,0.5,80,0.45,0.4,870,267,700,441,116,119,60,0,14,8.2,8,1,0,0,0,0,0,9,0.0,0.0
38.906,85,350,1720,9,0.25,100,0.5,80,0.45,0.4,859,269,700,444,120,110,60,0,14,8,8,1,0,0,0,0,0,9,0.0,0.0
39.020,86,11.6,1491,0,-0.018,100,-0.035,80,-0.032,-0.028,875,849,700,445,114,106,0,0,0,8.2,8,0,0,0,0,0,50,9,-229.0,-338.4
39.135,87,6.9,1473,0,0.023,100,0.047,80,0.042,0.038,903,882,700,448,123,117,0,0,0,8.2,8,0,0,0,0,0,50,0,-18.0,-4.7
39.250,88,17.6,1515,0,0.024,100,0.047,80,0.042,0.038,829,833,700,452,117,129,0,0,0,8.5,8,0,0,0,0,0,50,0,42.0,10.7
39.365,89,-4.7,1426,0,-0.007,100,-0.014,80,-0.013,-0.011,838,801,700,440,114,110,0,0,0,8.7,8,0,0,0,0,0,50,0,-89.0,-22.3
39.479,90,8.7,1480,0,-0.002,100,-0.003,80,-0.003,-0.003,850,808,700,438,123,121,0,0,0,8.5,8,0,0,0,0,0,50,0,54.0,13.4
39.594,91,-0.2,1444,0,0.051,100,0.102,80,0.092,0.082,863,865,700,448,129,129,0,0,0,8.5,8,0,0,0,0,0,50,0,-36.0,-8.9
39.709,92,-15.6,1383,0,0.026,100,0.053,80,0.047,0.042,863,874,700,440,108,136,0,0,0,8.5,8,0,0,0,0,0,50,0,-61.0,-15.4
39.824,93,3,1457,0,-0.035,100,-0.071,80,-0.064,-0.057,859,841,700,431,103,120,0,0,0,8,8,0,0,0,0,0,50,0,74.0,18.6
39.939,94,-0.6,1443,0,-0.006,100,-0.012,80,-0.011,-0.01,857,865,700,447,111,105,0,0,0,7.5,8,0,0,0,0,0,50,0,-14.0,-3.6
40.053,95,-6.6,1419,0,-0.003,100,-0.006,80,-0.006,-0.005,843,814,700,466,109,101,0,0,0,7.4,8,0,0,0,0,0,50,0,-24.0,-6.0
40.168,96,3.3,1458,0,0.015,100,0.03,80,0.027,0.024,862,822,700,443,108,111,0,0,0,7.8,8,0,0,0,0,0,50,0,39.0,9.9
40.283,97,-1.3,1440,0,0.018,100,0.036,80,0.032,0.029,866,849,700,450,128,103,0,0,0,8,8,0,0,0,0,0,50,0,-18.0,-4.6
40.398,98,-18.9,1369,0,0.019,100,0.039,80,0.035,0.031,815,842,700,446,115,131,0,0,0,8,8,0,0,0,0,0,50,0,-71.0,-17.6
40.512,99,-30.4,1324,0,0.022,100,0.044,80,0.04,0.035,907,851,700,455,138,106,0,0,0,8,8,0,0,0,0,0,50,0,-45.0,-11.5
40.627,100,1.1,1449,0,-0.005,100,-0.009,80,-0.008,-0.007,864,854,700,446,120,111,0,0,0,8.2,8,0,0,0,0,0,50,0,125.0,31.5
40.742,101,-8,1413,0,-0.004,100,-0.007,80,-0.006,-0.006,846,821,700,448,106,129,0,0,0,8.5,8,0,0,0,0,0,50,0,-36.0,-9.1
40.857,102,-9,1409,0,0.013,100,0.025,80,0.023,0.02,850,856,700,445,120,138,0,0,0,8.5,8,0,0,0,0,0,50,0,-4.0,-1.0
40.971,103,-26.9,1338,0,0.002,100,0.003,80,0.003,0.003,861,824,700,467,116,138,0,0,0,8.1,8,0,0,0,0,0,50,0,-71.0,-17.9
41.086,104,6.4,1471,0,0.002,100,0.004,80,0.003,0.003,862,866,700,453,121,119,0,0,0,8.4,8,0,0,0,0,0,50,0,133.0,33.3
41.201,105,16.2,1510,0,0.02,100,0.041,80,0.037,0.033,825,834,700,445,116,108,0,0,0,8.4,8,0,0,0,0,0,50,0,39.0,9.8
41.316,106,-3.1,1432,0,0.011,100,0.021,80,0.019,0.017,875,850,700,449,151,128,0,0,0,8.9,8,0,0,0,0,0,50,0,-78.0,-19.3
41.431,107,6,1469,0,-0.012,100,-0.025,80,-0.022,-0.02,779,846,700,465,106,137,0,0,0,8.8,8,0,0,0,0,0,50,0,37.0,9.1
41.545,108,-3,1433,0,0.018,100,0.036,80,0.033,0.029,787,853,700,455,120,106,0,0,0,8.6,8,0,0,0,0,0,50,0,-36.0,-9.0
41.660,109,11.4,1490,0,0.017,100,0.035,80,0.031,0.028,865,875,700,449,106,104,0,0,0,8.8,8,0,0,0,0,0,50,0,57.0,14.4
41.775,110,16.2,1510,0,0.018,100,0.036,80,0.032,0.028,853,839,700,450,116,111,0,0,0,8.7,8,0,0,0,0,0,50,0,20.0,4.8
41.890,111,26,1549,0,0.006,100,0.011,80,0.01,0.009,835,817,700,455,127,115,0,0,0,8.4,8,0,0,0,0,0,50,0,39.0,9.8
42.004,112,0.6,1447,0,-0.008,100,-0.015,80,-0.014,-0.012,822,883,700,469,112,116,0,0,0,8.4,8,0,0,0,0,0,50,0,-102.0,-25.4
42.119,113,10.6,1487,0,-0.006,100,-0.012,80,-0.011,-0.01,815,826,700,452,119,128,0,0,0,8.4,8,0,0,0,0,0,50,0,40.0,10.0
42.234,114,11.9,1493,0,0.008,100,0.016,80,0.015,0.013,851,844,700,457,120,122,0,0,0,8.5,8,0,0,0,0,0,50,0,6.0,1.3
42.349,115,-3.9,1429,0,-0.035,100,-0.071,80,-0.064,-0.056,825,869,700,462,120,126,0,0,0,8.5,8,0,0,0,0,0,50,0,-64.0,-15.8
42.463,116,15.9,1509,0,0.025,100,0.05,80,0.045,0.04,835,845,700,442,124,128,0,0,0,8.5,8,0,0,0,0,0,50,0,80.0,19.8
42.578,117,-5.8,1422,0,0.049,100,0.099,80,0.089,0.079,843,845,700,444,124,118,0,0,0,8.3,8,0,0,0,0,0,50,0,-87.0,-21.7
42.693,118,19.9,1525,0,0.015,100,0.03,80,0.027,0.024,863,844,700,449,111,127,0,0,0,7.9,8,0,0,0,0,0,50,0,103.0,25.7
42.808,119,-0.4,1444,0,0.042,100,0.083,80,0.075,0.067,868,871,700,451,126,127,0,0,0,8,8,0,0,0,0,0,50,0,-81.0,-20.3
42.922,120,-8.5,1411,0,0.012,100,0.025,80,0.022,0.02,916,848,700,444,105,129,0,0,0,7.9,8,0,0,0,0,0,50,0,-33.0,-8.1
43.037,121,0.7,1448,0,0.007,100,0.015,80,0.013,0.012,896,913,700,458,126,121,0,0,0,7.7,8,0,0,0,0,0,50,0,37.0,9.2
43.152,122,5.8,1468,0,-0.001,100,-0.001,80,-0.001,-0.001,890,865,700,459,128,122,0,0,0,7.8,8,0,0,0,0,0,50,0,20.0,5.1
43.267,123,4,1461,0,0.044,100,0.088,80,0.079,0.07,863,848,700,447,109,119,0,0,0,7.7,8,0,0,0,0,0,50,0,-7.0,-1.8
43.382,124,3.1,1457,0,-0.051,100,-0.102,80,-0.092,-0.082,851,866,700,442,132,111,0,0,0,7.8,8,0,0,0,0,0,50,0,-4.0,-0.9
43.496,125,-14.7,1386,0,-0.027,100,-0.054,80,-0.049,-0.043,850,875,700,451,108,111,0,0,0,8.1,8,0,0,0,0,0,50,0,-71.0,-17.8
43.611,126,-10.7,1402,0,-0.004,100,-0.009,80,-0.008,-0.007,806,853,700,448,124,108,0,0,0,8.2,8,0,0,0,0,0,50,0,16.0,4.0
43.726,127,-17.4,1375,0,-0.016,100,-0.032,80,-0.029,-0.025,879,876,700,459,116,133,0,0,0,8.1,8,0,0,0,0,0,50,0,-27.0,-6.7
43.841,128,5.8,1468,0,-0.011,100,-0.023,80,-0.02,-0.018,870,831,700,438,122,117,0,0,0,7.8,8,0,0,0,0,0,50,0,93.0,23.2
43.955,129,-0.9,1441,0,-0.01,100,-0.02,80,-0.018,-0.016,886,839,700,459,134,121,0,0,0,7.7,8,0,0,0,0,0,50,0,-27.0,-6.7
44.070,130,-20.9,1361,0,-0.015,100,-0.03,80,-0.027,-0.024,865,850,700,439,126,111,0,0,0,8.1,8,0,0,0,0,0,50,0,-80.0,-20.0
44.185,131,15.9,1509,0,-0.002,100,-0.004,80,-0.003,-0.003,876,834,700,441,113,107,0,0,0,7.7,8,0,0,0,0,0,50,0,148.0,36.8
44.300,132,14.4,1503,0,0.033,100,0.067,80,0.06,0.054,857,824,700,444,134,121,0,0,0,7.8,8,0,0,0,0,0,50,0,-6.0,-1.5
44.414,133,5.9,1468,0,-0.01,100,-0.02,80,-0.018,-0.016,800,831,700,452,120,109,0,0,0,7.5,8,0,0,0,0,0,50,0,-35.0,-8.5
44.529,134,-4.7,1426,0,0.039,100,0.078,80,0.07,0.063,826,827,700,444,115,123,0,0,0,7.5,8,0,0,0,0,0,50,0,-42.0,-10.6
44.644,135,20.8,1528,0,-0.044,100,-0.089,80,-0.08,-0.071,850,851,700,448,116,128,0,0,0,7.6,8,0,0,0,0,0,50,0,102.0,25.5
44.759,136,-5.6,1423,0,-0.003,100,-0.006,80,-0.006,-0.005,850,853,700,457,119,119,0,0,0,7.6,8,0,0,0,0,0,50,0,-105.0,-26.4
44.873,137,-0.6,1443,0,-0.025,100,-0.05,80,-0.045,-0.04,240,824,700,444,109,120,0,0,0,7.7,8,0,0,0,0,0,50,0,20.0,5.0
44.988,138,6.3,1470,0,-0.044,100,-0.088,80,-0.079,-0.07,892,851,700,458,120,111,0,0,0,7.7,8,0,0,0,0,0,50,0,27.0,6.9
45.103,139,26.3,1550,0,-0.027,100,-0.054,80,-0.048,-0.043,848,871,700,449,123,142,0,0,0,7.5,8,0,0,0,0,0,50,0,80.0,20.0
45.218,140,-10.7,1402,0,-0.001,100,-0.002,80,-0.002,-0.002,866,852,700,453,121,122,0,0,0,7.3,8,0,0,0,0,0,50,0,-148.0,-37.0
45.333,141,13.6,1499,0,0.025,100,0.051,80,0.046,0.041,860,858,700,448,122,113,0,0,0,7.1,8,0,0,0,0,0,50,0,97.0,24.3
45.447,142,1.2,1450,0,-0.021,100,-0.041,80,-0.037,-0.033,888,904,700,453,117,130,0,0,0,7.1,8,0,0,0,0,0,50,0,-49.0,-12.4
45.562,143,5.2,1466,0,0.002,100,0.004,80,0.003,0.003,844,853,700,455,112,123,0,0,0,7,8,0,0,0,0,0,50,0,16.0,4.0
45.677,144,1.6,1451,0,0.027,100,0.055,80,0.049,0.044,850,876,700,454,117,119,0,0,0,6.9,8,0,0,0,0,0,50,0,-15.0,-3.6
45.792,145,0.9,1448,0,0.023,100,0.047,80,0.042,0.037,800,858,700,459,100,107,0,0,0,6.7,8,0,0,0,0,0,50,0,-3.0,-0.7
45.906,146,-20.1,1365,0,0.041,100,0.082,80,0.074,0.066,818,853,700,435,116,124,0,0,0,6.8,8,0,0,0,0,0,50,0,-83.0,-21.0
46.021,147,-74,1170,1,-0.026,100,-0.051,80,-0.046,-0.041,841,850,700,465,123,119,0,0,0,7.1,8,0,0,0,0,0,0,0,-195.0,-53.9
46.136,148,-83.4,1170,1,-0.029,100,-0.058,80,-0.052,-0.047,887,822,700,446,139,94,0,0,0,7.2,8,0,0,0,0,0,0,1,0.0,-9.4
46.251,149,-77.8,1170,1,-0.033,100,-0.065,80,-0.059,-0.052,822,834,700,442,104,127,0,0,0,7.7,8,0,0,0,0,0,0,1,0.0,5.6
46.365,150,-88,1170,1,-0.036,100,-0.072,80,-0.065,-0.058,795,886,700,449,116,113,0,0,0,8,8,0,0,0,0,0,0,1,0.0,-10.2
46.480,151,-77.4,1170,1,-0.039,100,-0.079,80,-0.071,-0.063,797,827,700,439,120,116,0,0,0,7.9,8,0,0,0,0,0,0,1,0.0,10.6
46.595,152,-94.1,1170,1,-0.043,100,-0.086,80,-0.077,-0.069,842,839,700,447,118,131,0,0,0,7.7,8,0,0,0,0,0,0,1,0.0,-16.7
46.710,153,-93.2,1170,1,-0.046,100,-0.093,80,-0.083,-0.074,863,860,700,464,133,117,0,0,0,7.9,8,0,0,0,0,0,0,1,0.0,0.9
46.825,154,-118.9,1170,1,-0.05,100,-0.099,80,-0.09,-0.08,863,848,700,452,127,126,0,0,0,7.5,8,0,0,0,0,0,0,1,0.0,-25.7
46.939,155,-108.9,1170,1,-0.053,100,-0.106,80,-0.096,-0.085,837,860,700,445,99,108,0,0,0,7.3,8,0,0,0,0,0,0,1,0.0,10.0
47.054,156,-114.6,1170,1,-0.057,100,-0.113,80,-0.102,-0.091,852,873,700,452,116,124,0,0,0,7.3,8,0,0,0,0,0,0,1,0.0,-5.7
47.169,157,-125.1,1170,1,-0.06,100,-0.12,80,-0.108,-0.096,850,851,700,463,116,114,0,0,0,7.6,8,0,0,0,0,0,0,1,0.0,-10.5
47.284,158,-125.5,1170,1,-0.064,100,-0.127,80,-0.114,-0.102,839,796,700,444,116,108,0,0,0,7.8,8,0,0,0,0,0,0,1,0.0,-0.4
47.398,159,-132.5,1170,1,-0.067,100,-0.134,80,-0.121,-0.107,842,899,700,448,108,117,0,0,0,8,8,0,0,0,0,0,0,1,0.0,-7.0
47.513,160,-129.5,1170,1,-0.07,100,-0.141,80,-0.127,-0.113,859,881,700,442,103,128,0,0,0,7.6,8,0,0,0,0,0,0,1,0.0,3.0
47.628,161,-142.6,1170,1,-0.074,100,-0.148,80,-0.133,-0.118,828,821,700,443,121,124,0,0,0,7.7,8,0,0,0,0,0,0,1,0.0,-13.1
47.743,162,-147.1,1170,1,-0.077,100,-0.155,80,-0.139,-0.124,797,844,700,446,113,125,0,0,0,7.6,8,0,0,0,0,0,0,1,0.0,-4.5
47.857,163,-152.3,1170,1,-0.081,100,-0.161,80,-0.145,-0.129,826,834,700,439,116,130,0,0,0,7.4,8,0,0,0,0,0,0,1,0.0,-5.2
47.972,164,-169.9,1170,1,-0.084,100,-0.168,80,-0.151,-0.135,847,842,700,461,123,125,0,0,0,7.4,8,0,0,0,0,0,0,1,0.0,-17.6
48.087,165,-500,1170,3,-0.077,100,-0.154,80,-0.139,-0.123,310,853,700,453,121,110,60,12,0,7.6,8,0,0,0,0,0,0,1,0.0,-330.1
48.202,166,-500,1170,3,-0.08,100,-0.16,80,-0.144,-0.128,297,797,700,447,108,117,60,12,0,8.3,8,0,0,0,0,0,0,3,0.0,0.0
48.316,167,-500,1170,3,-0.083,100,-0.166,80,-0.149,-0.133,294,852,700,450,114,113,60,12,0,9,8,0,0,0,0,0,0,3,0.0,0.0
48.431,168,-500,1170,3,-0.086,100,-0.172,80,-0.154,-0.137,279,854,700,447,117,103,60,12,0,9,8,0,0,0,0,0,0,3,0.0,0.0
48.546,169,-500,1170,3,-0.089,100,-0.177,80,-0.16,-0.142,301,814,700,441,113,109,60,12,0,8.9,8,0,0,0,0,0,0,3,0.0,0.0
48.661,170,-500,1170,3,-0.092,100,-0.183,80,-0.165,-0.146,294,808,700,444,121,109,60,12,0,8.9,8,0,0,0,0,0,0,3,0.0,0.0
48.776,171,-500,1170,3,-0.094,100,-0.189,80,-0.17,-0.151,283,817,700,448,117,121,60,12,0,9.1,8,0,0,0,0,0,0,3,0.0,0.0
48.890,172,-500,1170,3,-0.097,100,-0.195,80,-0.175,-0.156,290,862,700,444,129,129,60,12,0,9,8,0,0,0,0,0,0,3,0.0,0.0
49.005,173,-500,1170,3,-0.1,100,-0.2,80,-0.18,-0.16,313,782,700,450,117,104,60,12,0,8.8,8,0,0,0,0,0,0,3,0.0,0.0
49.120,174,-500,1170,3,-0.103,100,-0.206,80,-0.185,-0.165,286,834,700,442,140,118,60,12,0,9.1,8,0,0,0,0,0,0,3,0.0,0.0
49.235,175,-500,1170,3,-0.106,100,-0.212,80,-0.191,-0.169,323,814,700,461,116,102,60,12,0,8.8,8,0,0,0,0,0,0,3,0.0,0.0
49.349,176,-500,1170,3,-0.109,100,-0.217,80,-0.196,-0.174,310,893,700,445,117,109,60,12,0,8.6,8,0,0,0,0,0,0,3,0.0,0.0
49.464,177,-500,1170,3,-0.112,100,-0.223,80,-0.201,-0.179,338,849,700,446,125,105,60,12,0,8.7,8,0,0,0,0,0,0,3,0.0,0.0
49.579,178,-500,1170,3,-0.114,100,-0.229,80,-0.206,-0.183,282,865,700,457,124,121,60,12,0,8.6,8,0,0,0,0,0,0,3,0.0,0.0
49.694,179,-500,1170,3,-0.117,100,-0.235,80,-0.211,-0.188,288,873,700,459,110,128,60,12,0,8.2,8,0,0,0,0,0,0,3,0.0,0.0
49.808,180,-500,1170,3,-0.12,100,-0.24,80,-0.216,-0.192,312,867,700,444,126,133,60,12,0,8,8,0,0,0,0,0,0,3,0.0,0.0
49.923,181,-500,1170,3,-0.123,100,-0.246,80,-0.222,-0.197,315,855,700,449,109,127,60,12,0,8,8,0,0,0,0,0,0,3,0.0,0.0
50.038,182,-500,1170,3,-0.126,100,-0.252,80,-0.227,-0.202,285,877,700,437,115,129,60,12,0,8.2,8,0,0,0,0,0,0,3,0.0,0.0
50.153,183,-500,1170,3,-0.129,100,-0.258,80,-0.232,-0.206,305,792,700,441,125,110,60,12,0,8.3,8,0,0,0,0,0,0,3,0.0,0.0
50.267,184,-500,1170,3,-0.132,100,-0.263,80,-0.237,-0.211,277,907,700,457,100,100,60,12,0,8.4,8,0,0,0,0,0,0,3,0.0,0.0
50.382,185,-500,1170,3,-0.135,100,-0.269,80,-0.242,-0.215,294,878,700,428,122,108,60,12,0,8.1,8,0,0,0,0,0,0,3,0.0,0.0
50.497,186,-500,1170,3,-0.137,100,-0.275,80,-0.247,-0.22,316,893,700,440,115,112,60,12,0,8.3,8,0,0,0,0,0,0,3,0.0,0.0
50.612,187,-500,1170,3,-0.14,100,-0.281,80,-0.253,-0.224,305,856,700,460,121,90,60,12,0,8.1,8,0,0,0,0,0,0,3,0.0,0.0
50.727,188,-500,1170,3,-0.143,100,-0.286,80,-0.258,-0.229,296,842,700,455,115,111,60,12,0,7.9,8,0,0,0,0,0,0,3,0.0,0.0
50.841,189,-500,1170,3,-0.146,100,-0.292,80,-0.263,-0.234,309,808,700,452,123,130,60,12,0,7.8,8,0,0,0,0,0,0,3,0.0,0.0
50.956,190,-500,1170,3,-0.149,100,-0.298,80,-0.268,-0.238,325,818,700,461,116,97,60,12,0,7.9,8,0,0,0,0,0,0,3,0.0,0.0
51.071,191,-350,1170,8,-0.25,100,-0.5,80,-0.45,-0.4,278,851,700,437,130,112,60,12,0,8.1,8,1,0,0,0,0,0,3,0.0,150.0
51.186,192,-350,1170,8,-0.25,100,-0.5,80,-0.45,-0.4,248,842,700,454,119,105,60,12,0,8.1,8,1,0,0,0,0,0,8,0.0,0.0
51.300,193,-350,1170,8,-0.25,100,-0.5,80,-0.45,-0.4,282,870,700,451,125,112,60,12,0,7.9,8,1,0,0,0,0,0,8,0.0,0.0
51.415,194,-350,1170,8,-0.25,100,-0.5,80,-0.45,-0.4,265,872,700,436,119,129,60,12,0,7.9,8,1,0,0,0,0,0,8,0.0,0.0
51.530,195,-350,1170,8,-0.25,100,-0.5,80,-0.45,-0.4,263,851,700,454,112,127,60,12,0,7.9,8,1,0,0,0,0,0,8,0.0,0.0
51.645,196,-350,1170,8,-0.25,100,-0.5,80,-0.45,-0.4,254,808,700,448,122,129,60,12,0,8.2,8,1,0,0,0,0,0,8,0.0,0.0
51.759,197,-350,1170,8,-0.25,100,-0.5,80,-0.45,-0.4,270,860,700,438,112,116,60,12,0,8.3,8,1,0,0,0,0,0,8,0.0,0.0
51.874,198,-350,1170,8,-0.25,100,-0.5,80,-0.45,-0.4,287,874,700,460,115,114,60,12,0,8.4,8,1,0,0,0,0,0,8,0.0,0.0
51.989,199,-350,1170,8,-0.25,100,-0.5,80,-0.45,-0.4,268,891,700,453,138,118,60,12,0,8.1,8,1,0,0,0,0,0,8,0.0,0.0
52.104,200,-350,1170,8,-0.25,100,-0.5,80,-0.45,-0.4,268,833,700,440,136,107,60,12,0,8.6,8,1,0,0,0,0,0,8,0.0,0.0
52.219,201,-350,1170,8,-0.25,100,-0.5,80,-0.45,-0.4,250,857,700,441,145,115,60,12,0,8.6,8,1,0,0,0,0,0,8,0.0,0.0
52.333,202,-350,1170,8,-0.25,100,-0.5,80,-0.45,-0.4,282,818,700,454,113,112,60,12,0,8.4,8,1,0,0,0,0,0,8,0.0,0.0
52.448,203,-350,1170,8,-0.25,100,-0.5,80,-0.45,-0.4,256,860,700,457,111,126,60,12,0,8.2,8,1,0,0,0,0,0,8,0.0,0.0
52.563,204,-420,1170,0,0.037,100,0.075,80,0.067,0.06,883,838,700,443,122,129,0,0,0,8.2,8,0,2,0,0,0,50,8,0.0,-70.0
52.678,205,-420,1170,0,0.023,100,0.046,80,0.041,0.037,817,829,700,466,120,120,0,0,0,7.7,8,0,2,0,0,0,50,0,0.0,0.0
52.792,206,-420,1170,0,0.027,100,0.053,80,0.048,0.043,797,851,700,446,120,124,0,0,0,8.3,8,0,2,0,0,0,50,0,0.0,0.0
52.907,207,-420,1170,0,0.001,100,0.001,80,0.001,0.001,874,855,700,447,123,118,0,0,0,8.3,8,0,2,0,0,0,50,0,0.0,0.0
53.022,208,-420,1170,0,0.018,100,0.036,80,0.033,0.029,844,789,700,456,110,98,0,0,0,8.5,8,0,2,0,0,0,50,0,0.0,0.0
53.137,209,-420,1170,0,0.023,100,0.046,80,0.042,0.037,823,839,700,459,119,116,0,0,0,8.4,8,0,2,0,0,0,50,0,0.0,0.0
53.251,210,-420,1170,0,0.041,100,0.082,80,0.073,0.065,877,848,700,443,125,110,0,0,0,8,8,0,1,0,0,0,50,0,0.0,0.0
53.366,211,-420,1170,0,0.009,100,0.018,80,0.016,0.014,857,866,700,443,116,141,0,0,0,8.2,8,0,1,0,0,0,50,0,0.0,0.0
53.481,212,-420,1170,0,-0.012,100,-0.024,80,-0.021,-0.019,877,846,700,439,125,128,0,0,0,7.9,8,0,1,0,0,0,50,0,0.0,0.0
53.596,213,-420,1170,0,0.001,100,0.003,80,0.002,0.002,876,824,700,444,121,125,0,0,0,8,8,0,1,0,0,0,50,0,0.0,0.0
53.710,214,-420,1170,0,-0.025,100,-0.049,80,-0.045,-0.04,882,838,700,448,105,118,0,0,0,7.7,8,0,1,0,0,0,50,0,0.0,0.0
53.825,215,-420,1170,0,-0.005,100,-0.01,80,-0.009,-0.008,863,842,700,438,120,109,0,0,0,7.8,8,0,1,0,0,0,50,0,0.0,0.0
53.940,216,-420,1170,0,-0.002,100,-0.005,80,-0.004,-0.004,855,809,700,447,124,121,0,0,0,7.4,8,0,1,0,0,0,50,0,0.0,0.0
54.055,217,64.2,1702,2,0.027,100,0.053,80,0.048,0.043,862,850,700,446,122,120,0,0,0,7.3,8,0,0,0,0,0,0,0,532.0,484.2
54.170,218,80,1720,2,0.03,100,0.06,80,0.054,0.048,866,855,700,445,109,122,0,0,0,7.5,8,0,0,0,0,0,0,2,18.0,15.8
54.284,219,76.7,1720,2,0.034,100,0.067,80,0.06,0.054,840,907,700,452,108,119,0,0,0,7.5,8,0,0,0,0,0,0,2,0.0,-3.3
54.399,220,88.9,1720,2,0.037,100,0.074,80,0.067,0.059,866,865,700,448,115,119,0,0,0,7.8,8,0,0,0,0,0,0,2,0.0,12.2
54.514,221,102.7,1720,2,0.04,100,0.081,80,0.073,0.065,867,799,700,460,116,109,0,0,0,8.4,8,0,0,0,0,0,0,2,0.0,13.8
54.629,222,300,1720,3,0.044,100,0.088,80,0.079,0.07,868,837,700,433,122,111,60,12,0,8.7,8,0,0,0,0,0,0,2,0.0,197.3
54.743,223,300,1720,3,0.047,100,0.095,80,0.085,0.076,845,876,700,466,125,123,60,12,0,8.9,8,0,0,0,0,0,0,3,0.0,0.0
54.858,224,300,1720,3,0.051,100,0.101,80,0.091,0.081,863,860,700,455,124,133,60,12,0,9.4,8,0,0,0,0,0,0,3,0.0,0.0
54.973,225,300,1720,3,0.054,100,0.108,80,0.098,0.087,841,834,700,463,135,125,60,12,0,9.1,8,0,0,0,0,0,0,3,0.0,0.0
55.088,226,121.7,1720,2,0.058,100,0.115,80,0.104,0.092,870,823,700,451,135,130,0,0,0,9.1,8,0,0,0,0,0,0,3,0.0,-178.3
55.202,227,117.2,1720,2,0.061,100,0.122,80,0.11,0.098,829,864,700,453,129,116,0,0,0,9.2,8,0,0,0,0,0,0,2,0.0,-4.5
55.317,228,132.7,1720,2,0.065,100,0.129,80,0.116,0.103,846,884,700,464,123,132,0,0,0,9.2,8,0,0,0,0,0,0,2,0.0,15.5
55.432,229,134.5,1720,2,0.068,100,0.136,80,0.122,0.109,844,847,700,463,101,118,0,0,0,9.1,8,0,0,0,0,0,0,2,0.0,1.8
55.547,230,500,1720,4,0.076,100,0.152,80,0.137,0.122,839,314,700,458,116,118,60,0,14,9.1,8,0,0,0,0,0,0,2,0.0,365.5
55.661,231,500,1720,4,0.079,100,0.158,80,0.142,0.126,871,337,700,435,106,113,60,0,14,8.4,8,0,0,0,0,0,0,4,0.0,0.0
55.776,232,500,1720,4,0.082,100,0.164,80,0.147,0.131,848,313,700,440,141,94,60,0,14,8,8,0,0,0,0,0,0,4,0.0,0.0
55.891,233,500,1720,4,0.085,100,0.17,80,0.153,0.136,862,320,700,459,111,125,60,0,14,8.2,8,0,0,0,0,0,0,4,0.0,0.0
56.006,234,500,1720,4,0.088,100,0.175,80,0.158,0.14,885,298,700,464,126,120,60,0,14,8.3,8,0,0,0,0,0,0,4,0.0,0.0
56.121,235,500,1720,4,0.091,100,0.181,80,0.163,0.145,873,321,700,462,110,112,60,0,14,8.3,8,0,0,0,0,0,0,4,0.0,0.0
56.235,236,500,1720,4,0.093,100,0.187,80,0.168,0.149,839,304,700,458,118,124,60,0,14,8.1,8,0,0,0,0,0,0,4,0.0,0.0
56.350,237,500,1720,4,0.096,100,0.193,80,0.173,0.154,811,323,700,433,103,96,60,0,14,8.4,8,0,0,0,0,0,0,4,0.0,0.0
56.465,238,500,1720,4,0.099,100,0.198,80,0.178,0.159,864,322,700,447,123,119,60,0,14,8.5,8,0,0,0,0,0,0,4,0.0,0.0
56.580,239,500,1720,4,0.102,100,0.204,80,0.184,0.163,884,318,700,446,131,115,60,0,14,8.3,8,0,0,0,0,0,0,4,0.0,0.0
56.694,240,500,1720,4,0.105,100,0.21,80,0.189,0.168,836,293,700,455,100,126,60,0,14,8.4,8,0,0,0,0,0,0,4,0.0,0.0
56.809,241,500,1720,4,0.108,100,0.215,80,0.194,0.172,868,302,700,441,128,104,60,0,14,8,8,0,0,0,0,0,0,4,0.0,0.0
56.924,242,500,1720,4,0.111,100,0.221,80,0.199,0.177,855,333,700,439,114,118,60,0,14,7.8,8,0,0,0,0,0,0,4,0.0,0.0
57.039,243,500,1720,4,0.113,100,0.227,80,0.204,0.182,895,321,700,444,111,106,60,0,14,8.2,8,0,0,0,0,0,0,4,0.0,0.0
57.153,244,500,1720,4,0.116,100,0.233,80,0.209,0.186,846,339,700,438,119,118,60,0,14,8.4,8,0,0,0,0,0,0,4,0.0,0.0
57.268,245,500,1720,4,0.119,100,0.238,80,0.215,0.191,833,293,700,445,124,107,60,0,14,8.3,8,0,0,0,0,0,0,4,0.0,0.0
57.383,246,500,1720,4,0.122,100,0.244,80,0.22,0.195,823,313,700,440,120,100,60,0,14,8.4,8,0,0,0,0,0,0,4,0.0,0.0
57.498,247,500,1720,4,0.125,100,0.25,80,0.225,0.2,864,317,700,451,124,125,60,0,14,8.5,8,0,0,0,0,0,0,4,0.0,0.0
57.613,248,350,1720,9,0.25,100,0.5,80,0.45,0.4,857,274,700,456,115,104,60,0,14,8.7,8,1,0,0,0,0,0,4,0.0,-150.0
57.727,249,350,1720,9,0.25,100,0.5,80,0.45,0.4,876,267,700,445,117,134,60,0,14,8.8,8,1,0,0,0,0,0,9,0.0,0.0
57.842,250,350,1720,9,0.25,100,0.5,80,0.45,0.4,856,276,700,451,114,117,60,0,14,8.7,8,1,0,0,0,0,0,9,0.0,0.0
57.957,251,350,1720,9,0.25,100,0.5,80,0.45,0.4,884,250,700,436,111,123,60,0,14,8.3,8,1,0,0,0,0,0,9,0.0,0.0
58.072,252,350,1720,9,0.25,100,0.5,80,0.45,0.4,855,252,700,442,133,104,60,0,14,7.9,8,1,0,0,0,0,0,9,0.0,0.0
58.186,253,350,1720,9,0.25,100,0.5,80,0.45,0.4,844,262,700,454,119,127,60,0,14,7.9,8,1,0,0,0,0,0,9,0.0,0.0
58.301,254,350,1720,9,0.25,100,0.5,80,0.45,0.4,857,274,700,452,121,108,60,0,14,7.6,8,1,0,0,0,0,0,9,0.0,0.0
58.416,255,350,1720,9,0.25,100,0.5,80,0.45,0.4,827,246,700,437,109,116,60,0,14,7.5,8,1,0,0,0,0,0,9,0.0,0.0
58.531,0,350,1720,9,0.25,100,0.5,80,0.45,0.4,869,276,700,458,114,111,60,0,14,7.4,8,1,0,0,0,0,0,9,0.0,0.0
58.645,1,350,1720,9,0.25,100,0.5,80,0.45,0.4,854,280,700,448,107,118,60,0,14,7.1,8,1,0,0,0,0,0,9,0.0,0.0
58.760,2,350,1720,9,0.25,100,0.5,80,0.45,0.4,862,269,700,449,124,120,60,0,14,7,8,1,0,0,0,0,0,9,0.0,0.0
58.875,3,350,1720,9,0.25,100,0.5,80,0.45,0.4,861,283,700,453,112,119,60,0,14,6.8,8,1,0,0,0,0,0,9,0.0,0.0
58.990,4,350,1720,9,0.25,100,0.5,80,0.45,0.4,834,255,700,453,118,101,60,0,14,6.6,8,1,0,0,0,0,0,9,0.0,0.0
59.104,5,-10.9,1401,0,-0.001,100,-0.002,80,-0.002,-0.002,887,875,700,435,118,122,0,0,0,7,8,0,0,0,0,0,50,9,-319.0,-360.9
59.219,6,4,1461,0,0.009,100,0.018,80,0.016,0.014,843,892,700,448,109,137,0,0,0,7.5,8,0,0,0,0,0,50,0,60.0,14.9
59.334,7,-7.3,1416,0,0.028,100,0.057,80,0.051,0.046,896,825,700,446,124,120,0,0,0,7.6,8,0,0,0,0,0,50,0,-45.0,-11.3
59.449,8,22.6,1536,0,0.013,100,0.027,80,0.024,0.021,848,877,700,446,141,109,0,0,0,7.6,8,0,0,0,0,0,50,0,120.0,29.9
59.564,9,-6.6,1419,0,0,100,-0.001,80,-0.001,-0.001,822,796,700,443,114,113,0,0,0,7.9,8,0,0,0,0,0,50,0,-117.0,-29.2
59.678,10,-12.5,1395,0,-0.028,100,-0.057,80,-0.051,-0.045,853,908,700,455,104,117,0,0,0,8.1,8,0,0,0,0,0,50,0,-24.0,-5.9
59.793,11,-14.9,1385,0,0.018,100,0.036,80,0.032,0.029,843,849,700,444,104,123,0,0,0,8,8,0,0,0,0,0,50,0,-10.0,-2.4
